2021-06-02 23:48:33.0;9.114058516868223E-4;0.0;1;100
2021-06-02 23:48:36.0;9.082073509063053E-4;0.0;1;100
2021-06-02 23:48:39.0;9.082073509063053E-4;0.0;1;100
2021-06-02 23:48:42.0;9.082073509063053E-4;0.0;1;100
2021-06-02 23:48:45.0;4.96808888864406E-4;0.0;1;100
2021-06-02 23:48:48.0;6.1725471199359E-4;0.0;1;100
2021-06-02 23:48:51.0;5.569313619507382E-4;0.0;1;100
2021-06-02 23:48:54.0;4.964071349513667E-4;0.0;1;100
2021-06-02 23:48:57.0;9.229185588855179E-4;0.0;1;100
2021-06-02 23:49:00.0;9.229185588855179E-4;0.0;1;100
2021-06-02 23:49:03.0;9.364322331974342E-4;0.0;1;100
2021-06-02 23:49:06.0;0.0010933960551736894;0.0;1;100
2021-06-02 23:49:09.0;0.0010933960551736894;0.4666666666666667;1;100.0
2021-06-02 23:49:12.0;0.0010933960551736894;0.4666666666666667;1;100.0
2021-06-02 23:49:15.0;0.0012670213443313671;0.4666666666666667;1;100.0
2021-06-02 23:49:18.0;9.948792375839269E-4;0.4666666666666667;1;100.0
2021-06-02 23:49:21.0;9.10101431633221E-4;0.4666666666666667;1;100.0
2021-06-02 23:49:24.0;8.250702214136495E-4;2.6;1;100.0
2021-06-02 23:49:27.0;0.03478500473314859;2.6;1;100.0
2021-06-02 23:49:30.0;0.0638349108178295;2.6;1;100.0
2021-06-02 23:49:33.0;0.0638349108178295;2.6;1;100.0
2021-06-02 23:49:36.0;0.0638349108178295;2.6;1;100.0
2021-06-02 23:49:39.0;0.04762155274688767;5.2;1;100.0
2021-06-02 23:49:42.0;0.04334603227566682;5.2;1;100.0
2021-06-02 23:49:45.0;0.12255700906509417;5.2;1;100.0
2021-06-02 23:49:48.0;0.1799914393734774;5.2;1;100.0
2021-06-02 23:49:51.0;0.1799914393734774;5.2;1;100.0
2021-06-02 23:49:54.0;0.1799914393734774;7.1333333333333355;1;100.0
2021-06-02 23:49:57.0;0.22276618866994893;7.133333333333334;1;100.0
2021-06-02 23:50:00.0;0.22276618866994893;7.133333333333334;1;100.0
2021-06-02 23:50:03.0;0.22276618866994893;7.133333333333334;1;100.0
2021-06-02 23:50:06.0;0.2240718854749186;7.133333333333334;1;100.0
2021-06-02 23:50:09.0;0.20980751064024167;9.133333333333333;1;100.0
2021-06-02 23:50:12.0;0.1910742532320864;9.133333333333335;1;100.0
2021-06-02 23:50:15.0;0.35830045317222037;9.133333333333333;1;100.0
2021-06-02 23:50:18.0;0.35830045317222037;9.133333333333333;1;100.0
2021-06-02 23:50:21.0;0.35830045317222037;9.133333333333333;1;100.0
2021-06-02 23:50:24.0;0.4133925541561716;11.133333333333335;1;100.0
2021-06-02 23:50:27.0;0.4615786342188551;11.133333333333333;1;100.0
2021-06-02 23:50:30.0;0.4615786342188551;11.133333333333333;1;100.0
2021-06-02 23:50:33.0;0.4615786342188551;11.133333333333333;1;100.0
2021-06-02 23:50:36.0;0.47579366380343296;11.787693333333333;4;100.0
2021-06-02 23:50:39.0;0.5125668707430671;7.387042222222222;4;100.0
2021-06-02 23:50:42.0;0.4919762069898968;9.075324444444444;4;99.07780640105956
2021-06-02 23:50:45.0;0.48841973669456534;9.543702222222223;4;98.94011405063019
2021-06-02 23:50:48.0;0.2638983658702405;10.012235555555556;4;98.80674758401418
2021-06-02 23:50:51.0;0.26869029928446597;12.037224444444444;4;98.75017808635619
2021-06-02 23:50:54.0;0.2648236216218847;12.339400000000001;4;98.79549460749418
2021-06-02 23:50:57.0;0.29124729779010244;14.126688888888888;4;99.36128921101256
2021-06-02 23:51:00.0;0.2486181327971693;15.22118888888889;4;99.31936448978873
2021-06-02 23:51:03.0;0.24918435676115164;15.830686666666665;4;99.27941524695291
2021-06-02 23:51:06.0;0.27693587264626224;16.0;4;99.25419237957647
2021-06-02 23:51:09.0;0.25726637134562647;17.0;4;99.28338608016706
2021-06-02 23:51:12.0;0.26321882762321763;18.53333333333333;4;99.515944174177
2021-06-02 23:51:15.0;0.255060932501691;18.53333333333333;4;99.4970332320549
2021-06-02 23:51:18.0;0.2239828725442669;18.53333333333333;4;99.47894589017538
2021-06-02 23:51:21.0;0.20322101362703343;19.133333333333333;4;99.46949635330317
2021-06-02 23:51:24.0;0.22446999649735963;14.8;4;99.49314832690706
2021-06-02 23:51:27.0;0.2776107605646746;19.799999999999997;4;99.61401016817358
2021-06-02 23:51:30.0;0.2776107605646746;19.799999999999997;4;99.60375992833744
2021-06-02 23:51:33.0;0.2776107605646746;19.799999999999997;4;99.5889840758094
2021-06-02 23:51:36.0;0.29502738604925527;20.799999999999997;4;99.58738438587939
2021-06-02 23:51:39.0;0.2875176217737243;22.666666666666664;4;99.60655907522565
2021-06-02 23:51:42.0;0.25403332933608813;22.666666666666664;4;99.68198079824174
2021-06-02 23:51:45.0;0.28271606460094223;22.666666666666664;4;99.67579562863732
2021-06-02 23:51:48.0;0.29736850635215506;22.666666666666664;4;99.66981490798125
2021-06-02 23:51:51.0;0.2106351010986665;23.066666666666666;4;99.66892581791538
2021-06-02 23:51:54.0;0.1961672585167447;23.6;4;99.73735126287163
2021-06-02 23:51:57.0;0.330148431603354;23.6;4;99.73321395619813
2021-06-02 23:52:00.0;0.31103553934854294;23.6;4;99.72921492657323
2021-06-02 23:52:03.0;0.2514188786999912;23.6;4;99.72535113957872
2021-06-02 23:52:06.0;0.3648877840097749;24.933333333333337;4;99.7266788989332
2021-06-02 23:52:09.0;0.4016404222239992;25.200000000000003;4;99.77474262957844
2021-06-02 23:52:12.0;0.4016404222239992;25.200000000000003;4;99.77181330115461
2021-06-02 23:52:15.0;0.35219205945984156;25.200000000000003;4;99.76896577352254
2021-06-02 23:52:19.0;0.3453975794864409;25.200000000000003;4;99.76619939844863
2021-06-02 23:52:22.0;0.3404271280355561;26.800000000000004;4;99.7689789883145
2021-06-02 23:52:25.0;0.42347390835665405;26.866666666666667;4;99.80521765625345
2021-06-02 23:52:28.0;0.35727078334848694;26.866666666666667;4;99.80307525970878
2021-06-02 23:52:31.0;0.3343871482573485;26.866666666666667;4;99.80098966290988
2021-06-02 23:52:34.0;0.3535851317632563;26.866666666666667;4;99.7978468302156
2021-06-02 23:52:37.0;0.5304855139139928;27.200000000000003;3;99.79932855234813
2021-06-02 23:52:40.0;0.48151516554427287;25.46666666666667;3;99.82883573373398
2021-06-02 23:52:43.0;0.4240127956347868;25.46666666666667;3;99.82531775060487
2021-06-02 23:52:46.0;0.5308499047460865;25.46666666666667;3;99.82323726064125
2021-06-02 23:52:49.0;0.5615510847055661;25.46666666666667;3;99.821198004085
2021-06-02 23:52:52.0;0.5615510847055661;24.666666666666664;3;99.82099437802778
2021-06-02 23:52:55.0;0.5498198577641655;25.799999999999997;3;99.844864674337
2021-06-02 23:52:58.0;0.5383237386866394;25.800000000000004;3;99.84320060531341
2021-06-02 23:53:01.0;0.5383359334075764;25.800000000000004;3;99.84156887898838
2021-06-02 23:53:04.0;0.5371612577725614;25.800000000000004;3;99.83996012734391
2021-06-02 23:53:07.0;0.5569287365807051;25.333333333333336;3;99.81493692650427
2021-06-02 23:53:10.0;0.499457097731936;22.6;3;99.80962577424165
2021-06-02 23:53:13.0;0.47377982707633826;22.6;3;99.80784577760645
2021-06-02 23:53:16.0;0.6442499133031742;22.6;3;99.80609220337844
2021-06-02 23:53:19.0;0.6442499133031742;22.6;3;99.80436901778472
2021-06-02 23:53:22.0;0.6499816576765826;21.666666666666664;4;99.78271635433545
2021-06-02 23:53:25.0;0.6232818138496501;19.438433333333332;4;99.80006597410474
2021-06-02 23:53:28.0;0.5792794010532907;22.568713333333335;4;99.26385336593623
2021-06-02 23:53:31.0;0.6115529367040675;24.07591577115423;4;99.10523999226993
2021-06-02 23:53:34.0;0.5794613520696525;24.79954793758752;4;99.0046846991682
2021-06-02 23:53:37.0;0.43858486848945055;23.3215000293392;6;98.90861135801168
2021-06-02 23:53:40.0;0.390441071194226;23.58010987753106;6;98.85425340210624
2021-06-02 23:53:43.0;0.39358122997499073;23.59318204396435;6;99.23199966727718
2021-06-02 23:53:46.0;0.4427247579094344;26.853851111111112;6;99.2374688218663
2021-06-02 23:53:49.0;0.4286622580086113;27.979824444444446;6;99.19520502784233
2021-06-02 23:53:52.0;0.46251114936688176;30.17171777777778;6;99.15693518282087
2021-06-02 23:53:55.0;0.512612535981711;32.46666666666667;6;99.14658580966899
2021-06-02 23:53:58.0;0.47630009913632493;34.06666666666666;6;99.31742494778935
2021-06-02 23:54:01.0;0.4655050505644245;34.13333333333333;6;99.3322435359875
2021-06-02 23:54:04.0;0.4542525645201051;34.13333333333333;6;99.30875311639707
2021-06-02 23:54:07.0;0.5235650538262113;33.53333333333333;6;99.28686747465885
2021-06-02 23:54:10.0;0.49875185326903726;34.86666666666666;6;99.28567500025012
2021-06-02 23:54:13.0;0.43491223976892357;34.666666666666664;6;99.3901954307389
2021-06-02 23:54:16.0;0.5466810572882072;33.599999999999994;6;99.3979574836861
2021-06-02 23:54:19.0;0.555040527266305;33.6;6;99.38280954219735
2021-06-02 23:54:22.0;0.5593187088037925;32.66666666666667;6;99.36771235957892
2021-06-02 23:54:25.0;0.5787740149760415;31.533333333333335;6;99.37128791761242
2021-06-02 23:54:28.0;0.5527957789035999;31.733333333333334;6;99.44380528046901
2021-06-02 23:54:31.0;0.451544006468633;31.733333333333334;6;99.44860791743761
2021-06-02 23:54:34.0;0.4710623398266475;31.733333333333334;6;99.43695040958065
2021-06-02 23:54:37.0;0.5581995825027845;33.124586666666666;8;99.39836290091812
2021-06-02 23:54:40.0;0.5522548251639934;33.08575999999999;8;99.3971092459856
2021-06-02 23:54:43.0;0.5318005018557264;32.046506666666666;8;99.44480343345086
2021-06-02 23:54:46.0;0.5415680186575788;34.70272222222223;8;99.34017342858739
2021-06-02 23:54:49.0;0.5239427900875591;35.30139555555556;8;99.31098832869172
2021-06-02 23:54:52.0;0.515473590672741;37.632353333333334;8;99.31490604051464
2021-06-02 23:54:55.0;0.5005375641022788;38.912580000000005;8;99.30402205554564
2021-06-02 23:54:58.0;0.44775539373282885;41.59040689595414;8;99.32875710217536
2021-06-02 23:55:01.0;0.4606145205527516;43.306393562620805;8;99.41299715591151
2021-06-02 23:55:04.0;0.4368432704065772;43.53218689595413;8;99.39901575874966
2021-06-02 23:55:07.0;0.443780299824482;46.198853562620805;8;99.4032275525132
2021-06-02 23:55:10.0;0.41848308130152667;46.265520229287475;8;99.40176598816521
2021-06-02 23:55:13.0;0.3862086396442107;45.601120224044806;8;99.42735023354199
2021-06-02 23:55:16.0;0.4685193387214625;46.06778689071148;8;99.46711302243033
2021-06-02 23:55:19.0;0.457196643599116;46.067786890711474;8;99.4584381519444
2021-06-02 23:55:22.0;0.44926231448837134;44.40112022404481;8;99.45957879827803
2021-06-02 23:55:25.0;0.49535699135800776;47.33445355737815;8;99.46277239217872
2021-06-02 23:55:28.0;0.4652272003056661;46.53333333333334;8;99.49076851252092
2021-06-02 23:55:31.0;0.44150329943905975;45.800000000000004;8;99.5095839853289
2021-06-02 23:55:34.0;0.41100331438956383;45.800000000000004;8;99.50294031741004
2021-06-02 23:55:37.0;0.48358314826362575;45.93333333333334;8;99.50384922687635
2021-06-02 23:55:40.0;0.449295580393573;37.13333333333333;8;99.50624575507538
2021-06-02 23:55:43.0;0.42349060998252575;43.599999999999994;8;99.53054080288119
2021-06-02 23:55:46.0;0.5187611954277618;43.73333333333333;8;99.53334961891173
2021-06-02 23:55:49.0;0.5437100733151329;43.733333333333334;8;99.5285730528838
2021-06-02 23:55:52.0;0.5245412326981282;45.13333333333333;8;99.53015688578408
2021-06-02 23:55:55.0;0.5275840027520053;42.4;8;99.53413808548065
2021-06-02 23:55:58.0;0.5233321447817574;48.533333333333324;8;99.53648744759582
2021-06-02 23:56:01.0;0.5139361810680887;48.66666666666666;8;99.54759204112688
2021-06-02 23:56:04.0;0.4478721625630189;48.66666666666666;8;99.54381900781524
2021-06-02 23:56:07.0;0.47737227600083326;49.66666666666666;8;99.54531597318909
2021-06-02 23:56:11.0;0.4074689101370988;46.599999999999994;8;99.54784461512808
2021-06-02 23:56:14.0;0.3609031012427345;46.46666666666667;8;99.46929505940619
2021-06-02 23:56:17.0;0.5263960983105682;47.800000000000004;8;99.47856982996127
2021-06-02 23:56:20.0;0.525163610684025;47.800000000000004;8;99.47501871683666
2021-06-02 23:56:23.0;0.5081027044697514;46.06666666666667;8;99.47533084573676
2021-06-02 23:56:26.0;0.4844304636722024;46.6;8;99.47803865293488
2021-06-02 23:56:29.0;0.4794576360928762;46.0;8;99.50190800900013
2021-06-02 23:56:32.0;0.4716966217394732;44.93333333333332;8;99.47497082690231
2021-06-02 23:56:35.0;0.5176451278243818;44.93333333333334;8;99.4711490527336
2021-06-02 23:56:38.0;0.511531922046739;44.33333333333333;8;99.47066892143575
2021-06-02 23:56:41.0;0.5140730628522564;45.266666666666666;8;99.47352996902147
2021-06-02 23:56:44.0;0.4909549921480243;46.33333333333333;8;99.49533980651144
2021-06-02 23:56:47.0;0.5058091471683442;44.93333333333333;8;99.5035302918793
2021-06-02 23:56:50.0;0.4613951502556109;44.93333333333333;8;99.50071139795295
2021-06-02 23:56:53.0;0.437030862259216;47.46666666666666;8;99.50079048933787
2021-06-02 23:56:56.0;0.43939316503677806;48.666666666666664;8;99.50448934917807
2021-06-02 23:56:59.0;0.42832313951441775;49.333333333333336;8;99.52438383655772
2021-06-02 23:57:02.0;0.4033846644436212;51.800000000000004;8;99.5326129289643
2021-06-02 23:57:05.0;0.4647406942084466;51.800000000000004;8;99.5302881589042
2021-06-02 23:57:08.0;0.4460814855241237;53.53333333333333;8;99.53122386455733
2021-06-02 23:57:11.0;0.41257107100856755;52.33333333333333;8;99.53517319061173
2021-06-02 23:57:14.0;0.4129595782578476;51.0;8;99.55138951872965
2021-06-02 23:57:17.0;0.5055645669052012;50.0;8;99.55804110748805
2021-06-02 23:57:20.0;0.47253873989518536;50.0;8;99.55607597738103
2021-06-02 23:57:23.0;0.44824333242193737;48.93333333333334;8;99.55645381185465
2021-06-02 23:57:26.0;0.4871831732139401;48.800000000000004;8;99.57455023909962
2021-06-02 23:57:29.0;0.4882290305566982;49.66666666666667;8;99.57489931651828
2021-06-02 23:57:32.0;0.4770459162838224;49.66666666666667;8;99.58054514731225
2021-06-02 23:57:35.0;0.4862226828586069;49.66666666666667;8;99.57861157321175
2021-06-02 23:57:38.0;0.4633201915532735;49.46666666666667;8;99.57900700503994
2021-06-02 23:57:41.0;0.4669586620228806;49.33333333333333;8;99.59504857816758
2021-06-02 23:57:44.0;0.4399852594873013;48.599999999999994;8;99.59500033593297
2021-06-02 23:57:47.0;0.4469142183647647;48.599999999999994;8;99.60018215908221
2021-06-02 23:57:50.0;0.385294407159721;48.599999999999994;8;99.59872326984114
2021-06-02 23:57:53.0;0.3277720106490686;45.53333333333333;8;99.59825231211147
2021-06-02 23:57:56.0;0.4924332082225884;43.266666666666666;8;99.58120852416867
2021-06-02 23:57:59.0;0.5156512893465042;41.46666666666667;8;99.58086191742801
2021-06-02 23:58:02.0;0.478933799155376;41.46666666666667;8;99.58479839510186
2021-06-02 23:58:05.0;0.49495824913731074;41.46666666666667;8;99.58342050154549
2021-06-02 23:58:08.0;0.4898148505099746;42.266666666666666;8;99.58303966356038
2021-06-02 23:58:11.0;0.4773530596430504;41.86666666666667;8;99.59699661430666
2021-06-02 23:58:14.0;0.40457827645376665;40.93333333333334;8;99.59675232630738
2021-06-02 23:58:17.0;0.3964901935412246;40.93333333333334;8;99.60012735627393
2021-06-02 23:58:20.0;0.35422155647409237;40.93333333333334;8;99.59890040449778
2021-06-02 23:58:23.0;0.3323217891666582;36.86666666666667;8;99.59807649435388
2021-06-02 23:58:26.0;0.3903446390364214;35.93333333333334;8;99.61012403827539
2021-06-02 23:58:29.0;0.36836533565536694;36.86666666666666;8;99.61009149963841
2021-06-02 23:58:32.0;0.3223545415304334;36.86666666666667;8;99.61320326386868
2021-06-02 23:58:35.0;0.3216231749496189;36.86666666666667;8;99.61192655133031
2021-06-02 23:58:38.0;0.2797787220065195;36.333333333333336;8;99.61200892061781
2021-06-02 23:58:41.0;0.2769181019411504;32.53333333333334;8;99.62079698433682
2021-06-02 23:58:44.0;0.23807077231360046;29.333333333333336;8;99.62028663583246
2021-06-02 23:58:47.0;0.2507122322513577;29.333333333333336;8;99.62266572943614
2021-06-02 23:58:50.0;0.23942101916199265;29.333333333333336;8;99.62166342056672
2021-06-02 23:58:53.0;0.2260051645357441;26.26666666666667;8;99.62118400253117
2021-06-02 23:58:56.0;0.19715460786139258;25.933333333333334;8;99.62910840038018
2021-06-02 23:58:59.0;0.19078098797175902;22.866666666666667;8;99.62841726521539
2021-06-02 23:59:02.0;0.15117831463635903;22.866666666666667;8;99.62985515422868
2021-06-02 23:59:05.0;0.1430978876309716;22.866666666666667;8;99.62892784094282
2021-06-02 23:59:08.0;0.13571327558828927;19.666666666666668;8;99.6273766768336
2021-06-02 23:59:11.0;0.1378872201098942;16.533333333333335;8;99.63425844894866
2021-06-02 23:59:14.0;0.10799295793280071;15.000000000000002;8;99.63554448941827
2021-06-02 23:59:17.0;0.1128309726686528;15.0;8;99.63465914761555
2021-06-02 23:59:20.0;0.12655919424189854;15.0;6;99.63378742892513
2021-06-02 23:59:23.0;0.12073736858658922;12.733333333333334;6;99.63207156713077
2021-06-02 23:59:26.0;0.12183500709248064;10.066666666666666;6;99.63762679158238
2021-06-02 23:59:29.0;0.11219943395658942;8.733333333333334;6;99.63626855462866
2021-06-02 23:59:32.0;0.1005031307901994;8.733333333333334;6;99.63661942522954
2021-06-02 23:59:35.0;0.06992490278623072;8.733333333333334;6;99.63585990955362
2021-06-02 23:59:38.0;0.06791585459288023;6.666666666666667;6;99.63435258251961
2021-06-02 23:59:41.0;0.05945695997539609;2.7333333333333334;6;99.63884549096458
2021-06-02 23:59:44.0;0.049632644366851726;1.7999999999999998;6;99.6376502106207
2021-06-02 23:59:47.0;0.03225932332563794;1.7999999999999998;6;99.63704808826579
2021-06-02 23:59:50.0;0.02879841269411042;1.5333333333333332;6;99.63645339401339
2021-06-02 23:59:53.0;0.025075425652755796;0.33333333333333337;6;99.63457721773263
2021-06-02 23:59:56.0;0.019931373063897122;0.0;6;99.6388013526187
2021-06-02 23:59:59.0;0.016291406263828384;0.0;6;99.63822569046806
2021-06-03 00:00:02.0;0.01133536538760724;0.0;6;99.637215117373
2021-06-03 00:00:05.0;0.02243371466340887;0.0;1;99.63653597988336
2021-06-03 00:00:08.0;0.001014225962786163;0.0;1;99.6350192235825
2021-06-03 00:00:11.0;0.001014225962786163;0.0;1;99.63289954479137
2021-06-03 00:00:14.0;0.001014225962786163;0.0;1;99.63643111533284
2021-06-03 00:00:17.0;0.001014225962786163;0.0;1;99.63643111533284
2021-06-03 00:00:20.0;0.001014225962786163;0.0;1;99.63643111533284
2021-06-03 00:00:23.0;7.276169748801577E-4;0.0;1;99.63643111533284
2021-06-03 00:00:26.0;8.335909588919592E-4;0.0;1;99.63643111533284
2021-06-03 00:00:29.0;9.099674587202141E-4;0.0;1;99.63643111533284
2021-06-03 00:00:32.0;9.001606553248807E-4;0.0;1;99.63643111533284
2021-06-03 00:00:35.0;8.239615395373679E-4;0.0;1;99.63631601692711
2021-06-03 00:00:38.0;7.476864020181088E-4;0.0;1;99.63631601692711
2021-06-03 00:00:42.0;6.713605833443516E-4;0.0;1;99.63631601692711
2021-06-03 00:00:45.0;0.0011722384741422282;0.0;1;99.63631601692711
2021-06-03 00:00:48.0;0.0011963872758368917;0.0;1;99.63631601692711
2021-06-03 00:00:51.0;0.0011963872758368917;0.0;1;99.63631601692711
2021-06-03 00:00:54.0;0.0011963872758368917;0.0;1;99.63631601692711
2021-06-03 00:00:57.0;0.001178957392397293;0.0;1;99.63631601692711
2021-06-03 00:01:00.0;0.001178957392397293;0.0;1;99.63631601692711
2021-06-03 00:01:03.0;0.001159346631954902;0.0;1;99.63631601692711
2021-06-03 00:01:06.0;0.001159346631954902;0.0;1;99.63631601692711
2021-06-03 00:01:09.0;0.001159346631954902;0.0;1;99.63631601692711
2021-06-03 00:01:12.0;8.869645815917198E-4;0.0;1;99.63631601692711
2021-06-03 00:01:15.0;0.0011290113011309724;0.0;1;99.63631601692711
2021-06-03 00:01:18.0;0.0011290113011309724;0.0;1;99.63631601692711
2021-06-03 00:01:21.0;0.0010958035318671038;0.0;1;99.63631601692711
2021-06-03 00:01:24.0;0.0010958035318671038;0.0;1;99.63631601692711
2021-06-03 00:01:27.0;8.381070679563564E-4;0.0;1;99.63631601692711
2021-06-03 00:01:30.0;7.646638801316634E-4;0.0;1;99.63631601692711
2021-06-03 00:01:33.0;6.911476387381793E-4;0.0;1;99.63621760234565
2021-06-03 00:01:36.0;0.0010937195322571968;0.0;1;99.63621760234565
2021-06-03 00:01:39.0;0.001091852817786343;0.0;1;99.63621760234565
2021-06-03 00:01:42.0;0.001091852817786343;0.0;1;99.63621760234565
2021-06-03 00:01:45.0;0.007635606715783905;0.0;1;99.63621760234565
2021-06-03 00:01:48.0;0.007635606715783905;0.0;1;99.63621760234565
2021-06-03 00:01:51.0;0.007635606715783905;0.0;1;99.63621760234565
2021-06-03 00:01:54.0;0.014896929852171508;2.066666666666667;1;99.63678878487103
2021-06-03 00:01:57.0;0.04370518948702973;2.0666666666666664;1;99.63678878487103
2021-06-03 00:02:00.0;0.04370518948702973;2.066666666666667;1;99.63678878487103
2021-06-03 00:02:03.0;0.043705189487029734;2.066666666666667;1;99.63678878487103
2021-06-03 00:02:06.0;0.043705189487029734;2.066666666666667;1;99.63678878487103
2021-06-03 00:02:09.0;0.034535355119434376;4.533333333333334;1;99.63810157929662
2021-06-03 00:02:12.0;0.041654315555570066;4.533333333333334;1;99.63810157929662
2021-06-03 00:02:15.0;0.13068074028378213;4.533333333333333;1;99.63810157929662
2021-06-03 00:02:18.0;0.13068074028378213;4.533333333333333;1;99.63810157929662
2021-06-03 00:02:21.0;0.10518855787497967;4.533333333333333;1;99.63810157929662
2021-06-03 00:02:24.0;0.09645327639112153;6.733333333333333;1;99.64004341638807
2021-06-03 00:02:27.0;0.21117314223861888;6.733333333333333;1;99.64004341638807
2021-06-03 00:02:30.0;0.21117314223861888;6.733333333333333;1;99.64004341638807
2021-06-03 00:02:33.0;0.21117314223861888;6.733333333333333;1;99.63995549904293
2021-06-03 00:02:36.0;0.24935913771580923;6.733333333333333;1;99.63995549904293
2021-06-03 00:02:39.0;0.29269853831445447;8.866666666666669;1;99.64248522798178
2021-06-03 00:02:42.0;0.29269853831445447;8.866666666666667;1;99.64248522798178
2021-06-03 00:02:45.0;0.24359022799725155;8.866666666666667;1;99.64248522798178
2021-06-03 00:02:48.0;0.22395991269429547;8.866666666666667;1;99.64248522798178
2021-06-03 00:02:51.0;0.20443366798274012;8.866666666666667;1;99.64248522798178
2021-06-03 00:02:54.0;0.20954170755665236;11.066666666666666;1;99.64559783424409
2021-06-03 00:02:57.0;0.3739078706980758;11.066666666666668;1;99.64559783424409
2021-06-03 00:03:00.0;0.37390787069807574;11.066666666666666;1;99.64559783424409
2021-06-03 00:03:03.0;0.37390787069807574;11.066666666666666;1;99.64559783424409
2021-06-03 00:03:06.0;0.4374723006124726;11.066666666666666;1;99.64559783424409
2021-06-03 00:03:09.0;0.4374723006124726;13.0;1;99.6491888832249
2021-06-03 00:03:12.0;0.4374723006124726;13.0;1;99.6491888832249
2021-06-03 00:03:15.0;0.4374723006124726;13.0;1;99.6491888832249
2021-06-03 00:03:18.0;0.25632387111113025;13.0;1;99.6491888832249
2021-06-03 00:03:21.0;0.25632387111113025;13.0;1;99.6491888832249
2021-06-03 00:03:24.0;0.3037367960103555;13.6;1;99.65286942823549
2021-06-03 00:03:27.0;0.6093610802251944;13.6;1;99.65286942823549
2021-06-03 00:03:30.0;0.6093610802251944;13.6;1;99.65286942823549
2021-06-03 00:03:33.0;0.6093610802251944;13.6;1;99.6527848687605
2021-06-03 00:03:36.0;0.5665750075873811;13.6;4;99.6527848687605
2021-06-03 00:03:39.0;0.555048514005916;8.066666666666666;4;99.65502948055706
2021-06-03 00:03:42.0;0.5799440385472628;8.066666666666666;4;99.65502948055706
2021-06-03 00:03:45.0;0.5122581550353978;12.15279111111111;4;99.65705412583411
2021-06-03 00:03:48.0;0.4793665160246169;14.700742222222223;4;99.65831895173426
2021-06-03 00:03:51.0;0.4871913901282887;18.40425111111111;4;99.66011523881261
2021-06-03 00:03:54.0;0.2861276670827521;16.697157777777775;4;99.66217628798498
2021-06-03 00:03:57.0;0.4259320136946916;17.522077777777778;4;99.66286669581834
2021-06-03 00:04:00.0;0.4043820001764119;18.143444444444444;4;99.66346581660073
2021-06-03 00:04:03.0;0.3460129531829284;19.52714;4;99.66437512425564
2021-06-03 00:04:06.0;0.38415206391847806;20.633180000000003;4;99.66535446990525
2021-06-03 00:04:09.0;0.394683666603129;20.73333333333333;4;99.66729500818265
2021-06-03 00:04:12.0;0.3461586915025767;20.73333333333333;4;99.66800451616929
2021-06-03 00:04:15.0;0.34800986720822286;22.866666666666667;4;99.66895030946439
2021-06-03 00:04:18.0;0.32983091647174934;22.866666666666667;4;99.67012971336955
2021-06-03 00:04:21.0;0.3018011868314468;21.93333333333333;4;99.67075017643545
2021-06-03 00:04:24.0;0.26703456228369493;23.200000000000003;4;99.67308029326436
2021-06-03 00:04:27.0;0.3147141243510994;23.200000000000003;4;99.67380038793297
2021-06-03 00:04:30.0;0.2716105173565971;23.133333333333333;4;99.67445042985095
2021-06-03 00:04:33.0;0.267218658779415;23.133333333333333;4;99.67550019919496
2021-06-03 00:04:36.0;0.35670704199837994;24.933333333333334;4;99.6765527254582
2021-06-03 00:04:39.0;0.35670704199837994;24.8;4;99.6787538440182
2021-06-03 00:04:42.0;0.35670704199837994;24.8;4;99.67948254843945
2021-06-03 00:04:45.0;0.3226986098572898;27.26666666666667;4;99.68023274312075
2021-06-03 00:04:48.0;0.34964834776083964;27.266666666666666;4;99.68183110101772
2021-06-03 00:04:51.0;0.3208350267245419;26.6;4;99.68274127907605
2021-06-03 00:04:54.0;0.3394261130288134;26.933333333333337;4;99.68498806153224
2021-06-03 00:04:57.0;0.3440022517207217;26.933333333333337;4;99.68572845662688
2021-06-03 00:05:00.0;0.33080697284581556;27.466666666666665;4;99.68679161640046
2021-06-03 00:05:03.0;0.2737623061247105;27.466666666666665;4;99.68792642429968
2021-06-03 00:05:06.0;0.36663371998379646;28.266666666666666;4;99.68894293520472
2021-06-03 00:05:09.0;0.33106140437575915;28.666666666666664;4;99.69115052181637
2021-06-03 00:05:13.0;0.3208489839944316;28.666666666666664;4;99.69189444854925
2021-06-03 00:05:16.0;0.3965178792271744;29.066666666666663;4;99.69299499575027
2021-06-03 00:05:19.0;0.376284673158875;29.06666666666667;4;99.69404959024486
2021-06-03 00:05:22.0;0.38739026112102476;29.800000000000004;4;99.6951473961745
2021-06-03 00:05:25.0;0.4250275219505813;30.266666666666666;4;99.69747350303479
2021-06-03 00:05:28.0;0.40931431527680495;30.266666666666666;4;99.69821539559541
2021-06-03 00:05:31.0;0.40773166571732916;32.06666666666666;4;99.69943488258166
2021-06-03 00:05:34.0;0.40838286725471806;32.06666666666667;4;99.70052329379212
2021-06-03 00:05:37.0;0.4137139078653968;31.8;4;99.70147853132512
2021-06-03 00:05:40.0;0.4058820556364641;32.400000000000006;4;99.70382333189299
2021-06-03 00:05:43.0;0.3300377341491657;32.4;4;99.70455999615254
2021-06-03 00:05:46.0;0.4417452046825999;33.66666666666667;4;99.70573576872748
2021-06-03 00:05:49.0;0.37940696869883467;33.66666666666667;4;99.70713091680885
2021-06-03 00:05:52.0;0.37400746018547915;33.2;4;99.70801003853632
2021-06-03 00:05:55.0;0.48913803749577883;32.86666666666667;4;99.71020492313602
2021-06-03 00:05:58.0;0.5053902576710456;32.86666666666667;4;99.71093780822363
2021-06-03 00:06:01.0;0.48152670317544427;32.06428507953434;4;99.71191880584706
2021-06-03 00:06:04.0;0.4750624284035266;32.06428507953434;4;99.71299851512863
2021-06-03 00:06:07.0;0.5146768778706522;32.597618412867675;4;99.71386847850076
2021-06-03 00:06:10.0;0.49665633222687217;32.93095174620101;4;99.71608904890356
2021-06-03 00:06:13.0;0.41512580812955324;32.93095174620101;4;99.71680379891734
2021-06-03 00:06:16.0;0.547468179062059;32.202133902373966;4;99.71790081834997
2021-06-03 00:06:19.0;0.5839570405375571;32.202133902373966;4;99.71889405863212
2021-06-03 00:06:22.0;0.482772324844246;33.46880056904064;4;99.71999479918713
2021-06-03 00:06:25.0;0.5878090317596373;35.135467235707296;4;99.7223573600978
2021-06-03 00:06:28.0;0.5422749215277468;35.135467235707296;4;99.7230618641954
2021-06-03 00:06:31.0;0.5422749215277468;33.599999999999994;4;99.72389787447317
2021-06-03 00:06:34.0;0.5291411589337992;33.599999999999994;4;99.72454772262341
2021-06-03 00:06:37.0;0.5803370279536331;31.46666666666666;4;99.72120820049791
2021-06-03 00:06:40.0;0.5696540513025614;28.933333333333337;4;99.7230702052593
2021-06-03 00:06:43.0;0.48947586071365345;28.933333333333334;4;99.72369696805863
2021-06-03 00:06:46.0;0.6154316029767886;31.266666666666666;4;99.70091486036343
2021-06-03 00:06:49.0;0.6154316029767887;31.266666666666666;4;99.70123276708726
2021-06-03 00:06:52.0;0.6246088555615109;32.86666666666667;4;99.70201443747109
2021-06-03 00:06:55.0;0.6352588583186588;33.06666666666667;4;99.70369443699961
2021-06-03 00:06:58.0;0.616077509779031;33.06666666666667;4;99.70400885990045
2021-06-03 00:07:01.0;0.5919712369929564;32.599999999999994;4;99.62394588976122
2021-06-03 00:07:04.0;0.5826162919620368;32.599999999999994;4;99.62331874376024
2021-06-03 00:07:07.0;0.6112906600702248;30.133333333333333;4;99.62291111338686
2021-06-03 00:07:10.0;0.5267113388991213;27.999999999999996;4;99.62350069615117
2021-06-03 00:07:13.0;0.475683230706679;27.999999999999996;4;99.62288402565977
2021-06-03 00:07:16.0;0.5582988720650292;24.133333333333333;4;99.61323517922128
2021-06-03 00:07:19.0;0.5616057278765887;24.133333333333333;4;99.43470691630071
2021-06-03 00:07:22.0;0.49150815760990724;24.799999999999997;5;99.43225539181188
2021-06-03 00:07:25.0;0.5520085093362901;25.066666666666666;5;99.43148419543853
2021-06-03 00:07:28.0;0.5578822793650694;28.213675555555554;5;99.29069250947238
2021-06-03 00:07:31.0;0.5082059213362669;25.007500575769694;5;99.27089500220222
2021-06-03 00:07:34.0;0.49857510730026666;25.535571686880804;5;99.24490227859128
2021-06-03 00:07:37.0;0.5352981018694458;24.66416946465858;5;99.2186005639179
2021-06-03 00:07:40.0;0.4807226709125645;26.12574946465858;5;99.19588917897443
2021-06-03 00:07:43.0;0.4463856263813052;26.465227242436363;5;99.20765474790298
2021-06-03 00:07:46.0;0.5423736934366095;31.20280112044818;5;99.09640856560739
2021-06-03 00:07:49.0;0.5385197800486757;31.20280112044818;5;99.07385791911453
2021-06-03 00:07:52.0;0.5225629714327128;33.33613445378151;5;99.05180993364822
2021-06-03 00:07:55.0;0.5746886787961523;32.66946778711485;5;99.0327177669121
2021-06-03 00:07:58.0;0.5130139146777845;33.66946778711485;5;99.11704839567543
2021-06-03 00:08:01.0;0.45509308492184813;35.0;5;99.10682381954041
2021-06-03 00:08:04.0;0.4232047266702784;35.0;5;99.09142595004882
2021-06-03 00:08:07.0;0.5498807405665675;34.800000000000004;5;99.07643659744389
2021-06-03 00:08:10.0;0.5687708271133853;37.00000000000001;5;99.06502147035248
2021-06-03 00:08:13.0;0.5303598281293379;37.0;5;99.10375392028851
2021-06-03 00:08:16.0;0.5790434677906775;38.66666666666667;5;99.07944091550026
2021-06-03 00:08:19.0;0.5783303169576686;38.66666666666667;5;99.06689632035881
2021-06-03 00:08:22.0;0.574311618977552;39.33333333333333;5;99.05502575619221
2021-06-03 00:08:25.0;0.6052162971285624;41.0;5;99.0469836510122
2021-06-03 00:08:28.0;0.5476478615972439;41.0;5;99.07855114749911
2021-06-03 00:08:31.0;0.5114226383986142;39.8;5;99.07020710598302
2021-06-03 00:08:34.0;0.4951794903629;39.8;5;99.05950824452535
2021-06-03 00:08:37.0;0.6253221932014797;40.93333333333333;5;99.05012548468547
2021-06-03 00:08:40.0;0.5846084606896077;39.13333333333333;5;99.04333331088822
2021-06-03 00:08:43.0;0.5333344978208714;39.13333333333333;5;99.07724535862627
2021-06-03 00:08:46.0;0.5992277382398643;37.06666666666667;5;99.00177262627469
2021-06-03 00:08:49.0;0.5992277382398643;37.06666666666667;5;98.99240676944278
2021-06-03 00:08:52.0;0.5638835620406725;36.6;5;98.98410210964823
2021-06-03 00:08:55.0;0.5755344869412582;36.86666666666667;5;98.94491241821825
2021-06-03 00:08:58.0;0.5054029298485839;36.86666666666667;5;98.94058343184817
2021-06-03 00:09:01.0;0.5062671803360297;38.93333333333333;5;98.95734793409045
2021-06-03 00:09:04.0;0.49378188582858595;38.93333333333333;5;98.94869039014019
2021-06-03 00:09:07.0;0.592557855334351;37.8;5;98.9402799649021
2021-06-03 00:09:10.0;0.5385788909275738;39.4;5;98.93595388594086
2021-06-03 00:09:13.0;0.4731752521777118;32.2;5;98.92887502813088
2021-06-03 00:09:16.0;0.6217836403039064;39.0;5;98.94414772184601
2021-06-03 00:09:19.0;0.5281095648957781;39.0;5;98.93593308834313
2021-06-03 00:09:22.0;0.4386637903492654;40.199999999999996;5;98.9255395615398
2021-06-03 00:09:25.0;0.6356293286161478;39.06666666666666;5;98.92169100869266
2021-06-03 00:09:28.0;0.6273149290468781;38.400000000000006;5;98.94733033628658
2021-06-03 00:09:31.0;0.577148353475192;39.46666666666667;5;98.94957047078292
2021-06-03 00:09:34.0;0.5399955792635964;39.46666666666667;5;98.94217941790325
2021-06-03 00:09:37.0;0.5619432106937102;36.6;5;98.93509585203536
2021-06-03 00:09:40.0;0.548610324555164;36.599999999999994;5;98.93127065251439
2021-06-03 00:09:43.0;0.4960084974298049;34.66666666666667;5;98.87882848007881
2021-06-03 00:09:46.0;0.588195225440403;34.0;5;98.8920396230237
2021-06-03 00:09:49.0;0.5772073425335682;34.0;5;98.88431048088299
2021-06-03 00:09:52.0;0.5668884976975408;32.93333333333334;5;98.8766329424318
2021-06-03 00:09:55.0;0.6011091742383581;33.13333333333333;5;98.8723179177939
2021-06-03 00:09:58.0;0.6011091742383581;34.13333333333333;5;98.7771268537884
2021-06-03 00:10:01.0;0.576212103413956;34.8;5;98.78190555579981
2021-06-03 00:10:04.0;0.5212689292486521;34.800000000000004;5;98.77313109337263
2021-06-03 00:10:07.0;0.4944410585319964;38.0;5;98.76468869811343
2021-06-03 00:10:10.0;0.5108801901449218;38.13333333333333;5;98.76087917400444
2021-06-03 00:10:13.0;0.4703843363862794;39.66666666666667;5;98.7929262339196
2021-06-03 00:10:16.0;0.5698090675691115;39.333333333333336;5;98.80518485056318
2021-06-03 00:10:19.0;0.5808156784065415;39.333333333333336;5;98.79733778258827
2021-06-03 00:10:22.0;0.5473145763347008;37.4;5;98.7897662334757
2021-06-03 00:10:26.0;0.5994474173722838;36.86666666666667;5;98.78573944689617
2021-06-03 00:10:29.0;0.5896887748954991;35.86666666666667;5;98.75315040435372
2021-06-03 00:10:32.0;0.5779446029697235;34.93333333333334;5;98.76305467012143
2021-06-03 00:10:35.0;0.6376758769988591;34.93333333333334;5;98.75504298923747
2021-06-03 00:10:38.0;0.6406266132070653;37.93333333333334;5;98.748351480971
2021-06-03 00:10:41.0;0.5330855403563994;37.8;5;98.74545198845378
2021-06-03 00:10:44.0;0.47821671405586064;38.0;5;98.77551165022108
2021-06-03 00:10:47.0;0.5446864802941928;39.60000000000001;5;98.78634710058022
2021-06-03 00:10:50.0;0.5370873746491828;39.60000000000001;5;98.77922239357262
2021-06-03 00:10:53.0;0.4590442355861551;36.0;5;98.77204450487497
2021-06-03 00:10:56.0;0.5366276984206502;35.13333333333334;5;98.80182578824271
2021-06-03 00:10:59.0;0.5176412478121794;33.53333333333333;5;98.79516314241947
2021-06-03 00:11:02.0;0.4584120709263829;30.599999999999998;5;98.80328225989078
2021-06-03 00:11:05.0;0.5367573798430298;30.599999999999998;5;98.79676233542398
2021-06-03 00:11:08.0;0.5285575449460773;30.666666666666668;5;98.79026499121744
2021-06-03 00:11:11.0;0.5141090349627527;30.200000000000003;5;98.81798433593646
2021-06-03 00:11:14.0;0.5186406984222924;30.399999999999995;5;98.81187417041963
2021-06-03 00:11:17.0;0.4588724370826556;31.53333333333333;5;98.82069007867882
2021-06-03 00:11:20.0;0.4588724370826557;31.53333333333333;5;98.81467333873063
2021-06-03 00:11:23.0;0.4203868347031766;28.333333333333336;5;98.80806964517379
2021-06-03 00:11:26.0;0.3924982640642876;27.933333333333334;5;98.83265498408392
2021-06-03 00:11:29.0;0.32056047579454056;26.333333333333336;5;98.82699734864654
2021-06-03 00:11:32.0;0.29834505081867946;24.46666666666667;5;98.83368079155088
2021-06-03 00:11:35.0;0.25973129086740604;24.46666666666667;5;98.82800426151508
2021-06-03 00:11:38.0;0.25973129086740604;22.333333333333336;5;98.82103590235609
2021-06-03 00:11:41.0;0.21960658997024046;19.2;5;98.84231474760604
2021-06-03 00:11:44.0;0.1984548285888804;18.53333333333333;5;98.83700734580188
2021-06-03 00:11:47.0;0.2217056462049283;16.866666666666667;5;98.84251079790363
2021-06-03 00:11:50.0;0.20844661181349497;16.400000000000002;5;98.83728213103694
2021-06-03 00:11:53.0;0.19345435528264435;15.733333333333334;5;98.83057917480895
2021-06-03 00:11:56.0;0.18215874356389922;13.666666666666668;5;98.84926385755163
2021-06-03 00:11:59.0;0.17004477204615023;11.533333333333333;5;98.84427157277418
2021-06-03 00:12:02.0;0.1297776779932866;10.133333333333336;5;98.8479584670622
2021-06-03 00:12:05.0;0.11805910448721085;7.866666666666667;5;98.84303182430936
2021-06-03 00:12:08.0;0.12134475494823321;5.799999999999999;5;98.83557238493623
2021-06-03 00:12:11.0;0.09699233623969221;5.800000000000001;5;98.83132581681262
2021-06-03 00:12:14.0;0.08634407797760141;4.133333333333333;5;98.8432195074961
2021-06-03 00:12:17.0;0.06802605840752603;2.8666666666666667;5;98.84774270321358
2021-06-03 00:12:20.0;0.06339296401163033;1.7999999999999998;4;98.84704364155792
2021-06-03 00:12:23.0;0.052291833665122724;0.5333333333333333;4;98.84331319167202
2021-06-03 00:12:26.0;0.032604187885425684;0.5333333333333333;4;98.84260514500232
2021-06-03 00:12:29.0;0.028626525178579703;0.3333333333333333;4;98.8434854789491
2021-06-03 00:12:32.0;0.02235561475646853;0.0;4;98.847686763581
2021-06-03 00:12:35.0;0.018094483621187506;0.0;4;98.84691023579484
2021-06-03 00:12:38.0;0.008380555967038492;0.0;4;98.84328610905662
2021-06-03 00:12:41.0;0.00527347732132688;0.0;4;98.84259579485547
2021-06-03 00:12:44.0;0.001587488689153553;0.0;4;98.84345306479507
2021-06-03 00:12:47.0;0.0019051591897631707;0.0;4;98.84753647700481
2021-06-03 00:12:50.0;0.00185554200076381;0.0;4;98.84687508393071
2021-06-03 00:12:53.0;0.0014162146346070967;0.0;4;98.84335006290206
2021-06-03 00:12:56.0;0.0017349085749661908;0.0;4;98.84267800798857
2021-06-03 00:12:59.0;0.0016744522287074773;0.0;4;98.84200808056262
2021-06-03 00:13:02.0;0.0015810466737926265;0.0;4;98.84240695440467
2021-06-03 00:13:05.0;9.408920985572142E-4;0.0;1;98.84568398811103
2021-06-03 00:13:08.0;7.460228905893645E-4;0.0;1;98.84438353216257
2021-06-03 00:13:11.0;6.830458461259349E-4;0.0;1;98.84438353216257
2021-06-03 00:13:14.0;6.199015319560951E-4;0.0;1;98.84438353216257
2021-06-03 00:13:17.0;9.551492336806379E-4;0.0;1;98.84438353216257
2021-06-03 00:13:20.0;9.551492336806379E-4;0.0;1;98.84438353216257
2021-06-03 00:13:23.0;9.551492336806379E-4;0.0;1;98.84438353216257
2021-06-03 00:13:26.0;9.551492336806379E-4;0.0;1;98.84438353216257
2021-06-03 00:13:29.0;9.2881790143138E-4;0.0;1;98.84438353216257
2021-06-03 00:13:32.0;9.2881790143138E-4;0.0;1;98.84438353216257
2021-06-03 00:13:35.0;9.143928777683137E-4;0.0;1;98.84429285370705
2021-06-03 00:13:38.0;8.984130661383203E-4;0.0;1;98.84429285370705
2021-06-03 00:13:41.0;8.984130661383203E-4;0.0;1;98.84429285370705
2021-06-03 00:13:44.0;8.984130661383203E-4;0.0;1;98.84429285370705
2021-06-03 00:13:47.0;8.984130661383203E-4;0.0;1;98.84429285370705
2021-06-03 00:13:50.0;6.518885207899653E-4;0.0;1;98.84429285370705
2021-06-03 00:13:53.0;5.918345985023193E-4;0.0;1;98.84429285370705
2021-06-03 00:13:56.0;0.001169725450641684;0.0;1;98.84429285370705
2021-06-03 00:13:59.0;0.001454288664761176;0.0;1;98.84429285370705
2021-06-03 00:14:02.0;0.001454288664761176;0.0;1;98.84429285370705
2021-06-03 00:14:05.0;0.0012488612132490562;0.0;1;98.84429285370705
2021-06-03 00:14:08.0;0.0012488612132490562;0.0;1;98.84429285370705
2021-06-03 00:14:11.0;0.0012488612132490562;0.0;1;98.84429285370705
2021-06-03 00:14:14.0;0.0010361326036502315;0.0;1;98.84429285370705
2021-06-03 00:14:17.0;0.0010361326036502315;0.0;1;98.84429285370705
2021-06-03 00:14:20.0;7.872650648379309E-4;0.0;1;98.84429285370705
2021-06-03 00:14:23.0;7.179823314071855E-4;0.0;1;98.84429285370705
2021-06-03 00:14:26.0;0.001123541230165616;0.0;1;98.84429285370705
2021-06-03 00:14:29.0;0.0011235412301656158;0.0;1;98.84429285370705
2021-06-03 00:14:32.0;0.0011968908361471966;0.0;1;98.84429285370705
2021-06-03 00:14:35.0;0.0011968908361471966;0.0;1;98.84420894073128
2021-06-03 00:14:38.0;0.0011968908361471966;0.0;1;98.84420894073128
2021-06-03 00:14:41.0;8.935721006933604E-4;0.0;1;98.84420894073128
2021-06-03 00:14:44.0;0.0011817187547643287;0.0;1;98.84420894073128
2021-06-03 00:14:47.0;8.717265419953393E-4;0.0;1;98.84420894073128
2021-06-03 00:14:50.0;9.230629969787145E-4;0.0;1;98.84420894073128
2021-06-03 00:14:53.0;8.454649785917834E-4;1.4666666666666666;1;98.84489766736152
2021-06-03 00:14:57.0;0.026787816375598884;1.4666666666666666;1;98.84489766736152
2021-06-03 00:15:00.0;0.026787816375598884;1.4666666666666666;1;98.84489766736152
2021-06-03 00:15:03.0;0.026787816375598884;1.4666666666666666;1;98.84489766736152
2021-06-03 00:15:06.0;0.026787816375598884;1.4666666666666666;1;98.84489766736152
2021-06-03 00:15:09.0;0.04661888994894221;3.8666666666666667;1;98.84676293732707
2021-06-03 00:15:12.0;0.04661888994894221;3.8666666666666667;1;98.84676293732707
2021-06-03 00:15:15.0;0.08470261163154386;3.8666666666666667;1;98.84676293732707
2021-06-03 00:15:18.0;0.08470261163154386;3.8666666666666667;1;98.84676293732707
2021-06-03 00:15:21.0;0.07681104888890533;3.8666666666666667;1;98.84676293732707
2021-06-03 00:15:24.0;0.09974837025861112;6.0;1;98.84963085234736
2021-06-03 00:15:27.0;0.16668257869194592;6.0;1;98.84963085234736
2021-06-03 00:15:30.0;0.13210242571364958;6.0;1;98.84963085234736
2021-06-03 00:15:33.0;0.12091617265476791;6.0;1;98.84955194725084
2021-06-03 00:15:36.0;0.20988023533737932;6.0;1;98.84955194725084
2021-06-03 00:15:39.0;0.24385816751682848;8.466666666666667;1;98.85363277004784
2021-06-03 00:15:42.0;0.24385816751682848;8.466666666666667;1;98.85363277004784
2021-06-03 00:15:45.0;0.20057740708538338;8.466666666666667;1;98.85363277004784
2021-06-03 00:15:48.0;0.18428226242487;8.466666666666667;1;98.85363277004784
2021-06-03 00:15:51.0;0.1957156159262219;8.466666666666667;1;98.85363277004784
2021-06-03 00:15:54.0;0.17754409561876508;10.666666666666666;1;98.85874124683163
2021-06-03 00:15:57.0;0.32453185568036486;10.666666666666666;1;98.85874124683163
2021-06-03 00:16:00.0;0.3807859584105557;10.666666666666666;1;98.85874124683163
2021-06-03 00:16:03.0;0.29100932228262705;10.666666666666666;1;98.85874124683163
2021-06-03 00:16:06.0;0.2655305107098674;10.666666666666666;1;98.85874124683163
2021-06-03 00:16:09.0;0.24000092767598633;13.0;1;98.8649128991948
2021-06-03 00:16:12.0;0.2145221161032267;13.0;1;98.8649128991948
2021-06-03 00:16:15.0;0.432122605229227;13.0;1;98.8649128991948
2021-06-03 00:16:18.0;0.4703946073164545;13.0;1;98.8649128991948
2021-06-03 00:16:21.0;0.4703946073164545;13.0;1;98.8649128991948
2021-06-03 00:16:24.0;0.4703946073164545;14.133333333333333;1;98.87155002987107
2021-06-03 00:16:27.0;0.5196305396191757;14.133333333333333;1;98.87155002987107
2021-06-03 00:16:30.0;0.43303547112774665;14.133333333333333;1;98.87155002987107
2021-06-03 00:16:33.0;0.577825768021249;14.133333333333333;1;98.87147284680464
2021-06-03 00:16:36.0;0.6061934564565504;14.133333333333333;1;98.87147284680464
2021-06-03 00:16:39.0;0.6061934564565504;16.53333333333334;1;98.87914317487086
2021-06-03 00:16:42.0;0.6061934564565504;16.533333333333335;1;98.87914317487086
2021-06-03 00:16:45.0;0.6061934564565504;16.533333333333335;1;98.87914317487086
2021-06-03 00:16:48.0;0.47505023763502524;16.533333333333335;1;98.87914317487086
2021-06-03 00:16:51.0;0.30328062666667394;16.533333333333335;1;98.87914317487086
2021-06-03 00:16:54.0;0.30328062666667394;16.133333333333333;1;98.88652734293296
2021-06-03 00:16:57.0;0.752391275595847;16.133333333333333;1;98.88652734293296
2021-06-03 00:17:00.0;0.752391275595847;16.133333333333333;1;98.88652734293296
2021-06-03 00:17:03.0;0.752391275595847;16.133333333333333;1;98.88652734293296
2021-06-03 00:17:06.0;0.8074751126534476;16.133333333333333;1;98.88652734293296
2021-06-03 00:17:09.0;0.8074751126534476;13.066666666666666;1;98.89243125245662
2021-06-03 00:17:12.0;0.5987607399239238;13.066666666666666;1;98.89243125245662
2021-06-03 00:17:15.0;0.8770752711859694;13.066666666666666;1;98.89243125245662
2021-06-03 00:17:18.0;0.9582502295517658;13.066666666666666;1;98.89243125245662
2021-06-03 00:17:21.0;0.6966008051171736;13.066666666666666;3;98.89243125245662
2021-06-03 00:17:24.0;0.7170179648289566;10.598648888888889;3;98.89809866559077
2021-06-03 00:17:27.0;0.6718207102699492;10.946586666666667;3;98.89838285444031
2021-06-03 00:17:30.0;0.7026826913053859;16.137208888888885;3;98.90257226315401
2021-06-03 00:17:33.0;0.49687092185997966;17.237831111111113;3;98.90342513221667
2021-06-03 00:17:36.0;0.35392279972198437;21.908195555555555;4;98.9070112222295
2021-06-03 00:17:39.0;0.3710683512625079;22.25407555555556;4;98.91206051287368
2021-06-03 00:17:42.0;0.35691034547095146;23.90287111111111;4;98.9133663952025
2021-06-03 00:17:45.0;0.42700701422851406;23.271257777777777;4;98.91413450126385
2021-06-03 00:17:48.0;0.39321214667537047;23.87934;4;98.91538065826484
2021-06-03 00:17:51.0;0.4153047692194157;25.133333333333333;4;98.91858422252471
2021-06-03 00:17:54.0;0.35567756966380015;26.46666666666667;4;98.9236603490908
2021-06-03 00:17:57.0;0.38703824118553687;26.46666666666667;4;98.92506503040607
2021-06-03 00:18:00.0;0.3191320385411518;28.133333333333333;4;98.92672624032024
2021-06-03 00:18:03.0;0.2787132630653385;28.133333333333333;4;98.92813788735107
2021-06-03 00:18:06.0;0.40570861808216657;28.200000000000003;4;98.93081201446383
2021-06-03 00:18:09.0;0.40570861808216657;30.333333333333336;4;98.93642964435651
2021-06-03 00:18:12.0;0.40570861808216657;30.333333333333336;4;98.93793210692884
2021-06-03 00:18:15.0;0.4057326625666986;29.133333333333333;4;98.93918151114931
2021-06-03 00:18:18.0;0.373154617433166;29.133333333333333;4;98.94066387868551
2021-06-03 00:18:21.0;0.36974795906127017;29.13333333333333;4;98.94314643260796
2021-06-03 00:18:24.0;0.3676037535773325;30.666666666666668;4;98.94901177653892
2021-06-03 00:18:27.0;0.40196243850281815;30.666666666666664;4;98.95053371172902
2021-06-03 00:18:30.0;0.34799847896304237;32.06666666666666;4;98.95237783841684
2021-06-03 00:18:33.0;0.30742994784372146;32.06666666666666;4;98.95383371881796
2021-06-03 00:18:36.0;0.4106240164944508;31.866666666666667;4;98.95602425207446
2021-06-03 00:18:39.0;0.4033647212246877;32.13333333333333;4;98.96184229607532
2021-06-03 00:18:42.0;0.369134593999814;32.13333333333333;4;98.96339365186215
2021-06-03 00:18:45.0;0.4360742401205875;32.400000000000006;4;98.96535800091723
2021-06-03 00:18:48.0;0.4709591052475135;32.400000000000006;4;98.96690746328505
2021-06-03 00:18:51.0;0.4504803795996596;33.733333333333334;4;98.96942430470799
2021-06-03 00:18:54.0;0.4428450172267814;33.46666666666667;4;98.97497457750073
2021-06-03 00:18:57.0;0.4438348391088407;33.46666666666667;4;98.9765462612811
2021-06-03 00:19:00.0;0.36293009579117;34.266666666666666;4;98.97879305274637
2021-06-03 00:19:03.0;0.4039552781113075;34.06666666666666;4;98.98036943384395
2021-06-03 00:19:06.0;0.44199594202170905;34.06666666666666;4;98.98280004326587
2021-06-03 00:19:09.0;0.4587492321130605;34.733333333333334;4;98.9884087383839
2021-06-03 00:19:12.0;0.41844165228312213;34.733333333333334;4;98.98999841887401
2021-06-03 00:19:15.0;0.4853706715643107;34.333333333333336;4;98.99189205738367
2021-06-03 00:19:18.0;0.476676212650491;34.266666666666666;4;98.99347955688812
2021-06-03 00:19:22.0;0.44544525760448517;34.266666666666666;4;98.99571263839901
2021-06-03 00:19:25.0;0.5329534319567779;34.4;4;99.0009331645535
2021-06-03 00:19:28.0;0.5367990572904029;34.4;4;99.00251828869754
2021-06-03 00:19:31.0;0.4776913720697059;34.2;4;99.00448490614929
2021-06-03 00:19:34.0;0.4614952799768619;35.93333333333334;4;99.00600519764255
2021-06-03 00:19:37.0;0.5597501936028503;35.93333333333334;4;99.00868764214974
2021-06-03 00:19:40.0;0.5597501936028503;36.66666666666667;4;99.01442457854641
2021-06-03 00:19:43.0;0.5681303510237409;36.66666666666667;4;99.01601198569523
2021-06-03 00:19:46.0;0.5588195969607773;37.93333333333334;4;99.01824026364585
2021-06-03 00:19:49.0;0.5627293913351281;38.199999999999996;4;99.01983075440974
2021-06-03 00:19:52.0;0.5077015172955952;38.2;4;99.00806926854165
2021-06-03 00:19:55.0;0.5690968400307768;34.53333333333333;4;99.01180437243418
2021-06-03 00:19:58.0;0.5514166244943196;34.53333333333333;4;99.01315514307815
2021-06-03 00:20:01.0;0.49235485685794605;33.333333333333336;4;99.0146281815705
2021-06-03 00:20:04.0;0.4149584062309346;32.93333333333334;4;99.01597521378815
2021-06-03 00:20:07.0;0.5710716926157968;32.93333333333334;4;99.00774559789501
2021-06-03 00:20:10.0;0.5162543718899513;34.46666666666667;4;99.01197737608516
2021-06-03 00:20:13.0;0.5103116982445077;34.46666666666667;4;99.01315661271616
2021-06-03 00:20:16.0;0.6025671487434505;35.266666666666666;4;99.01485973968917
2021-06-03 00:20:19.0;0.5718661284482655;36.13333333333334;4;99.01603863355157
2021-06-03 00:20:22.0;0.5718661284482655;36.133333333333326;4;99.02044465261909
2021-06-03 00:20:25.0;0.6412822231742898;37.06666666666666;4;99.01536023078292
2021-06-03 00:20:28.0;0.6308341390332395;37.06666666666666;4;99.01643348036055
2021-06-03 00:20:31.0;0.5538638200181634;35.86666666666667;4;99.01743698508112
2021-06-03 00:20:34.0;0.4751810489489896;33.333333333333336;4;99.01844604905551
2021-06-03 00:20:37.0;0.6497008316522083;24.46666666666667;4;99.02159288418005
2021-06-03 00:20:40.0;0.6574436062317607;30.733333333333334;4;98.9286371760931
2021-06-03 00:20:43.0;0.5690645850997735;30.733333333333334;4;98.92849935221884
2021-06-03 00:20:46.0;0.6095405581262572;29.2;4;98.92782635101113
2021-06-03 00:20:49.0;0.5702109429978541;28.799999999999997;4;98.92768305509972
2021-06-03 00:20:52.0;0.5157073462062534;21.93333333333333;4;98.8533704430588
2021-06-03 00:20:55.0;0.6069016845115839;28.333333333333336;4;98.83492931336777
2021-06-03 00:20:58.0;0.5977204986718763;28.333333333333332;4;98.83369295042385
2021-06-03 00:21:01.0;0.5419284513150125;29.066666666666666;4;98.83194675340276
2021-06-03 00:21:04.0;0.5086357853045601;26.8;4;98.83071128714631
2021-06-03 00:21:07.0;0.6112051812100244;27.133333333333333;4;98.8354125832726
2021-06-03 00:21:10.0;0.544810304354852;27.266666666666666;4;98.67385198954881
2021-06-03 00:21:13.0;0.4655924431035048;27.266666666666666;4;98.67091822401115
2021-06-03 00:21:16.0;0.6141363598832928;26.933333333333334;4;98.66772372778296
2021-06-03 00:21:19.0;0.5908120735756723;30.333333333333336;4;98.66479984845448
2021-06-03 00:21:22.0;0.6069520741880063;30.400000000000002;4;98.60518591945963
2021-06-03 00:21:25.0;0.5699147490523281;32.06666666666667;4;98.62477931455471
2021-06-03 00:21:28.0;0.581027567305503;32.06666666666667;4;98.62152046295873
2021-06-03 00:21:31.0;0.5548618927159265;33.0;4;98.61828223874089
2021-06-03 00:21:34.0;0.5221515060595068;32.53333333333333;4;98.61496568928422
2021-06-03 00:21:37.0;0.5351979093819625;33.733333333333334;4;98.50361607962824
2021-06-03 00:21:40.0;0.5494977165061066;33.06666666666667;4;98.521148422736
2021-06-03 00:21:43.0;0.5159526141606066;33.06666666666667;4;98.51708438289063
2021-06-03 00:21:46.0;0.6303266795009322;33.6;4;98.51324717510235
2021-06-03 00:21:49.0;0.5712219757370481;33.666666666666664;4;98.50920126598176
2021-06-03 00:21:52.0;0.5247514555024633;32.733333333333334;4;98.41944941480587
2021-06-03 00:21:55.0;0.5802376685262474;32.46666666666667;4;98.43545237344343
2021-06-03 00:21:58.0;0.555947771370434;32.46666666666667;4;98.43084082667576
2021-06-03 00:22:01.0;0.5361851139590932;32.53333333333333;4;98.42640025953365
2021-06-03 00:22:04.0;0.47158991432476866;30.799999999999997;4;98.42183059197667
2021-06-03 00:22:07.0;0.6295795078410147;31.53333333333334;4;98.43030667728553
2021-06-03 00:22:10.0;0.6014465793756374;31.53333333333333;4;98.36058832552337
2021-06-03 00:22:13.0;0.5672764309393018;31.53333333333333;4;98.35557739496515
2021-06-03 00:22:16.0;0.5857208665451926;31.4;4;98.35098265002523
2021-06-03 00:22:19.0;0.5790155128611926;33.266666666666666;4;98.34601297253697
2021-06-03 00:22:22.0;0.5373709623426276;34.13333333333333;4;98.36024409598652
2021-06-03 00:22:25.0;0.5869493081210415;34.13333333333333;4;98.29743310436888
2021-06-03 00:22:28.0;0.6004782201367272;34.13333333333333;4;98.292186517751
2021-06-03 00:22:31.0;0.5342806186216132;34.333333333333336;4;98.23135061349682
2021-06-03 00:22:34.0;0.5073595473049268;33.6;4;98.22558328157211
2021-06-03 00:22:37.0;0.5954042327955948;31.133333333333333;4;98.23770069193924
2021-06-03 00:22:40.0;0.5788146697171805;31.133333333333333;4;98.22571012704843
2021-06-03 00:22:43.0;0.5068234539235709;31.133333333333333;4;98.22015008480763
2021-06-03 00:22:46.0;0.5910685730942812;28.666666666666668;4;98.14683728109307
2021-06-03 00:22:49.0;0.5542067592028277;28.6;4;98.14078477920064
2021-06-03 00:22:52.0;0.5709724854645786;29.866666666666664;4;98.15148970101095
2021-06-03 00:22:55.0;0.633743960238539;29.866666666666667;4;98.04416496694708
2021-06-03 00:22:58.0;0.6200525950688365;29.866666666666667;4;98.03751641799046
2021-06-03 00:23:01.0;0.6188498266124839;32.13333333333333;4;98.03668286696198
2021-06-03 00:23:04.0;0.5839162123699655;32.333333333333336;4;98.04576486418158
2021-06-03 00:23:07.0;0.6138437430307289;34.666666666666664;4;98.03933964909123
2021-06-03 00:23:10.0;0.553565641783843;34.666666666666664;4;98.02378020437087
2021-06-03 00:23:13.0;0.5251210725552822;26.53333333333333;4;98.0173107774585
2021-06-03 00:23:16.0;0.6859601051927942;35.266666666666666;4;97.99338911939691
2021-06-03 00:23:19.0;0.6778376672155687;34.93333333333334;4;98.00153764595395
2021-06-03 00:23:22.0;0.6159887836121608;32.06666666666667;4;97.99509010388047
2021-06-03 00:23:25.0;0.5969631788811978;32.06666666666667;4;98.01991674205364
2021-06-03 00:23:28.0;0.6059835490895282;30.866666666666667;4;98.01368473202852
2021-06-03 00:23:31.0;0.5667148674086332;30.866666666666667;4;97.96481691148067
2021-06-03 00:23:34.0;0.5139167497817559;32.13333333333333;4;97.9285993761923
2021-06-03 00:23:37.0;0.6118164072104612;33.2;4;97.92195023285606
2021-06-03 00:23:40.0;0.5841827384606083;33.199999999999996;4;97.94628892471407
2021-06-03 00:23:43.0;0.5742018947264356;35.06666666666666;4;97.93986074118249
2021-06-03 00:23:46.0;0.611161634971567;35.06666666666666;4;97.94219735915046
2021-06-03 00:23:49.0;0.5672017751899827;35.13333333333333;4;97.95189934078941
2021-06-03 00:23:52.0;0.6191087581156125;37.4;4;97.94567836778167
2021-06-03 00:23:56.0;0.5590607621827041;37.4;4;97.96974616741015
2021-06-03 00:23:59.0;0.5931895051819253;36.06666666666666;4;97.96373605535184
2021-06-03 00:24:02.0;0.46192923557774246;36.06666666666667;4;97.96519698756295
2021-06-03 00:24:05.0;0.5675319431530866;36.13333333333333;4;97.97448043344288
2021-06-03 00:24:08.0;0.5489590609656957;32.46666666666667;4;97.96865588614132
2021-06-03 00:24:11.0;0.5696553229103072;32.46666666666667;4;97.99020064961807
2021-06-03 00:24:14.0;0.47486305830936754;33.266666666666666;4;97.98454700702595
2021-06-03 00:24:17.0;0.5016272017736058;33.266666666666666;4;97.98617947968992
2021-06-03 00:24:20.0;0.46723999894019286;32.06666666666667;4;97.99426108045598
2021-06-03 00:24:23.0;0.44160808219178654;30.266666666666666;4;98.0094463940926
2021-06-03 00:24:26.0;0.4067249834765738;30.266666666666666;4;98.00822032905401
2021-06-03 00:24:29.0;0.3609263025184102;26.666666666666664;4;98.00286077363033
2021-06-03 00:24:32.0;0.3424248010732601;26.666666666666664;4;98.00279791022388
2021-06-03 00:24:35.0;0.3684844636931222;25.266666666666666;4;98.00977062779724
2021-06-03 00:24:38.0;0.34060556502414274;21.666666666666664;4;98.0236894470581
2021-06-03 00:24:41.0;0.2784513754257445;21.666666666666664;4;98.02134045861995
2021-06-03 00:24:44.0;0.2469252337927073;23.333333333333336;4;98.01624330055567
2021-06-03 00:24:47.0;0.2735925046695133;23.333333333333332;4;98.01693515711153
2021-06-03 00:24:50.0;0.2502567183333066;17.333333333333336;4;98.02053745472193
2021-06-03 00:24:53.0;0.2502567183333066;13.066666666666666;4;98.03087048342219
2021-06-03 00:24:56.0;0.24688075657257522;13.066666666666668;4;98.02937675765642
2021-06-03 00:24:59.0;0.19476601382598163;10.866666666666667;4;98.02448355843613
2021-06-03 00:25:02.0;0.161488425062582;10.866666666666667;4;98.02417116413855
2021-06-03 00:25:05.0;0.17798282288137374;10.4;4;98.02721340405144
2021-06-03 00:25:08.0;0.13598323626206002;8.066666666666666;4;98.02241335163029
2021-06-03 00:25:11.0;0.11789644390974813;8.066666666666666;4;98.03009951556488
2021-06-03 00:25:14.0;0.09783243191084348;4.333333333333334;4;98.02826897437967
2021-06-03 00:25:17.0;0.09078141592606583;4.333333333333334;4;98.0285464926962
2021-06-03 00:25:20.0;0.18011780427041268;4.333333333333334;2;98.02673373264808
2021-06-03 00:25:23.0;0.14344357563183946;1.0666666666666667;2;98.03055177706348
2021-06-03 00:25:26.0;0.08966009847987212;1.0666666666666667;2;98.03034234258841
2021-06-03 00:25:29.0;0.055620194998666245;0.06666666666666667;2;98.03005716226197
2021-06-03 00:25:32.0;0.051517129814346016;0.06666666666666667;2;98.03120305491883
2021-06-03 00:25:35.0;0.043180414957296756;0.06666666666666667;2;98.03083786483862
2021-06-03 00:25:38.0;0.039930629870695324;0.0;2;98.03056076435817
2021-06-03 00:25:41.0;0.01641250055532223;0.0;2;98.03028325356064
2021-06-03 00:25:44.0;0.006698652573935848;0.0;2;98.0300063443056
2021-06-03 00:25:47.0;0.004884503482355976;0.0;2;98.03111671710549
2021-06-03 00:25:50.0;0.004884503482355975;0.0;2;98.03084717777884
2021-06-03 00:25:53.0;0.0019263496137350328;0.0;2;98.03057821636956
2021-06-03 00:25:56.0;0.001901278211376436;0.0;2;98.03030956399168
2021-06-03 00:25:59.0;0.001901278211376436;0.0;2;98.03004139850462
2021-06-03 00:26:02.0;0.0015474157989732388;0.0;2;98.03068470236205
2021-06-03 00:26:05.0;0.0011746484174481647;0.0;1;98.03068470236205
2021-06-03 00:26:08.0;0.0011746484174481647;0.0;1;98.03068470236205
2021-06-03 00:26:11.0;6.327288889022182E-4;0.0;1;98.03068470236205
2021-06-03 00:26:14.0;7.814596616562613E-4;0.0;1;98.03068470236205
2021-06-03 00:26:17.0;0.0011355203373334102;0.0;1;98.03068470236205
2021-06-03 00:26:20.0;0.0011355203373334102;0.0;1;98.03068470236205
2021-06-03 00:26:23.0;0.0011355203373334102;0.0;1;98.03068470236205
2021-06-03 00:26:26.0;8.775742758154889E-4;0.0;1;98.03068470236205
2021-06-03 00:26:29.0;8.289201484696804E-4;0.0;1;98.03068470236205
2021-06-03 00:26:32.0;7.515822162508025E-4;0.0;1;98.03068470236205
2021-06-03 00:26:35.0;0.0011426224387912005;0.0;1;98.03060202071026
2021-06-03 00:26:38.0;0.0011426224387912005;0.0;1;98.03060202071026
2021-06-03 00:26:41.0;0.0011301183261333064;0.0;1;98.03060202071026
2021-06-03 00:26:44.0;0.0011301183261333064;0.0;1;98.03060202071026
2021-06-03 00:26:47.0;8.243962051736666E-4;0.0;1;98.03060202071026
2021-06-03 00:26:50.0;7.487033910633156E-4;0.0;1;98.03060202071026
2021-06-03 00:26:53.0;6.729101219906419E-4;0.0;1;98.03060202071026
2021-06-03 00:26:56.0;8.571304063434774E-4;0.0;1;98.03060202071026
2021-06-03 00:26:59.0;8.571304063434774E-4;0.0;1;98.03060202071026
2021-06-03 00:27:02.0;8.571304063434774E-4;0.0;1;98.03060202071026
2021-06-03 00:27:05.0;9.251300966300528E-4;0.0;1;98.03060202071026
2021-06-03 00:27:08.0;9.251300966300528E-4;0.0;1;98.03060202071026
2021-06-03 00:27:11.0;9.251300966300528E-4;0.0;1;98.03060202071026
2021-06-03 00:27:14.0;0.0010002587867047365;0.0;1;98.03060202071026
2021-06-03 00:27:17.0;0.0010002587867047365;0.0;1;98.03060202071026
2021-06-03 00:27:20.0;7.62841806687108E-4;0.0;1;98.03060202071026
2021-06-03 00:27:23.0;6.958911518970041E-4;0.3333333333333333;1;98.0307555037935
2021-06-03 00:27:26.0;0.00109619292648012;0.33333333333333326;1;98.0307555037935
2021-06-03 00:27:29.0;0.00109619292648012;0.3333333333333333;1;98.0307555037935
2021-06-03 00:27:32.0;9.433278429485145E-4;0.3333333333333333;1;98.0307555037935
2021-06-03 00:27:35.0;8.625717558862306E-4;0.3333333333333333;1;98.03067696327304
2021-06-03 00:27:38.0;7.814663080479702E-4;2.466666666666667;1;98.03205712505107
2021-06-03 00:27:41.0;7.00602725362309E-4;2.4666666666666672;1;98.03205712505107
2021-06-03 00:27:44.0;6.197122687708035E-4;2.466666666666667;1;98.03205712505107
2021-06-03 00:27:47.0;0.05901528764020224;2.466666666666667;1;98.03205712505107
2021-06-03 00:27:50.0;0.05901528764020224;2.466666666666667;1;98.03205712505107
2021-06-03 00:27:53.0;0.05901528764020224;4.733333333333333;1;98.0347352426296
2021-06-03 00:27:56.0;0.09483389970463689;4.733333333333333;1;98.0347352426296
2021-06-03 00:27:59.0;0.09483389970463689;4.733333333333333;1;98.0347352426296
2021-06-03 00:28:02.0;0.08173919555556494;4.733333333333333;1;98.0347352426296
2021-06-03 00:28:05.0;0.08173919555556494;4.733333333333333;1;98.0347352426296
2021-06-03 00:28:08.0;0.09991231505195797;7.2;1;98.03881487923354
2021-06-03 00:28:11.0;0.08972288990284685;7.2;1;98.03881487923354
2021-06-03 00:28:14.0;0.0795266831063819;7.2;1;98.03881487923354
2021-06-03 00:28:17.0;0.22698399103422873;7.2;1;98.03881487923354
2021-06-03 00:28:20.0;0.2726806808337164;7.2;1;98.03881487923354
2021-06-03 00:28:23.0;0.2726806808337164;9.133333333333333;1;98.04397583053553
2021-06-03 00:28:26.0;0.32712403005843943;9.133333333333333;1;98.04397583053553
2021-06-03 00:28:29.0;0.32712403005843943;9.133333333333333;1;98.04397583053553
2021-06-03 00:28:32.0;0.2980343128179311;9.133333333333333;1;98.04390013807857
2021-06-03 00:28:35.0;0.39263833936344583;9.133333333333333;1;98.04390013807857
2021-06-03 00:28:38.0;0.39263833936344583;11.400000000000002;1;98.05031277984493
2021-06-03 00:28:41.0;0.3003465163719603;11.4;1;98.05031277984493
2021-06-03 00:28:44.0;0.4320077457264783;11.4;1;98.05031277984493
2021-06-03 00:28:47.0;0.43200774572647843;11.4;1;98.05031277984493
2021-06-03 00:28:50.0;0.4320077457264783;11.4;1;98.05031277984493
2021-06-03 00:28:54.0;0.47338152349034857;13.133333333333336;1;98.05765419289196
2021-06-03 00:28:57.0;0.5057178108808416;13.133333333333333;1;98.05765419289196
2021-06-03 00:29:00.0;0.5057178108808416;13.133333333333333;1;98.05765419289196
2021-06-03 00:29:03.0;0.5057178108808416;13.133333333333333;1;98.05765419289196
2021-06-03 00:29:06.0;0.3932236933937922;13.133333333333333;1;98.05765419289196
2021-06-03 00:29:09.0;0.26349422222224855;15.2;1;98.0660509600087
2021-06-03 00:29:12.0;0.3409206648857752;15.2;1;98.0660509600087
2021-06-03 00:29:15.0;0.6073300993917745;15.2;1;98.0660509600087
2021-06-03 00:29:18.0;0.6073300993917745;15.2;1;98.0660509600087
2021-06-03 00:29:21.0;0.49058775806424443;15.2;1;98.0660509600087
2021-06-03 00:29:24.0;0.49654552358059745;16.06666666666667;1;98.07488876039083
2021-06-03 00:29:27.0;0.7169921159892679;16.066666666666666;1;98.07488876039083
2021-06-03 00:29:30.0;0.716992115989268;16.066666666666666;1;98.07488876039083
2021-06-03 00:29:33.0;0.716992115989268;16.066666666666666;1;98.07481454330431
2021-06-03 00:29:36.0;0.7827665691416044;16.066666666666666;1;98.07481454330431
2021-06-03 00:29:39.0;0.7827665691416044;14.666666666666666;1;98.08280831075031
2021-06-03 00:29:42.0;0.7827665691416044;14.666666666666666;1;98.08280831075031
2021-06-03 00:29:45.0;0.8434145260138428;14.666666666666666;1;98.08280831075031
2021-06-03 00:29:48.0;0.8434145260138428;14.666666666666666;1;98.08280831075031
2021-06-03 00:29:51.0;0.5196785600000213;14.666666666666666;2;98.08280831075031
2021-06-03 00:29:54.0;0.5196785600000213;10.26666666666667;2;98.08857053589315
2021-06-03 00:29:57.0;0.6785195524965169;10.266666666666667;2;98.08857053589315
2021-06-03 00:30:00.0;0.711951150091785;14.688062222222221;2;98.08857053589315
2021-06-03 00:30:03.0;0.745482809003434;15.566053333333334;2;98.09371958428049
2021-06-03 00:30:06.0;0.7599071185860091;16.441133333333333;2;98.09462298084955
2021-06-03 00:30:09.0;0.7485182914935911;17.249255555555557;2;98.10110350654001
2021-06-03 00:30:12.0;0.7802006243110501;18.126664444444444;2;98.10199813490541
2021-06-03 00:30:15.0;0.7324763908543042;20.19000888888889;2;98.1028916235001
2021-06-03 00:30:18.0;0.6436786857087785;21.266666666666666;2;98.10529993788366
2021-06-03 00:30:21.0;0.7226538450197892;21.266666666666666;2;98.10633569241992
2021-06-03 00:30:24.0;0.6658072384349032;22.266666666666666;2;98.11319731976728
2021-06-03 00:30:27.0;0.607407872011201;22.266666666666666;2;98.11422412002564
2021-06-03 00:30:30.0;0.49892967594241766;21.2;2;98.11524606445992
2021-06-03 00:30:33.0;0.32577201354029334;21.2;2;98.11637948542177
2021-06-03 00:30:36.0;0.6742425746218825;21.2;2;98.11741313109039
2021-06-03 00:30:39.0;0.6908983510336953;23.068728888888888;2;98.12507166049902
2021-06-03 00:30:42.0;0.6908983510336953;23.122293333333335;2;98.12625485987957
2021-06-03 00:30:45.0;0.6908983510336953;24.57585777777778;2;98.12730538974316
2021-06-03 00:30:48.0;0.6054519971349268;24.629315555555557;2;98.12915195849344
2021-06-03 00:30:51.0;0.5054768800781355;24.682862222222226;3;98.1302356129985
2021-06-03 00:30:54.0;0.5335152612389648;26.250168888888886;3;98.13665467677949
2021-06-03 00:30:57.0;0.578519966999265;27.160764444444442;3;98.14239233308814
2021-06-03 00:31:00.0;0.4773041084727913;27.07166222222222;3;98.14389418028479
2021-06-03 00:31:03.0;0.45654940366696056;27.98286222222222;3;98.1453873804488
2021-06-03 00:31:06.0;0.5593624345864674;28.891946666666666;3;98.14688753733107
2021-06-03 00:31:09.0;0.6534023445935938;28.866666666666667;3;98.15301757153587
2021-06-03 00:31:12.0;0.5954235533042155;28.866666666666667;3;98.15709475243082
2021-06-03 00:31:15.0;0.6115507859742001;28.06666666666667;3;98.15873834042198
2021-06-03 00:31:18.0;0.6082707437286254;28.06666666666667;3;98.16013805299183
2021-06-03 00:31:21.0;0.5632402359977631;28.06666666666667;3;98.1617687730874
2021-06-03 00:31:24.0;0.5492643705359657;30.466666666666665;3;98.16891877993189
2021-06-03 00:31:27.0;0.598320786497161;30.466666666666665;3;98.17245949440044
2021-06-03 00:31:30.0;0.5077589029707268;31.866666666666664;3;98.17416550571537
2021-06-03 00:31:33.0;0.4785176028508638;31.866666666666667;3;98.17620066748705
2021-06-03 00:31:36.0;0.6146752557771874;31.866666666666667;3;98.17791265284626
2021-06-03 00:31:39.0;0.6146752557771874;32.733333333333334;3;98.18484161037189
2021-06-03 00:31:42.0;0.5063641267084881;32.733333333333334;3;98.188241152087
2021-06-03 00:31:45.0;0.6233274186096452;32.86666666666667;3;98.1899952949846
2021-06-03 00:31:48.0;0.6233274186096452;32.86666666666667;3;98.19237627742255
2021-06-03 00:31:51.0;0.6694737499017211;32.86666666666667;3;98.19413504170349
2021-06-03 00:31:54.0;0.6694737499017211;33.06666666666667;3;98.20143972043579
2021-06-03 00:31:57.0;0.5969901043757446;33.06666666666667;3;98.20438239383601
2021-06-03 00:32:00.0;0.4648426261946157;32.26666666666667;3;98.20615879620487
2021-06-03 00:32:03.0;0.45197405127642537;32.266666666666666;3;98.19862904527919
2021-06-03 00:32:06.0;0.5253883406941231;32.266666666666666;3;98.2002059177347
2021-06-03 00:32:09.0;0.5591295404739962;30.4;3;98.20700783861062
2021-06-03 00:32:12.0;0.5342830076205842;30.400000000000002;3;98.20901112344391
2021-06-03 00:32:15.0;0.6567065926410951;28.933333333333337;3;98.21057496563228
2021-06-03 00:32:18.0;0.5987675462262139;28.933333333333334;3;98.20912426836362
2021-06-03 00:32:21.0;0.6061865416238859;28.933333333333334;3;98.21062601417779
2021-06-03 00:32:24.0;0.5372019503701662;27.0;3;98.21644456407708
2021-06-03 00:32:27.0;0.648506567555917;27.0;3;98.18454492341596
2021-06-03 00:32:30.0;0.5667445782624938;27.333333333333332;3;98.18524661414824
2021-06-03 00:32:33.0;0.5462910552526861;27.33333333333333;3;98.18629774634185
2021-06-03 00:32:36.0;0.5880004219646224;27.33333333333333;3;98.18700324401634
2021-06-03 00:32:39.0;0.5186626297167405;28.133333333333333;3;98.19246364263168
2021-06-03 00:32:42.0;0.48520973991906535;28.133333333333333;3;98.19773645295531
2021-06-03 00:32:45.0;0.6623301186235637;27.4;3;98.19852710204746
2021-06-03 00:32:48.0;0.6918747823514313;27.4;3;98.14031199854925
2021-06-03 00:32:51.0;0.7218079726680504;27.4;3;98.14018421290855
2021-06-03 00:32:54.0;0.6843151436888092;26.53333333333333;3;98.14221539960582
2021-06-03 00:32:57.0;0.6451770092373484;26.53333333333333;3;98.14635716919406
2021-06-03 00:33:00.0;0.6331123760719791;26.466666666666665;3;98.14630845284887
2021-06-03 00:33:03.0;0.5703779795616805;26.46666666666667;3;98.12725890848243
2021-06-03 00:33:06.0;0.6899981187002396;26.46666666666667;3;98.126940211378
2021-06-03 00:33:09.0;0.6899981187002396;25.333333333333332;3;98.120736049877
2021-06-03 00:33:12.0;0.6148792321679546;25.333333333333336;3;98.07852442067342
2021-06-03 00:33:15.0;0.6947576471089213;25.866666666666667;3;98.07750029983825
2021-06-03 00:33:18.0;0.6947576471089213;25.866666666666667;3;98.04340726581661
2021-06-03 00:33:21.0;0.6568883180359394;25.866666666666667;4;98.0419480914392
2021-06-03 00:33:24.0;0.5878268897200702;27.133333333333333;4;98.04543160979541
2021-06-03 00:33:27.0;0.5167881480239356;28.89595111111111;4;98.05186507255245
2021-06-03 00:33:30.0;0.5335585601118343;27.404355555555558;4;98.05073715144059
2021-06-03 00:33:33.0;0.5229739062225836;27.711635555555556;4;98.0323824215947
2021-06-03 00:33:36.0;0.6605379456721698;28.018813333333334;4;98.03105231687267
2021-06-03 00:33:40.0;0.582615724494597;24.793066666666668;4;98.03311772110958
2021-06-03 00:33:43.0;0.5404398289733898;27.177333333333333;4;97.89383016700042
2021-06-03 00:33:46.0;0.6568734396955668;27.847555555555555;4;97.8788666335127
2021-06-03 00:33:49.0;0.6568734396955668;28.46666666666667;4;97.8730808813195
2021-06-03 00:33:52.0;0.5873726126281721;28.46666666666667;4;97.85822419253482
2021-06-03 00:33:55.0;0.5518149102326906;31.000000000000004;4;97.84834890775336
2021-06-03 00:33:58.0;0.6212646510231284;32.4;4;97.81570055280875
2021-06-03 00:34:01.0;0.564420060902793;31.666666666666668;4;97.79955809936922
2021-06-03 00:34:04.0;0.5477819451202603;31.666666666666668;4;97.79154654375553
2021-06-03 00:34:07.0;0.5640191653192195;31.666666666666668;4;97.77556764100382
2021-06-03 00:34:10.0;0.5113790651676612;31.866666666666664;4;97.7640087624359
2021-06-03 00:34:13.0;0.5236193434009664;30.800000000000004;4;97.75975114231977
2021-06-03 00:34:16.0;0.5873235503268994;33.06666666666667;4;97.74430272221896
2021-06-03 00:34:19.0;0.5668912299288226;33.06666666666667;4;97.7375486987918
2021-06-03 00:34:22.0;0.5595309806979374;31.4;4;97.72219455624943
2021-06-03 00:34:25.0;0.6042143944231257;29.46666666666667;4;97.70966933729687
2021-06-03 00:34:28.0;0.5217535441048362;30.200000000000003;4;97.64956039514165
2021-06-03 00:34:31.0;0.4443701467064176;29.6;4;97.64038612292381
2021-06-03 00:34:34.0;0.484625785372122;29.6;4;97.62337326328753
2021-06-03 00:34:37.0;0.5751149679859285;31.066666666666666;4;97.60650903188001
2021-06-03 00:34:40.0;0.5565775693961965;31.799999999999997;4;97.59491724567873
2021-06-03 00:34:43.0;0.4814304471942236;32.266666666666666;4;97.56033289581934
2021-06-03 00:34:46.0;0.5938871110894638;31.8;4;97.55007674684802
2021-06-03 00:34:49.0;0.5752756344030755;31.8;4;97.53277607413597
2021-06-03 00:34:52.0;0.47172111101730185;29.266666666666666;4;97.5156017786624
2021-06-03 00:34:55.0;0.4913026238340076;28.26666666666667;4;97.50203068523075
2021-06-03 00:34:58.0;0.5001871570376086;27.73333333333333;4;97.40093368611805
2021-06-03 00:35:01.0;0.485577735802767;26.8;4;97.3873966615009
2021-06-03 00:35:04.0;0.4710264615181138;26.8;4;97.36803744160005
2021-06-03 00:35:07.0;0.5217170800912024;27.46666666666667;4;97.34878715626336
2021-06-03 00:35:10.0;0.44860357507758863;28.6;4;97.33394147781192
2021-06-03 00:35:13.0;0.44957249671036537;28.46666666666667;4;97.36335040415292
2021-06-03 00:35:16.0;0.5381825821088474;29.933333333333334;4;97.35212880066084
2021-06-03 00:35:19.0;0.5229505579055782;29.93333333333333;4;97.33432531724982
2021-06-03 00:35:22.0;0.4785703364360843;31.53333333333333;4;97.31658073591328
2021-06-03 00:35:25.0;0.5910100949215256;32.0;4;97.30844013063073
2021-06-03 00:35:28.0;0.555913297293176;32.0;4;97.2426514543537
2021-06-03 00:35:31.0;0.4758481019114203;31.46666666666667;4;97.2299891876019
2021-06-03 00:35:34.0;0.44608794149628295;31.46666666666667;4;97.21145536397049
2021-06-03 00:35:37.0;0.6247100531661551;31.0;4;97.19302425861997
2021-06-03 00:35:40.0;0.631241444360693;31.333333333333336;4;97.14947941020087
2021-06-03 00:35:43.0;0.5226544032452917;31.999999999999996;4;97.22043608816169
2021-06-03 00:35:46.0;0.5778608699720911;33.2;4;97.15877104971989
2021-06-03 00:35:49.0;0.6141589609600706;33.2;4;97.14161117527485
2021-06-03 00:35:52.0;0.5893880299589901;32.599999999999994;4;97.12450773135922
2021-06-03 00:35:55.0;0.599674989112203;31.266666666666666;4;97.11739145217638
2021-06-03 00:35:58.0;0.5829455263999788;30.8;4;97.1678932419063
2021-06-03 00:36:01.0;0.5334851998515882;30.133333333333333;4;97.12736796949302
2021-06-03 00:36:04.0;0.5140874530922249;30.133333333333336;4;97.1114453934351
2021-06-03 00:36:07.0;0.5966633085054237;30.666666666666668;4;97.09555898673254
2021-06-03 00:36:10.0;0.5897238934399767;32.0;4;97.07960410535382
2021-06-03 00:36:13.0;0.5503731466636566;32.33333333333333;4;97.12135607854316
2021-06-03 00:36:16.0;0.6041897976066989;34.0;4;97.11592665105869
2021-06-03 00:36:19.0;0.5727716641663282;34.0;4;97.10115355810582
2021-06-03 00:36:22.0;0.4697848592583546;34.400000000000006;4;97.08641884569687
2021-06-03 00:36:25.0;0.6174097617170258;35.66666666666667;4;97.08356574131658
2021-06-03 00:36:28.0;0.5812614388899139;37.13333333333333;4;97.13859139528395
2021-06-03 00:36:31.0;0.6148313012010148;35.199999999999996;4;97.13319452401788
2021-06-03 00:36:34.0;0.6148313012010148;35.199999999999996;4;97.11958107356695
2021-06-03 00:36:37.0;0.5754756949010345;36.06666666666666;4;97.10612255038369
2021-06-03 00:36:40.0;0.5779791480153327;34.93333333333334;4;97.10507010642327
2021-06-03 00:36:43.0;0.5779791480153327;34.93333333333333;4;97.16257328911318
2021-06-03 00:36:46.0;0.4120943284278401;35.93333333333333;4;97.15852942056006
2021-06-03 00:36:49.0;0.36981838907858017;35.93333333333333;4;97.14619564927858
2021-06-03 00:36:52.0;0.3589231980243809;34.86666666666667;4;97.13389388800697
2021-06-03 00:36:55.0;0.4786241562549479;31.733333333333334;4;97.1312377486766
2021-06-03 00:36:58.0;0.45597698650478014;31.733333333333334;4;97.18383442931017
2021-06-03 00:37:01.0;0.4475036513962649;29.133333333333333;4;97.17867836229878
2021-06-03 00:37:04.0;0.40416568246111945;29.133333333333333;4;97.16738595519202
2021-06-03 00:37:07.0;0.3791680970477724;26.266666666666666;4;97.15606626864157
2021-06-03 00:37:10.0;0.34670136201995905;22.4;4;97.15059265171469
2021-06-03 00:37:13.0;0.33072926384388746;22.4;4;97.19882703620243
2021-06-03 00:37:16.0;0.36942383199437545;23.066666666666663;4;97.19481030927386
2021-06-03 00:37:19.0;0.31096868656317;23.066666666666663;4;97.18434039541708
2021-06-03 00:37:22.0;0.31874453803193314;25.199999999999996;4;97.17387616731308
2021-06-03 00:37:25.0;0.3071520934746599;14.666666666666666;4;97.1677722888545
2021-06-03 00:37:28.0;0.3071520934746599;14.666666666666666;4;97.20862556800301
2021-06-03 00:37:31.0;0.25747780560207123;14.533333333333333;4;97.2049948519044
2021-06-03 00:37:34.0;0.1999760265125633;14.533333333333333;4;97.19509215426665
2021-06-03 00:37:37.0;0.1863244462944625;12.666666666666666;4;97.18531491779694
2021-06-03 00:37:40.0;0.1845260256535612;12.2;4;97.17847968163333
2021-06-03 00:37:43.0;0.1827323801089517;12.2;4;97.19892551326028
2021-06-03 00:37:46.0;0.13183352798908865;8.133333333333333;4;97.20205980311978
2021-06-03 00:37:49.0;0.1429027239077934;8.133333333333333;2;97.20187040726483
2021-06-03 00:37:52.0;0.1828967254817876;3.7333333333333334;2;97.2016817250139
2021-06-03 00:37:55.0;0.18856115752335134;3.7333333333333334;2;97.20216773285671
2021-06-03 00:37:58.0;0.16950298358789448;3.7333333333333334;2;97.2015584204619
2021-06-03 00:38:01.0;0.16300824733359004;1.2666666666666666;2;97.20298006916762
2021-06-03 00:38:04.0;0.09311206089065246;1.2666666666666666;2;97.20268612190314
2021-06-03 00:38:07.0;0.09311206089065246;0.26666666666666666;2;97.20239229613797
2021-06-03 00:38:11.0;0.07761476962702005;0.26666666666666666;2;97.2020990782519
2021-06-03 00:38:14.0;0.06518269518037986;0.26666666666666666;2;97.20180568946031
2021-06-03 00:38:17.0;0.007993009283611279;0.0;2;97.20297544659837
2021-06-03 00:38:20.0;0.007993009283611279;0.0;2;97.20269033418147
2021-06-03 00:38:23.0;0.006362632172933797;0.0;2;97.20240571114405
2021-06-03 00:38:26.0;0.005841004612739375;0.0;2;97.2021213877988
2021-06-03 00:38:29.0;0.0010769662394435563;0.0;2;97.20183726936217
2021-06-03 00:38:32.0;0.0012045618305562547;0.0;2;97.2029729267392
2021-06-03 00:38:35.0;5.556800000097913E-4;0.0;1;97.20262060324153
2021-06-03 00:38:38.0;5.556800000097913E-4;0.0;1;97.20234467477717
2021-06-03 00:38:41.0;6.688071793363447E-4;0.0;1;97.20206893924934
2021-06-03 00:38:44.0;6.025520088896406E-4;0.0;1;97.20179321313039
2021-06-03 00:38:47.0;9.95313610231597E-4;0.0;1;97.20151740500414
2021-06-03 00:38:50.0;9.95313610231597E-4;0.0;1;97.20229309160774
2021-06-03 00:38:53.0;9.981523871686509E-4;0.0;1;97.20229309160774
2021-06-03 00:38:56.0;9.981523871686509E-4;0.0;1;97.20229309160774
2021-06-03 00:38:59.0;7.435348037840077E-4;0.0;1;97.20229309160774
2021-06-03 00:39:02.0;6.767029561720267E-4;0.0;1;97.20229309160774
2021-06-03 00:39:05.0;0.0012758298075097967;0.0;1;97.20229309160774
2021-06-03 00:39:08.0;0.0012758298075097967;0.0;1;97.20229309160774
2021-06-03 00:39:11.0;0.0012758298075097967;0.0;1;97.20229309160774
2021-06-03 00:39:14.0;9.768461800632507E-4;0.0;1;97.20229309160774
2021-06-03 00:39:17.0;0.0012991437886636032;0.0;1;97.20229309160774
2021-06-03 00:39:20.0;0.0012991437886636032;0.0;1;97.20229309160774
2021-06-03 00:39:23.0;0.0012991437886636032;0.0;1;97.20229309160774
2021-06-03 00:39:26.0;0.001323537847632429;0.0;1;97.20229309160774
2021-06-03 00:39:29.0;0.001031124219162171;0.0;1;97.20229309160774
2021-06-03 00:39:32.0;9.425648311794765E-4;0.0;1;97.20229309160774
2021-06-03 00:39:35.0;0.001119451926464591;0.0;1;97.20222031201371
