2022-02-07 07:05:03.0,0.002336817123958785,2022-02-07 07:05:03.0,0.0,2022-02-07 07:05:03.0,1,2022-02-07 07:05:03.0,NaN,2022-02-07 07:05:03.0,360
2022-02-07 07:05:09.0,0.00262690002518251,2022-02-07 07:05:09.0,0.0,2022-02-07 07:05:09.0,1,2022-02-07 07:05:09.0,NaN,2022-02-07 07:05:09.0,360
2022-02-07 07:05:15.0,0.00262690002518251,2022-02-07 07:05:15.0,0.0,2022-02-07 07:05:15.0,1,2022-02-07 07:05:15.0,NaN,2022-02-07 07:05:15.0,360
2022-02-07 07:05:21.0,0.0017260190857682984,2022-02-07 07:05:21.0,0.0,2022-02-07 07:05:21.0,1,2022-02-07 07:05:21.0,NaN,2022-02-07 07:05:21.0,360
2022-02-07 07:05:27.0,0.0017260190857682984,2022-02-07 07:05:27.0,0.0,2022-02-07 07:05:27.0,1,2022-02-07 07:05:27.0,NaN,2022-02-07 07:05:27.0,360
2022-02-07 07:05:34.0,0.0011906463213426557,2022-02-07 07:05:34.0,0.0,2022-02-07 07:05:34.0,1,2022-02-07 07:05:34.0,NaN,2022-02-07 07:05:34.0,360
2022-02-07 07:05:40.0,0.0018952276827200853,2022-02-07 07:05:40.0,0.0,2022-02-07 07:05:40.0,1,2022-02-07 07:05:40.0,NaN,2022-02-07 07:05:40.0,360
2022-02-07 07:05:46.0,0.0018952276827200853,2022-02-07 07:05:46.0,0.0,2022-02-07 07:05:46.0,1,2022-02-07 07:05:46.0,NaN,2022-02-07 07:05:46.0,720
2022-02-07 07:05:52.0,0.0019148354447575803,2022-02-07 07:05:52.0,0.0,2022-02-07 07:05:52.0,1,2022-02-07 07:05:52.0,NaN,2022-02-07 07:05:52.0,720
2022-02-07 07:05:58.0,9.648488888888411E-4,2022-02-07 07:05:58.0,0.0,2022-02-07 07:05:58.0,1,2022-02-07 07:05:58.0,NaN,2022-02-07 07:05:58.0,720
2022-02-07 07:06:04.0,0.0011839085267562942,2022-02-07 07:06:04.0,0.0,2022-02-07 07:06:04.0,1,2022-02-07 07:06:04.0,NaN,2022-02-07 07:06:04.0,720
2022-02-07 07:06:10.0,0.0024761406303333722,2022-02-07 07:06:10.0,0.0,2022-02-07 07:06:10.0,1,2022-02-07 07:06:10.0,NaN,2022-02-07 07:06:10.0,720
2022-02-07 07:06:16.0,0.0036597987915031297,2022-02-07 07:06:16.0,0.0,2022-02-07 07:06:16.0,1,2022-02-07 07:06:16.0,NaN,2022-02-07 07:06:16.0,720
2022-02-07 07:06:22.0,0.0036597987915031297,2022-02-07 07:06:22.0,0.0,2022-02-07 07:06:22.0,1,2022-02-07 07:06:22.0,NaN,2022-02-07 07:06:22.0,720
2022-02-07 07:06:28.0,0.0043769435727395575,2022-02-07 07:06:28.0,0.0,2022-02-07 07:06:28.0,1,2022-02-07 07:06:28.0,NaN,2022-02-07 07:06:28.0,720
2022-02-07 07:06:34.0,0.003125575405293318,2022-02-07 07:06:34.0,0.0,2022-02-07 07:06:34.0,1,2022-02-07 07:06:34.0,NaN,2022-02-07 07:06:34.0,720
2022-02-07 07:06:40.0,0.0032646765472221875,2022-02-07 07:06:40.0,0.0,2022-02-07 07:06:40.0,1,2022-02-07 07:06:40.0,NaN,2022-02-07 07:06:40.0,720
2022-02-07 07:06:46.0,0.0024301724411700193,2022-02-07 07:06:46.0,0.0,2022-02-07 07:06:46.0,1,2022-02-07 07:06:46.0,NaN,2022-02-07 07:06:46.0,1080
2022-02-07 07:06:52.0,0.0024301724411700193,2022-02-07 07:06:52.0,0.0,2022-02-07 07:06:52.0,1,2022-02-07 07:06:52.0,NaN,2022-02-07 07:06:52.0,1080
2022-02-07 07:06:58.0,0.0015075466666666494,2022-02-07 07:06:58.0,0.0,2022-02-07 07:06:58.0,1,2022-02-07 07:06:58.0,NaN,2022-02-07 07:06:58.0,1080
2022-02-07 07:07:04.0,0.001859891875968971,2022-02-07 07:07:04.0,0.0,2022-02-07 07:07:04.0,1,2022-02-07 07:07:04.0,NaN,2022-02-07 07:07:04.0,1080
2022-02-07 07:07:10.0,0.0027782569526047162,2022-02-07 07:07:10.0,0.0,2022-02-07 07:07:10.0,1,2022-02-07 07:07:10.0,NaN,2022-02-07 07:07:10.0,1080
2022-02-07 07:07:16.0,0.002340703241323965,2022-02-07 07:07:16.0,0.0,2022-02-07 07:07:16.0,1,2022-02-07 07:07:16.0,NaN,2022-02-07 07:07:16.0,1080
2022-02-07 07:07:22.0,0.002204184694865938,2022-02-07 07:07:22.0,0.0,2022-02-07 07:07:22.0,1,2022-02-07 07:07:22.0,NaN,2022-02-07 07:07:22.0,1080
2022-02-07 07:07:28.0,0.002204184694865938,2022-02-07 07:07:28.0,0.0,2022-02-07 07:07:28.0,1,2022-02-07 07:07:28.0,NaN,2022-02-07 07:07:28.0,1080
2022-02-07 07:07:34.0,0.0017243862068965128,2022-02-07 07:07:34.0,0.0,2022-02-07 07:07:34.0,1,2022-02-07 07:07:34.0,NaN,2022-02-07 07:07:34.0,1080
2022-02-07 07:07:40.0,0.0018577092780978064,2022-02-07 07:07:40.0,0.0,2022-02-07 07:07:40.0,1,2022-02-07 07:07:40.0,NaN,2022-02-07 07:07:40.0,1080
2022-02-07 07:07:46.0,0.0015932767741713575,2022-02-07 07:07:46.0,0.0,2022-02-07 07:07:46.0,1,2022-02-07 07:07:46.0,NaN,2022-02-07 07:07:46.0,1440
2022-02-07 07:07:52.0,0.001321579214465687,2022-02-07 07:07:52.0,0.0,2022-02-07 07:07:52.0,1,2022-02-07 07:07:52.0,NaN,2022-02-07 07:07:53.0,1440
2022-02-07 07:07:59.0,0.0019606752944062735,2022-02-07 07:07:59.0,0.0,2022-02-07 07:07:59.0,1,2022-02-07 07:07:59.0,NaN,2022-02-07 07:07:59.0,1440
2022-02-07 07:08:05.0,0.001909708791512352,2022-02-07 07:08:05.0,0.0,2022-02-07 07:08:05.0,1,2022-02-07 07:08:05.0,NaN,2022-02-07 07:08:05.0,1440
2022-02-07 07:08:11.0,0.0013213699508205412,2022-02-07 07:08:11.0,0.0,2022-02-07 07:08:11.0,1,2022-02-07 07:08:11.0,NaN,2022-02-07 07:08:11.0,1440
2022-02-07 07:08:17.0,0.0017138559802205846,2022-02-07 07:08:17.0,0.0,2022-02-07 07:08:17.0,1,2022-02-07 07:08:17.0,NaN,2022-02-07 07:08:17.0,1440
2022-02-07 07:08:23.0,0.0017138559802205846,2022-02-07 07:08:23.0,0.0,2022-02-07 07:08:23.0,1,2022-02-07 07:08:23.0,NaN,2022-02-07 07:08:23.0,1440
2022-02-07 07:08:29.0,0.002132139792752985,2022-02-07 07:08:29.0,0.0,2022-02-07 07:08:29.0,1,2022-02-07 07:08:29.0,NaN,2022-02-07 07:08:29.0,1440
2022-02-07 07:08:35.0,0.001392679999999934,2022-02-07 07:08:35.0,0.0,2022-02-07 07:08:35.0,1,2022-02-07 07:08:35.0,NaN,2022-02-07 07:08:35.0,1440
2022-02-07 07:08:41.0,0.002638165691362041,2022-02-07 07:08:41.0,0.0,2022-02-07 07:08:41.0,1,2022-02-07 07:08:41.0,NaN,2022-02-07 07:08:41.0,1440
2022-02-07 07:08:47.0,0.002638165691362041,2022-02-07 07:08:47.0,0.0,2022-02-07 07:08:47.0,1,2022-02-07 07:08:47.0,NaN,2022-02-07 07:08:47.0,1800
2022-02-07 07:08:53.0,0.0019007336934225645,2022-02-07 07:08:53.0,0.0,2022-02-07 07:08:53.0,1,2022-02-07 07:08:53.0,NaN,2022-02-07 07:08:53.0,1800
2022-02-07 07:08:59.0,0.0022798060506726346,2022-02-07 07:08:59.0,0.0,2022-02-07 07:08:59.0,1,2022-02-07 07:08:59.0,NaN,2022-02-07 07:08:59.0,1800
2022-02-07 07:09:05.0,0.0011742266666666347,2022-02-07 07:09:05.0,0.0,2022-02-07 07:09:05.0,1,2022-02-07 07:09:05.0,NaN,2022-02-07 07:09:05.0,1800
2022-02-07 07:09:11.0,0.0016855676863053797,2022-02-07 07:09:11.0,0.0,2022-02-07 07:09:11.0,1,2022-02-07 07:09:11.0,NaN,2022-02-07 07:09:11.0,1800
2022-02-07 07:09:17.0,0.0016855676863053797,2022-02-07 07:09:17.0,0.0,2022-02-07 07:09:17.0,1,2022-02-07 07:09:17.0,NaN,2022-02-07 07:09:17.0,1800
2022-02-07 07:09:23.0,0.0014282432277975257,2022-02-07 07:09:23.0,0.0,2022-02-07 07:09:23.0,1,2022-02-07 07:09:23.0,NaN,2022-02-07 07:09:23.0,1800
2022-02-07 07:09:29.0,0.0016441617963703506,2022-02-07 07:09:29.0,0.0,2022-02-07 07:09:29.0,1,2022-02-07 07:09:29.0,NaN,2022-02-07 07:09:29.0,1800
2022-02-07 07:09:35.0,0.0018958366640020646,2022-02-07 07:09:35.0,0.0,2022-02-07 07:09:35.0,1,2022-02-07 07:09:35.0,NaN,2022-02-07 07:09:35.0,1800
2022-02-07 07:09:41.0,0.0013091384110488922,2022-02-07 07:09:41.0,0.0,2022-02-07 07:09:41.0,1,2022-02-07 07:09:41.0,NaN,2022-02-07 07:09:41.0,1800
2022-02-07 07:09:47.0,0.0023957564303222073,2022-02-07 07:09:47.0,0.0,2022-02-07 07:09:47.0,1,2022-02-07 07:09:47.0,NaN,2022-02-07 07:09:47.0,2160
2022-02-07 07:09:53.0,0.0027938676993263974,2022-02-07 07:09:53.0,0.0,2022-02-07 07:09:53.0,1,2022-02-07 07:09:53.0,NaN,2022-02-07 07:09:53.0,2160
2022-02-07 07:09:59.0,0.0024278023704127297,2022-02-07 07:09:59.0,0.0,2022-02-07 07:09:59.0,1,2022-02-07 07:09:59.0,NaN,2022-02-07 07:09:59.0,2160
2022-02-07 07:10:05.0,0.0015475731412741534,2022-02-07 07:10:05.0,0.0,2022-02-07 07:10:05.0,1,2022-02-07 07:10:05.0,NaN,2022-02-07 07:10:05.0,2160
2022-02-07 07:10:11.0,0.0020008846820093926,2022-02-07 07:10:11.0,0.0,2022-02-07 07:10:11.0,1,2022-02-07 07:10:11.0,NaN,2022-02-07 07:10:11.0,2160
2022-02-07 07:10:17.0,0.0016699241840143588,2022-02-07 07:10:17.0,0.0,2022-02-07 07:10:17.0,1,2022-02-07 07:10:17.0,NaN,2022-02-07 07:10:17.0,2160
2022-02-07 07:10:23.0,0.0016699241840143588,2022-02-07 07:10:24.0,0.0,2022-02-07 07:10:24.0,1,2022-02-07 07:10:24.0,NaN,2022-02-07 07:10:24.0,2160
2022-02-07 07:10:30.0,9.547440933796246E-4,2022-02-07 07:10:30.0,0.0,2022-02-07 07:10:30.0,1,2022-02-07 07:10:30.0,NaN,2022-02-07 07:10:30.0,2160
2022-02-07 07:10:36.0,7.782669272921335E-4,2022-02-07 07:10:36.0,0.0,2022-02-07 07:10:36.0,1,2022-02-07 07:10:36.0,NaN,2022-02-07 07:10:36.0,2160
2022-02-07 07:10:42.0,0.0018285589614922316,2022-02-07 07:10:42.0,0.0,2022-02-07 07:10:42.0,1,2022-02-07 07:10:42.0,NaN,2022-02-07 07:10:42.0,2160
2022-02-07 07:10:48.0,0.0017772942850367687,2022-02-07 07:10:48.0,0.0,2022-02-07 07:10:48.0,1,2022-02-07 07:10:48.0,NaN,2022-02-07 07:10:48.0,2520
2022-02-07 07:10:54.0,0.0017772942850367687,2022-02-07 07:10:54.0,0.0,2022-02-07 07:10:54.0,1,2022-02-07 07:10:54.0,NaN,2022-02-07 07:10:54.0,2520
2022-02-07 07:11:00.0,0.001716270614206067,2022-02-07 07:11:00.0,0.0,2022-02-07 07:11:00.0,1,2022-02-07 07:11:00.0,NaN,2022-02-07 07:11:00.0,2520
2022-02-07 07:11:06.0,0.0018115990834606608,2022-02-07 07:11:06.0,0.0,2022-02-07 07:11:06.0,1,2022-02-07 07:11:06.0,NaN,2022-02-07 07:11:06.0,2520
2022-02-07 07:11:12.0,0.001811599083460661,2022-02-07 07:11:12.0,0.0,2022-02-07 07:11:12.0,1,2022-02-07 07:11:12.0,NaN,2022-02-07 07:11:12.0,2520
2022-02-07 07:11:18.0,0.0018399555909338595,2022-02-07 07:11:18.0,0.0,2022-02-07 07:11:18.0,1,2022-02-07 07:11:18.0,NaN,2022-02-07 07:11:18.0,2520
2022-02-07 07:11:24.0,0.0014077398006479903,2022-02-07 07:11:24.0,0.0,2022-02-07 07:11:24.0,1,2022-02-07 07:11:24.0,NaN,2022-02-07 07:11:24.0,2520
2022-02-07 07:11:30.0,0.0017710051259193008,2022-02-07 07:11:30.0,0.0,2022-02-07 07:11:30.0,1,2022-02-07 07:11:30.0,NaN,2022-02-07 07:11:30.0,2520
2022-02-07 07:11:36.0,0.0013367054744570566,2022-02-07 07:11:36.0,0.0,2022-02-07 07:11:36.0,1,2022-02-07 07:11:36.0,NaN,2022-02-07 07:11:36.0,2520
2022-02-07 07:11:42.0,0.0011331447855391238,2022-02-07 07:11:42.0,0.0,2022-02-07 07:11:42.0,1,2022-02-07 07:11:42.0,NaN,2022-02-07 07:11:42.0,2520
2022-02-07 07:11:48.0,0.003238467773310819,2022-02-07 07:11:48.0,0.0,2022-02-07 07:11:48.0,1,2022-02-07 07:11:48.0,NaN,2022-02-07 07:11:48.0,2880
2022-02-07 07:11:54.0,0.004149470226742989,2022-02-07 07:11:54.0,0.0,2022-02-07 07:11:54.0,1,2022-02-07 07:11:54.0,NaN,2022-02-07 07:11:54.0,2880
2022-02-07 07:12:00.0,0.0031665828724653177,2022-02-07 07:12:00.0,0.0,2022-02-07 07:12:00.0,1,2022-02-07 07:12:00.0,NaN,2022-02-07 07:12:00.0,2880
2022-02-07 07:12:06.0,0.0019291419419522613,2022-02-07 07:12:06.0,0.0,2022-02-07 07:12:06.0,1,2022-02-07 07:12:06.0,NaN,2022-02-07 07:12:06.0,2880
2022-02-07 07:12:12.0,0.0025526191755901573,2022-02-07 07:12:12.0,0.0,2022-02-07 07:12:12.0,1,2022-02-07 07:12:12.0,NaN,2022-02-07 07:12:12.0,2880
2022-02-07 07:12:18.0,0.0019964176384467047,2022-02-07 07:12:18.0,0.0,2022-02-07 07:12:18.0,1,2022-02-07 07:12:18.0,NaN,2022-02-07 07:12:18.0,2880
2022-02-07 07:12:24.0,0.0022770025501460066,2022-02-07 07:12:24.0,0.0,2022-02-07 07:12:24.0,1,2022-02-07 07:12:24.0,NaN,2022-02-07 07:12:24.0,2880
2022-02-07 07:12:30.0,0.0025112701134264613,2022-02-07 07:12:30.0,0.0,2022-02-07 07:12:30.0,1,2022-02-07 07:12:30.0,NaN,2022-02-07 07:12:30.0,2880
2022-02-07 07:12:36.0,0.0017877894736842506,2022-02-07 07:12:36.0,0.0,2022-02-07 07:12:36.0,1,2022-02-07 07:12:36.0,NaN,2022-02-07 07:12:36.0,2880
2022-02-07 07:12:42.0,0.0012173257169590915,2022-02-07 07:12:42.0,0.0,2022-02-07 07:12:42.0,1,2022-02-07 07:12:42.0,NaN,2022-02-07 07:12:42.0,2880
2022-02-07 07:12:48.0,0.0019618860307438527,2022-02-07 07:12:48.0,0.0,2022-02-07 07:12:48.0,1,2022-02-07 07:12:48.0,NaN,2022-02-07 07:12:48.0,3240
2022-02-07 07:12:55.0,0.0019618860307438527,2022-02-07 07:12:55.0,0.0,2022-02-07 07:12:55.0,1,2022-02-07 07:12:55.0,NaN,2022-02-07 07:12:55.0,3240
2022-02-07 07:13:01.0,0.0021751592537822815,2022-02-07 07:13:01.0,0.0,2022-02-07 07:13:01.0,1,2022-02-07 07:13:01.0,NaN,2022-02-07 07:13:01.0,3240
2022-02-07 07:13:07.0,0.0024352521618379195,2022-02-07 07:13:07.0,0.0,2022-02-07 07:13:07.0,1,2022-02-07 07:13:07.0,NaN,2022-02-07 07:13:07.0,3240
2022-02-07 07:13:13.0,0.001893408555828983,2022-02-07 07:13:13.0,0.0,2022-02-07 07:13:13.0,1,2022-02-07 07:13:13.0,NaN,2022-02-07 07:13:13.0,3240
2022-02-07 07:13:19.0,0.0021217373536880626,2022-02-07 07:13:19.0,0.0,2022-02-07 07:13:19.0,1,2022-02-07 07:13:19.0,NaN,2022-02-07 07:13:19.0,3240
2022-02-07 07:13:25.0,0.001852025412684685,2022-02-07 07:13:25.0,0.0,2022-02-07 07:13:25.0,1,2022-02-07 07:13:25.0,NaN,2022-02-07 07:13:25.0,3240
2022-02-07 07:13:31.0,0.001852025412684685,2022-02-07 07:13:31.0,0.0,2022-02-07 07:13:31.0,1,2022-02-07 07:13:31.0,NaN,2022-02-07 07:13:31.0,3240
2022-02-07 07:13:37.0,0.0061566428117966285,2022-02-07 07:13:37.0,0.0,2022-02-07 07:13:37.0,1,2022-02-07 07:13:37.0,NaN,2022-02-07 07:13:37.0,3240
2022-02-07 07:13:43.0,0.01103863776327129,2022-02-07 07:13:43.0,0.0,2022-02-07 07:13:43.0,1,2022-02-07 07:13:43.0,NaN,2022-02-07 07:13:43.0,3240
2022-02-07 07:13:49.0,0.00823629558976882,2022-02-07 07:13:49.0,0.0,2022-02-07 07:13:49.0,1,2022-02-07 07:13:49.0,NaN,2022-02-07 07:13:49.0,3600
2022-02-07 07:13:55.0,0.00675319328050797,2022-02-07 07:13:55.0,0.0,2022-02-07 07:13:55.0,1,2022-02-07 07:13:55.0,NaN,2022-02-07 07:13:55.0,3600
2022-02-07 07:14:01.0,0.002195346396081173,2022-02-07 07:14:01.0,0.0,2022-02-07 07:14:01.0,1,2022-02-07 07:14:01.0,NaN,2022-02-07 07:14:01.0,3600
2022-02-07 07:14:07.0,0.0017431111377173732,2022-02-07 07:14:07.0,0.0,2022-02-07 07:14:07.0,1,2022-02-07 07:14:07.0,NaN,2022-02-07 07:14:07.0,3600
2022-02-07 07:14:13.0,0.0017431111377173732,2022-02-07 07:14:13.0,0.0,2022-02-07 07:14:13.0,1,2022-02-07 07:14:13.0,NaN,2022-02-07 07:14:13.0,3600
2022-02-07 07:14:19.0,0.0017065077910174828,2022-02-07 07:14:19.0,0.0,2022-02-07 07:14:19.0,1,2022-02-07 07:14:19.0,NaN,2022-02-07 07:14:19.0,3600
2022-02-07 07:14:25.0,0.0017065077910174828,2022-02-07 07:14:25.0,0.0,2022-02-07 07:14:25.0,1,2022-02-07 07:14:25.0,NaN,2022-02-07 07:14:25.0,3600
2022-02-07 07:14:31.0,0.0013042933852735008,2022-02-07 07:14:31.0,0.0,2022-02-07 07:14:31.0,1,2022-02-07 07:14:31.0,NaN,2022-02-07 07:14:31.0,3600
2022-02-07 07:14:37.0,0.0017304859924202874,2022-02-07 07:14:37.0,0.0,2022-02-07 07:14:37.0,1,2022-02-07 07:14:37.0,NaN,2022-02-07 07:14:37.0,3600
2022-02-07 07:14:43.0,0.0017304859924202874,2022-02-07 07:14:43.0,0.0,2022-02-07 07:14:43.0,1,2022-02-07 07:14:43.0,NaN,2022-02-07 07:14:43.0,3600
2022-02-07 07:14:49.0,9.599768821801799E-4,2022-02-07 07:14:49.0,0.0,2022-02-07 07:14:49.0,1,2022-02-07 07:14:49.0,NaN,2022-02-07 07:14:49.0,3960
2022-02-07 07:14:55.0,7.861193974841836E-4,2022-02-07 07:14:55.0,0.0,2022-02-07 07:14:55.0,1,2022-02-07 07:14:55.0,NaN,2022-02-07 07:14:55.0,3960
2022-02-07 07:15:01.0,0.0012720394353051261,2022-02-07 07:15:01.0,0.0,2022-02-07 07:15:01.0,1,2022-02-07 07:15:01.0,NaN,2022-02-07 07:15:01.0,3960
2022-02-07 07:15:07.0,0.001205428321678337,2022-02-07 07:15:07.0,0.0,2022-02-07 07:15:07.0,1,2022-02-07 07:15:07.0,NaN,2022-02-07 07:15:07.0,3960
2022-02-07 07:15:13.0,0.001205428321678337,2022-02-07 07:15:13.0,0.0,2022-02-07 07:15:13.0,1,2022-02-07 07:15:13.0,NaN,2022-02-07 07:15:13.0,3960
2022-02-07 07:15:19.0,0.001138956805215977,2022-02-07 07:15:20.0,0.0,2022-02-07 07:15:20.0,1,2022-02-07 07:15:20.0,NaN,2022-02-07 07:15:20.0,3960
2022-02-07 07:15:26.0,8.106841438015054E-4,2022-02-07 07:15:26.0,0.0,2022-02-07 07:15:26.0,1,2022-02-07 07:15:26.0,NaN,2022-02-07 07:15:26.0,3960
2022-02-07 07:15:32.0,0.0012603612752338394,2022-02-07 07:15:32.0,0.0,2022-02-07 07:15:32.0,1,2022-02-07 07:15:32.0,NaN,2022-02-07 07:15:32.0,3960
2022-02-07 07:15:38.0,0.0010657213295903998,2022-02-07 07:15:38.0,0.0,2022-02-07 07:15:38.0,1,2022-02-07 07:15:38.0,NaN,2022-02-07 07:15:38.0,3960
2022-02-07 07:15:44.0,8.784341735938341E-4,2022-02-07 07:15:44.0,0.0,2022-02-07 07:15:44.0,1,2022-02-07 07:15:44.0,NaN,2022-02-07 07:15:44.0,3960
2022-02-07 07:15:50.0,0.0021429497179887083,2022-02-07 07:15:50.0,0.0,2022-02-07 07:15:50.0,1,2022-02-07 07:15:50.0,NaN,2022-02-07 07:15:50.0,4320
2022-02-07 07:15:56.0,0.001598830974038953,2022-02-07 07:15:56.0,0.0,2022-02-07 07:15:56.0,1,2022-02-07 07:15:56.0,NaN,2022-02-07 07:15:56.0,4320
2022-02-07 07:16:02.0,0.0025670917792793378,2022-02-07 07:16:02.0,0.0,2022-02-07 07:16:02.0,1,2022-02-07 07:16:02.0,NaN,2022-02-07 07:16:02.0,4320
2022-02-07 07:16:08.0,0.0029420123050812696,2022-02-07 07:16:08.0,0.0,2022-02-07 07:16:08.0,1,2022-02-07 07:16:08.0,NaN,2022-02-07 07:16:08.0,4320
2022-02-07 07:16:14.0,0.0029420123050812696,2022-02-07 07:16:14.0,0.0,2022-02-07 07:16:14.0,1,2022-02-07 07:16:14.0,NaN,2022-02-07 07:16:14.0,4320
2022-02-07 07:16:20.0,0.002584231923066215,2022-02-07 07:16:20.0,0.0,2022-02-07 07:16:20.0,1,2022-02-07 07:16:20.0,NaN,2022-02-07 07:16:20.0,4320
2022-02-07 07:16:26.0,0.002183019092369026,2022-02-07 07:16:26.0,0.0,2022-02-07 07:16:26.0,1,2022-02-07 07:16:26.0,NaN,2022-02-07 07:16:26.0,4320
2022-02-07 07:16:32.0,0.0016061441693266646,2022-02-07 07:16:32.0,0.0,2022-02-07 07:16:32.0,1,2022-02-07 07:16:32.0,NaN,2022-02-07 07:16:32.0,4320
2022-02-07 07:16:38.0,0.001957636378919002,2022-02-07 07:16:38.0,0.0,2022-02-07 07:16:38.0,1,2022-02-07 07:16:38.0,NaN,2022-02-07 07:16:38.0,4320
2022-02-07 07:16:44.0,0.0017569075113887946,2022-02-07 07:16:44.0,0.0,2022-02-07 07:16:44.0,1,2022-02-07 07:16:44.0,NaN,2022-02-07 07:16:44.0,4320
2022-02-07 07:16:50.0,0.0017569075113887946,2022-02-07 07:16:50.0,0.0,2022-02-07 07:16:50.0,1,2022-02-07 07:16:50.0,NaN,2022-02-07 07:16:50.0,4680
2022-02-07 07:16:56.0,0.0017089528307387314,2022-02-07 07:16:56.0,0.0,2022-02-07 07:16:56.0,1,2022-02-07 07:16:56.0,NaN,2022-02-07 07:16:56.0,4680
2022-02-07 07:17:02.0,0.001650259336099734,2022-02-07 07:17:02.0,0.0,2022-02-07 07:17:02.0,1,2022-02-07 07:17:02.0,NaN,2022-02-07 07:17:02.0,4680
2022-02-07 07:17:08.0,0.0015409414356745141,2022-02-07 07:17:08.0,0.0,2022-02-07 07:17:08.0,1,2022-02-07 07:17:08.0,NaN,2022-02-07 07:17:08.0,4680
2022-02-07 07:17:14.0,0.0015409414356745141,2022-02-07 07:17:14.0,0.0,2022-02-07 07:17:14.0,1,2022-02-07 07:17:14.0,NaN,2022-02-07 07:17:14.0,4680
2022-02-07 07:17:20.0,0.0014481087926002097,2022-02-07 07:17:20.0,0.0,2022-02-07 07:17:20.0,1,2022-02-07 07:17:20.0,NaN,2022-02-07 07:17:20.0,4680
2022-02-07 07:17:26.0,0.0022874933250892314,2022-02-07 07:17:26.0,0.0,2022-02-07 07:17:26.0,1,2022-02-07 07:17:26.0,NaN,2022-02-07 07:17:26.0,4680
2022-02-07 07:17:32.0,0.003162779882879914,2022-02-07 07:17:32.0,0.0,2022-02-07 07:17:32.0,1,2022-02-07 07:17:32.0,NaN,2022-02-07 07:17:32.0,4680
2022-02-07 07:17:38.0,0.0030610062681135815,2022-02-07 07:17:38.0,0.0,2022-02-07 07:17:38.0,1,2022-02-07 07:17:38.0,NaN,2022-02-07 07:17:38.0,4680
2022-02-07 07:17:44.0,0.0030610062681135815,2022-02-07 07:17:44.0,0.0,2022-02-07 07:17:44.0,1,2022-02-07 07:17:44.0,NaN,2022-02-07 07:17:44.0,4680
2022-02-07 07:17:50.0,0.0015885777777777813,2022-02-07 07:17:50.0,0.0,2022-02-07 07:17:50.0,1,2022-02-07 07:17:50.0,NaN,2022-02-07 07:17:50.0,5040
2022-02-07 07:17:56.0,0.00217670295011345,2022-02-07 07:17:56.0,0.0,2022-02-07 07:17:56.0,1,2022-02-07 07:17:56.0,NaN,2022-02-07 07:17:56.0,5040
2022-02-07 07:18:02.0,0.0017675190738746232,2022-02-07 07:18:02.0,0.0,2022-02-07 07:18:02.0,1,2022-02-07 07:18:02.0,NaN,2022-02-07 07:18:02.0,5040
2022-02-07 07:18:09.0,0.0024475105897686675,2022-02-07 07:18:09.0,0.0,2022-02-07 07:18:09.0,1,2022-02-07 07:18:09.0,NaN,2022-02-07 07:18:09.0,5040
2022-02-07 07:18:15.0,0.0024475105897686675,2022-02-07 07:18:15.0,0.0,2022-02-07 07:18:15.0,1,2022-02-07 07:18:15.0,NaN,2022-02-07 07:18:15.0,5040
2022-02-07 07:18:21.0,0.003202041659290783,2022-02-07 07:18:21.0,0.0,2022-02-07 07:18:21.0,1,2022-02-07 07:18:21.0,NaN,2022-02-07 07:18:21.0,5040
2022-02-07 07:18:27.0,0.0026978621808875862,2022-02-07 07:18:27.0,0.0,2022-02-07 07:18:27.0,1,2022-02-07 07:18:27.0,NaN,2022-02-07 07:18:27.0,5040
2022-02-07 07:18:33.0,0.0016930718135511678,2022-02-07 07:18:33.0,0.0,2022-02-07 07:18:33.0,1,2022-02-07 07:18:33.0,NaN,2022-02-07 07:18:33.0,5040
2022-02-07 07:18:39.0,0.0015834012552353195,2022-02-07 07:18:39.0,0.0,2022-02-07 07:18:39.0,1,2022-02-07 07:18:39.0,NaN,2022-02-07 07:18:39.0,5040
2022-02-07 07:18:45.0,0.0012981156819402697,2022-02-07 07:18:45.0,0.0,2022-02-07 07:18:45.0,1,2022-02-07 07:18:45.0,NaN,2022-02-07 07:18:45.0,5040
2022-02-07 07:18:51.0,0.0015049554928353603,2022-02-07 07:18:51.0,0.0,2022-02-07 07:18:51.0,1,2022-02-07 07:18:51.0,NaN,2022-02-07 07:18:51.0,5400
2022-02-07 07:18:57.0,0.0018385932679307953,2022-02-07 07:18:57.0,0.0,2022-02-07 07:18:57.0,1,2022-02-07 07:18:57.0,NaN,2022-02-07 07:18:57.0,5400
2022-02-07 07:19:03.0,0.0018385932679307946,2022-02-07 07:19:03.0,0.0,2022-02-07 07:19:03.0,1,2022-02-07 07:19:03.0,NaN,2022-02-07 07:19:03.0,5400
2022-02-07 07:19:09.0,0.0011249155555555983,2022-02-07 07:19:09.0,0.0,2022-02-07 07:19:09.0,1,2022-02-07 07:19:09.0,NaN,2022-02-07 07:19:09.0,5400
2022-02-07 07:19:15.0,0.0012794929617193234,2022-02-07 07:19:15.0,0.0,2022-02-07 07:19:15.0,1,2022-02-07 07:19:15.0,NaN,2022-02-07 07:19:15.0,5400
2022-02-07 07:19:21.0,0.0023818162566618547,2022-02-07 07:19:21.0,0.0,2022-02-07 07:19:21.0,1,2022-02-07 07:19:21.0,NaN,2022-02-07 07:19:21.0,5400
2022-02-07 07:19:27.0,0.006262237246465906,2022-02-07 07:19:27.0,0.0,2022-02-07 07:19:27.0,1,2022-02-07 07:19:27.0,NaN,2022-02-07 07:19:27.0,5400
2022-02-07 07:19:33.0,0.006262237246465906,2022-02-07 07:19:33.0,0.0,2022-02-07 07:19:33.0,1,2022-02-07 07:19:33.0,NaN,2022-02-07 07:19:33.0,5400
2022-02-07 07:19:39.0,0.00839013103030309,2022-02-07 07:19:39.0,0.0,2022-02-07 07:19:39.0,1,2022-02-07 07:19:39.0,NaN,2022-02-07 07:19:39.0,5400
2022-02-07 07:19:45.0,0.006904595996354573,2022-02-07 07:19:45.0,0.0,2022-02-07 07:19:45.0,1,2022-02-07 07:19:45.0,NaN,2022-02-07 07:19:45.0,5400
2022-02-07 07:19:51.0,0.006029136657854005,2022-02-07 07:19:51.0,0.0,2022-02-07 07:19:51.0,1,2022-02-07 07:19:51.0,NaN,2022-02-07 07:19:51.0,5760
2022-02-07 07:19:57.0,0.0017287884090431028,2022-02-07 07:19:57.0,0.0,2022-02-07 07:19:57.0,1,2022-02-07 07:19:57.0,NaN,2022-02-07 07:19:57.0,5760
2022-02-07 07:20:03.0,0.0017287884090431028,2022-02-07 07:20:03.0,0.0,2022-02-07 07:20:03.0,1,2022-02-07 07:20:03.0,NaN,2022-02-07 07:20:03.0,5760
2022-02-07 07:20:09.0,5.598844444443153E-4,2022-02-07 07:20:09.0,0.0,2022-02-07 07:20:09.0,1,2022-02-07 07:20:09.0,NaN,2022-02-07 07:20:09.0,5760
2022-02-07 07:20:15.0,6.625553002491107E-4,2022-02-07 07:20:15.0,0.0,2022-02-07 07:20:15.0,1,2022-02-07 07:20:15.0,NaN,2022-02-07 07:20:15.0,5760
2022-02-07 07:20:21.0,0.0022047062630328987,2022-02-07 07:20:21.0,0.0,2022-02-07 07:20:21.0,1,2022-02-07 07:20:21.0,NaN,2022-02-07 07:20:21.0,5760
2022-02-07 07:20:27.0,0.0025173375647236213,2022-02-07 07:20:27.0,0.0,2022-02-07 07:20:27.0,1,2022-02-07 07:20:27.0,NaN,2022-02-07 07:20:27.0,5760
2022-02-07 07:20:33.0,0.0025173375647236213,2022-02-07 07:20:33.0,0.0,2022-02-07 07:20:33.0,1,2022-02-07 07:20:33.0,NaN,2022-02-07 07:20:33.0,5760
2022-02-07 07:20:39.0,0.0024315613026821255,2022-02-07 07:20:39.0,0.0,2022-02-07 07:20:39.0,1,2022-02-07 07:20:39.0,NaN,2022-02-07 07:20:39.0,5760
2022-02-07 07:20:45.0,0.0024315613026821255,2022-02-07 07:20:45.0,0.0,2022-02-07 07:20:45.0,1,2022-02-07 07:20:45.0,NaN,2022-02-07 07:20:45.0,6120
2022-02-07 07:20:52.0,0.002386570030516744,2022-02-07 07:20:52.0,0.0,2022-02-07 07:20:52.0,1,2022-02-07 07:20:52.0,NaN,2022-02-07 07:20:52.0,6120
2022-02-07 07:20:58.0,0.002503950144565164,2022-02-07 07:20:58.0,0.0,2022-02-07 07:20:58.0,1,2022-02-07 07:20:58.0,NaN,2022-02-07 07:20:58.0,6120
2022-02-07 07:21:04.0,0.001827800140527751,2022-02-07 07:21:04.0,0.0,2022-02-07 07:21:04.0,1,2022-02-07 07:21:04.0,NaN,2022-02-07 07:21:04.0,6120
2022-02-07 07:21:10.0,0.002306205913526544,2022-02-07 07:21:10.0,0.0,2022-02-07 07:21:10.0,1,2022-02-07 07:21:10.0,NaN,2022-02-07 07:21:10.0,6120
2022-02-07 07:21:16.0,0.0018251441722199819,2022-02-07 07:21:16.0,0.0,2022-02-07 07:21:16.0,1,2022-02-07 07:21:16.0,NaN,2022-02-07 07:21:16.0,6120
2022-02-07 07:21:22.0,0.0023998046874999443,2022-02-07 07:21:22.0,0.0,2022-02-07 07:21:22.0,1,2022-02-07 07:21:22.0,NaN,2022-02-07 07:21:22.0,6120
2022-02-07 07:21:28.0,0.0017596434548610704,2022-02-07 07:21:28.0,0.0,2022-02-07 07:21:28.0,1,2022-02-07 07:21:28.0,NaN,2022-02-07 07:21:28.0,6120
2022-02-07 07:21:34.0,0.0014530099714874488,2022-02-07 07:21:34.0,0.0,2022-02-07 07:21:34.0,1,2022-02-07 07:21:34.0,NaN,2022-02-07 07:21:34.0,6120
2022-02-07 07:21:40.0,0.002398706025070724,2022-02-07 07:21:40.0,0.0,2022-02-07 07:21:40.0,1,2022-02-07 07:21:40.0,NaN,2022-02-07 07:21:40.0,6120
2022-02-07 07:21:46.0,0.0020813980284214552,2022-02-07 07:21:46.0,0.0,2022-02-07 07:21:46.0,1,2022-02-07 07:21:46.0,NaN,2022-02-07 07:21:46.0,6480
2022-02-07 07:21:52.0,0.0020813980284214552,2022-02-07 07:21:52.0,0.0,2022-02-07 07:21:52.0,1,2022-02-07 07:21:52.0,NaN,2022-02-07 07:21:52.0,6480
2022-02-07 07:21:58.0,0.0015309034534840618,2022-02-07 07:21:58.0,0.0,2022-02-07 07:21:58.0,1,2022-02-07 07:21:58.0,NaN,2022-02-07 07:21:58.0,6480
2022-02-07 07:22:04.0,0.0019422368470818877,2022-02-07 07:22:04.0,0.0,2022-02-07 07:22:04.0,1,2022-02-07 07:22:04.0,NaN,2022-02-07 07:22:04.0,6480
2022-02-07 07:22:10.0,0.0019422368470818877,2022-02-07 07:22:10.0,0.0,2022-02-07 07:22:10.0,1,2022-02-07 07:22:10.0,NaN,2022-02-07 07:22:10.0,6480
2022-02-07 07:22:16.0,0.001762744583059798,2022-02-07 07:22:16.0,0.0,2022-02-07 07:22:16.0,1,2022-02-07 07:22:16.0,NaN,2022-02-07 07:22:16.0,6480
2022-02-07 07:22:22.0,0.0017627445830597976,2022-02-07 07:22:22.0,0.0,2022-02-07 07:22:22.0,1,2022-02-07 07:22:22.0,NaN,2022-02-07 07:22:22.0,6480
2022-02-07 07:22:28.0,0.0013870685279189436,2022-02-07 07:22:28.0,0.0,2022-02-07 07:22:28.0,1,2022-02-07 07:22:28.0,NaN,2022-02-07 07:22:28.0,6480
2022-02-07 07:22:34.0,9.24989765651546E-4,2022-02-07 07:22:34.0,0.0,2022-02-07 07:22:34.0,1,2022-02-07 07:22:34.0,NaN,2022-02-07 07:22:34.0,6480
2022-02-07 07:22:40.0,0.001824712159505756,2022-02-07 07:22:40.0,0.0,2022-02-07 07:22:40.0,1,2022-02-07 07:22:40.0,NaN,2022-02-07 07:22:40.0,6480
2022-02-07 07:22:46.0,0.0021721813602013818,2022-02-07 07:22:46.0,0.0,2022-02-07 07:22:46.0,1,2022-02-07 07:22:46.0,NaN,2022-02-07 07:22:46.0,6840
2022-02-07 07:22:52.0,0.0021721813602013818,2022-02-07 07:22:52.0,0.0,2022-02-07 07:22:52.0,1,2022-02-07 07:22:52.0,NaN,2022-02-07 07:22:52.0,6840
2022-02-07 07:22:58.0,0.002812747953184414,2022-02-07 07:22:58.0,0.0,2022-02-07 07:22:58.0,1,2022-02-07 07:22:58.0,NaN,2022-02-07 07:22:58.0,6840
2022-02-07 07:23:04.0,0.002812747953184414,2022-02-07 07:23:04.0,0.0,2022-02-07 07:23:04.0,1,2022-02-07 07:23:04.0,NaN,2022-02-07 07:23:04.0,6840
2022-02-07 07:23:10.0,0.0026542392091427587,2022-02-07 07:23:10.0,0.0,2022-02-07 07:23:10.0,1,2022-02-07 07:23:10.0,NaN,2022-02-07 07:23:10.0,6840
2022-02-07 07:23:16.0,0.0048977685605073994,2022-02-07 07:23:16.0,0.0,2022-02-07 07:23:16.0,1,2022-02-07 07:23:16.0,NaN,2022-02-07 07:23:16.0,6840
2022-02-07 07:23:22.0,0.006609575061787437,2022-02-07 07:23:22.0,0.0,2022-02-07 07:23:22.0,1,2022-02-07 07:23:22.0,NaN,2022-02-07 07:23:22.0,6840
2022-02-07 07:23:29.0,0.005467513930833476,2022-02-07 07:23:29.0,0.0,2022-02-07 07:23:29.0,1,2022-02-07 07:23:29.0,NaN,2022-02-07 07:23:29.0,6840
2022-02-07 07:23:35.0,0.00589735111111117,2022-02-07 07:23:35.0,0.0,2022-02-07 07:23:35.0,1,2022-02-07 07:23:35.0,NaN,2022-02-07 07:23:35.0,6840
2022-02-07 07:23:41.0,0.005379967225176406,2022-02-07 07:23:41.0,0.0,2022-02-07 07:23:41.0,1,2022-02-07 07:23:41.0,NaN,2022-02-07 07:23:41.0,6840
2022-02-07 07:23:47.0,0.005379967225176406,2022-02-07 07:23:47.0,0.0,2022-02-07 07:23:47.0,1,2022-02-07 07:23:47.0,NaN,2022-02-07 07:23:47.0,7200
2022-02-07 07:23:53.0,0.001533054029054814,2022-02-07 07:23:53.0,0.0,2022-02-07 07:23:53.0,1,2022-02-07 07:23:53.0,NaN,2022-02-07 07:23:53.0,7200
2022-02-07 07:23:59.0,0.0021368230942610893,2022-02-07 07:23:59.0,0.0,2022-02-07 07:23:59.0,1,2022-02-07 07:23:59.0,NaN,2022-02-07 07:23:59.0,7200
2022-02-07 07:24:05.0,0.002820663092376954,2022-02-07 07:24:05.0,0.0,2022-02-07 07:24:05.0,1,2022-02-07 07:24:05.0,NaN,2022-02-07 07:24:05.0,7200
2022-02-07 07:24:11.0,0.0023621100270802037,2022-02-07 07:24:11.0,0.0,2022-02-07 07:24:11.0,1,2022-02-07 07:24:11.0,NaN,2022-02-07 07:24:11.0,7200
2022-02-07 07:24:17.0,0.0018219873237213474,2022-02-07 07:24:17.0,0.0,2022-02-07 07:24:17.0,1,2022-02-07 07:24:17.0,NaN,2022-02-07 07:24:17.0,7200
2022-02-07 07:24:23.0,0.0010120853743398692,2022-02-07 07:24:23.0,0.0,2022-02-07 07:24:23.0,1,2022-02-07 07:24:23.0,NaN,2022-02-07 07:24:23.0,7200
2022-02-07 07:24:29.0,0.0018732208127283816,2022-02-07 07:24:29.0,0.0,2022-02-07 07:24:29.0,1,2022-02-07 07:24:29.0,NaN,2022-02-07 07:24:29.0,7200
2022-02-07 07:24:35.0,0.0020010246856077087,2022-02-07 07:24:35.0,0.0,2022-02-07 07:24:35.0,1,2022-02-07 07:24:35.0,NaN,2022-02-07 07:24:35.0,7200
2022-02-07 07:24:41.0,0.0020211379687654967,2022-02-07 07:24:41.0,0.0,2022-02-07 07:24:41.0,1,2022-02-07 07:24:41.0,NaN,2022-02-07 07:24:41.0,7200
2022-02-07 07:24:47.0,0.0018367998822404663,2022-02-07 07:24:47.0,0.0,2022-02-07 07:24:47.0,1,2022-02-07 07:24:47.0,NaN,2022-02-07 07:24:47.0,7560
2022-02-07 07:24:53.0,0.0018367998822404663,2022-02-07 07:24:53.0,0.0,2022-02-07 07:24:53.0,1,2022-02-07 07:24:53.0,NaN,2022-02-07 07:24:53.0,7560
2022-02-07 07:24:59.0,0.0015039513346909136,2022-02-07 07:24:59.0,0.0,2022-02-07 07:24:59.0,1,2022-02-07 07:24:59.0,NaN,2022-02-07 07:24:59.0,7560
2022-02-07 07:25:05.0,0.0011366211811086166,2022-02-07 07:25:05.0,0.0,2022-02-07 07:25:05.0,1,2022-02-07 07:25:05.0,NaN,2022-02-07 07:25:05.0,7560
2022-02-07 07:25:11.0,0.001742484274455978,2022-02-07 07:25:11.0,0.0,2022-02-07 07:25:11.0,1,2022-02-07 07:25:11.0,NaN,2022-02-07 07:25:11.0,7560
2022-02-07 07:25:17.0,0.0016107026170752734,2022-02-07 07:25:17.0,0.0,2022-02-07 07:25:17.0,1,2022-02-07 07:25:17.0,NaN,2022-02-07 07:25:17.0,7560
2022-02-07 07:25:23.0,0.0016107026170752734,2022-02-07 07:25:23.0,0.0,2022-02-07 07:25:23.0,1,2022-02-07 07:25:23.0,NaN,2022-02-07 07:25:23.0,7560
2022-02-07 07:25:29.0,0.001422020202020108,2022-02-07 07:25:29.0,0.0,2022-02-07 07:25:29.0,1,2022-02-07 07:25:29.0,NaN,2022-02-07 07:25:29.0,7560
2022-02-07 07:25:35.0,0.0010285314118966772,2022-02-07 07:25:35.0,0.0,2022-02-07 07:25:35.0,1,2022-02-07 07:25:35.0,NaN,2022-02-07 07:25:35.0,7560
2022-02-07 07:25:41.0,0.0018783441865802266,2022-02-07 07:25:41.0,0.0,2022-02-07 07:25:41.0,1,2022-02-07 07:25:41.0,NaN,2022-02-07 07:25:41.0,7560
2022-02-07 07:25:47.0,0.002304320816462461,2022-02-07 07:25:47.0,0.0,2022-02-07 07:25:47.0,1,2022-02-07 07:25:47.0,NaN,2022-02-07 07:25:47.0,7920
2022-02-07 07:25:53.0,0.0016938038179230455,2022-02-07 07:25:53.0,0.0,2022-02-07 07:25:53.0,1,2022-02-07 07:25:53.0,NaN,2022-02-07 07:25:53.0,7920
2022-02-07 07:25:59.0,0.0037242075618670093,2022-02-07 07:25:59.0,0.0,2022-02-07 07:25:59.0,1,2022-02-07 07:25:59.0,NaN,2022-02-07 07:25:59.0,7920
2022-02-07 07:26:05.0,0.0037242075618670093,2022-02-07 07:26:05.0,0.0,2022-02-07 07:26:05.0,1,2022-02-07 07:26:05.0,NaN,2022-02-07 07:26:05.0,7920
2022-02-07 07:26:12.0,0.002505387128389353,2022-02-07 07:26:12.0,0.0,2022-02-07 07:26:12.0,1,2022-02-07 07:26:12.0,NaN,2022-02-07 07:26:12.0,7920
2022-02-07 07:26:18.0,8.203283846147464E-4,2022-02-07 07:26:18.0,0.0,2022-02-07 07:26:18.0,1,2022-02-07 07:26:18.0,NaN,2022-02-07 07:26:18.0,7920
2022-02-07 07:26:24.0,7.298292346494686E-4,2022-02-07 07:26:24.0,0.0,2022-02-07 07:26:24.0,1,2022-02-07 07:26:24.0,NaN,2022-02-07 07:26:24.0,7920
2022-02-07 07:26:30.0,0.001163550339262766,2022-02-07 07:26:30.0,0.0,2022-02-07 07:26:30.0,1,2022-02-07 07:26:30.0,NaN,2022-02-07 07:26:30.0,7920
2022-02-07 07:26:36.0,9.279895743405139E-4,2022-02-07 07:26:36.0,0.0,2022-02-07 07:26:36.0,1,2022-02-07 07:26:36.0,NaN,2022-02-07 07:26:36.0,7920
2022-02-07 07:26:42.0,0.001693677075999719,2022-02-07 07:26:42.0,0.0,2022-02-07 07:26:42.0,1,2022-02-07 07:26:42.0,NaN,2022-02-07 07:26:42.0,7920
2022-02-07 07:26:48.0,0.0014188790123557291,2022-02-07 07:26:48.0,0.0,2022-02-07 07:26:48.0,1,2022-02-07 07:26:48.0,NaN,2022-02-07 07:26:48.0,8280
2022-02-07 07:26:54.0,0.0016113367964960584,2022-02-07 07:26:54.0,0.0,2022-02-07 07:26:54.0,1,2022-02-07 07:26:54.0,NaN,2022-02-07 07:26:54.0,8280
2022-02-07 07:27:00.0,0.001986577440319209,2022-02-07 07:27:00.0,0.0,2022-02-07 07:27:00.0,1,2022-02-07 07:27:00.0,NaN,2022-02-07 07:27:00.0,8280
2022-02-07 07:27:06.0,0.0014295237794479572,2022-02-07 07:27:06.0,0.0,2022-02-07 07:27:06.0,1,2022-02-07 07:27:06.0,NaN,2022-02-07 07:27:06.0,8280
2022-02-07 07:27:12.0,0.0014295237794479572,2022-02-07 07:27:12.0,0.0,2022-02-07 07:27:12.0,1,2022-02-07 07:27:12.0,NaN,2022-02-07 07:27:12.0,8280
2022-02-07 07:27:18.0,7.499866666666182E-4,2022-02-07 07:27:18.0,0.0,2022-02-07 07:27:18.0,1,2022-02-07 07:27:18.0,NaN,2022-02-07 07:27:18.0,8280
2022-02-07 07:27:24.0,8.310492699052525E-4,2022-02-07 07:27:24.0,0.0,2022-02-07 07:27:24.0,1,2022-02-07 07:27:24.0,NaN,2022-02-07 07:27:24.0,8280
2022-02-07 07:27:30.0,0.0014756313659830317,2022-02-07 07:27:30.0,0.0,2022-02-07 07:27:30.0,1,2022-02-07 07:27:30.0,NaN,2022-02-07 07:27:30.0,8280
2022-02-07 07:27:36.0,0.001643031515757975,2022-02-07 07:27:36.0,0.0,2022-02-07 07:27:36.0,1,2022-02-07 07:27:36.0,NaN,2022-02-07 07:27:36.0,8280
2022-02-07 07:27:42.0,0.001643031515757975,2022-02-07 07:27:42.0,0.0,2022-02-07 07:27:42.0,1,2022-02-07 07:27:42.0,NaN,2022-02-07 07:27:42.0,8280
2022-02-07 07:27:48.0,0.001490782518055126,2022-02-07 07:27:48.0,0.0,2022-02-07 07:27:48.0,1,2022-02-07 07:27:48.0,NaN,2022-02-07 07:27:48.0,8640
2022-02-07 07:27:54.0,0.001490782518055126,2022-02-07 07:27:54.0,0.0,2022-02-07 07:27:54.0,1,2022-02-07 07:27:54.0,NaN,2022-02-07 07:27:54.0,8640
2022-02-07 07:28:00.0,0.0011433473700972784,2022-02-07 07:28:00.0,0.0,2022-02-07 07:28:00.0,1,2022-02-07 07:28:00.0,NaN,2022-02-07 07:28:00.0,8640
2022-02-07 07:28:06.0,0.0017342807638427065,2022-02-07 07:28:06.0,0.0,2022-02-07 07:28:06.0,1,2022-02-07 07:28:06.0,NaN,2022-02-07 07:28:06.0,8640
2022-02-07 07:28:12.0,0.0013864033124021244,2022-02-07 07:28:12.0,0.0,2022-02-07 07:28:12.0,1,2022-02-07 07:28:12.0,NaN,2022-02-07 07:28:12.0,8640
2022-02-07 07:28:18.0,0.002301626517633521,2022-02-07 07:28:18.0,0.0,2022-02-07 07:28:18.0,1,2022-02-07 07:28:18.0,NaN,2022-02-07 07:28:18.0,8640
2022-02-07 07:28:24.0,0.001843871363718174,2022-02-07 07:28:24.0,0.0,2022-02-07 07:28:24.0,1,2022-02-07 07:28:24.0,NaN,2022-02-07 07:28:24.0,8640
2022-02-07 07:28:30.0,0.0018093824228028635,2022-02-07 07:28:30.0,0.0,2022-02-07 07:28:30.0,1,2022-02-07 07:28:30.0,NaN,2022-02-07 07:28:30.0,8640
2022-02-07 07:28:36.0,0.0018093824228028635,2022-02-07 07:28:36.0,0.0,2022-02-07 07:28:37.0,1,2022-02-07 07:28:37.0,NaN,2022-02-07 07:28:37.0,8640
2022-02-07 07:28:43.0,0.0010118246645484772,2022-02-07 07:28:43.0,0.0,2022-02-07 07:28:43.0,1,2022-02-07 07:28:43.0,NaN,2022-02-07 07:28:43.0,8640
2022-02-07 07:28:49.0,0.0036971170579543577,2022-02-07 07:28:49.0,0.0,2022-02-07 07:28:49.0,1,2022-02-07 07:28:49.0,NaN,2022-02-07 07:28:49.0,9000
2022-02-07 07:28:55.0,0.005803536333479415,2022-02-07 07:28:55.0,0.0,2022-02-07 07:28:55.0,1,2022-02-07 07:28:55.0,NaN,2022-02-07 07:28:55.0,9000
2022-02-07 07:29:01.0,0.004100585322025439,2022-02-07 07:29:01.0,0.0,2022-02-07 07:29:01.0,1,2022-02-07 07:29:01.0,NaN,2022-02-07 07:29:01.0,9000
2022-02-07 07:29:07.0,0.0035217906907797397,2022-02-07 07:29:07.0,0.0,2022-02-07 07:29:07.0,1,2022-02-07 07:29:07.0,NaN,2022-02-07 07:29:07.0,9000
2022-02-07 07:29:13.0,0.0014683095814791867,2022-02-07 07:29:13.0,0.0,2022-02-07 07:29:13.0,1,2022-02-07 07:29:13.0,NaN,2022-02-07 07:29:13.0,9000
2022-02-07 07:29:19.0,0.0036242975595018765,2022-02-07 07:29:19.0,0.0,2022-02-07 07:29:19.0,1,2022-02-07 07:29:19.0,NaN,2022-02-07 07:29:19.0,9000
2022-02-07 07:29:25.0,0.003639880000000062,2022-02-07 07:29:25.0,0.0,2022-02-07 07:29:25.0,1,2022-02-07 07:29:25.0,NaN,2022-02-07 07:29:25.0,9000
2022-02-07 07:29:31.0,0.004453076852775085,2022-02-07 07:29:31.0,0.0,2022-02-07 07:29:31.0,1,2022-02-07 07:29:31.0,NaN,2022-02-07 07:29:31.0,9000
2022-02-07 07:29:37.0,0.003633215739484448,2022-02-07 07:29:37.0,0.0,2022-02-07 07:29:37.0,1,2022-02-07 07:29:37.0,NaN,2022-02-07 07:29:37.0,9000
2022-02-07 07:29:43.0,0.0014451903233203463,2022-02-07 07:29:43.0,0.0,2022-02-07 07:29:43.0,1,2022-02-07 07:29:43.0,NaN,2022-02-07 07:29:43.0,9000
2022-02-07 07:29:49.0,0.0024961333776816427,2022-02-07 07:29:49.0,0.0,2022-02-07 07:29:49.0,1,2022-02-07 07:29:49.0,NaN,2022-02-07 07:29:49.0,9360
2022-02-07 07:29:55.0,0.003479961360952998,2022-02-07 07:29:55.0,0.0,2022-02-07 07:29:55.0,1,2022-02-07 07:29:55.0,NaN,2022-02-07 07:29:55.0,9360
2022-02-07 07:30:01.0,0.003479961360952998,2022-02-07 07:30:01.0,0.0,2022-02-07 07:30:01.0,1,2022-02-07 07:30:01.0,NaN,2022-02-07 07:30:01.0,9360
2022-02-07 07:30:07.0,0.002451311132561067,2022-02-07 07:30:07.0,0.0,2022-02-07 07:30:07.0,1,2022-02-07 07:30:07.0,NaN,2022-02-07 07:30:07.0,9360
2022-02-07 07:30:13.0,0.00142420426535202,2022-02-07 07:30:13.0,0.0,2022-02-07 07:30:13.0,1,2022-02-07 07:30:13.0,NaN,2022-02-07 07:30:13.0,9360
2022-02-07 07:30:19.0,0.0017483387140167267,2022-02-07 07:30:19.0,0.0,2022-02-07 07:30:19.0,1,2022-02-07 07:30:19.0,NaN,2022-02-07 07:30:19.0,9360
2022-02-07 07:30:25.0,0.0017483387140167267,2022-02-07 07:30:25.0,0.0,2022-02-07 07:30:25.0,1,2022-02-07 07:30:25.0,NaN,2022-02-07 07:30:25.0,9360
2022-02-07 07:30:31.0,0.0011293377777778662,2022-02-07 07:30:31.0,0.0,2022-02-07 07:30:31.0,1,2022-02-07 07:30:31.0,NaN,2022-02-07 07:30:31.0,9360
2022-02-07 07:30:37.0,0.00375503740903966,2022-02-07 07:30:37.0,0.0,2022-02-07 07:30:37.0,1,2022-02-07 07:30:37.0,NaN,2022-02-07 07:30:37.0,9360
2022-02-07 07:30:43.0,0.00375503740903966,2022-02-07 07:30:43.0,0.0,2022-02-07 07:30:43.0,1,2022-02-07 07:30:43.0,NaN,2022-02-07 07:30:43.0,9360
2022-02-07 07:30:49.0,0.0033539274067772603,2022-02-07 07:30:49.0,0.0,2022-02-07 07:30:49.0,1,2022-02-07 07:30:49.0,NaN,2022-02-07 07:30:49.0,9720
2022-02-07 07:30:55.0,0.0033539274067772603,2022-02-07 07:30:55.0,0.0,2022-02-07 07:30:55.0,1,2022-02-07 07:30:55.0,NaN,2022-02-07 07:30:55.0,9720
2022-02-07 07:31:01.0,4.496622222223184E-4,2022-02-07 07:31:01.0,0.0,2022-02-07 07:31:01.0,1,2022-02-07 07:31:01.0,NaN,2022-02-07 07:31:01.0,9720
2022-02-07 07:31:07.0,0.0016959006886553196,2022-02-07 07:31:07.0,0.0,2022-02-07 07:31:07.0,1,2022-02-07 07:31:07.0,NaN,2022-02-07 07:31:07.0,9720
2022-02-07 07:31:13.0,0.00169590068865532,2022-02-07 07:31:13.0,0.0,2022-02-07 07:31:13.0,1,2022-02-07 07:31:13.0,NaN,2022-02-07 07:31:13.0,9720
2022-02-07 07:31:20.0,0.0020866287339970473,2022-02-07 07:31:20.0,0.0,2022-02-07 07:31:20.0,1,2022-02-07 07:31:20.0,NaN,2022-02-07 07:31:20.0,9720
2022-02-07 07:31:26.0,0.0013469652173225162,2022-02-07 07:31:26.0,0.0,2022-02-07 07:31:26.0,1,2022-02-07 07:31:26.0,NaN,2022-02-07 07:31:26.0,9720
2022-02-07 07:31:32.0,0.0029912784986817725,2022-02-07 07:31:32.0,0.0,2022-02-07 07:31:32.0,1,2022-02-07 07:31:32.0,NaN,2022-02-07 07:31:32.0,9720
2022-02-07 07:31:38.0,0.002522161656560462,2022-02-07 07:31:38.0,0.0,2022-02-07 07:31:38.0,1,2022-02-07 07:31:38.0,NaN,2022-02-07 07:31:38.0,9720
2022-02-07 07:31:44.0,0.002522161656560462,2022-02-07 07:31:44.0,0.0,2022-02-07 07:31:44.0,1,2022-02-07 07:31:44.0,NaN,2022-02-07 07:31:44.0,9720
2022-02-07 07:31:50.0,0.0010137654294067374,2022-02-07 07:31:50.0,0.0,2022-02-07 07:31:50.0,1,2022-02-07 07:31:50.0,NaN,2022-02-07 07:31:50.0,10080
2022-02-07 07:31:56.0,0.00161199840401279,2022-02-07 07:31:56.0,0.0,2022-02-07 07:31:56.0,1,2022-02-07 07:31:56.0,NaN,2022-02-07 07:31:56.0,10080
2022-02-07 07:32:02.0,0.00161199840401279,2022-02-07 07:32:02.0,0.0,2022-02-07 07:32:02.0,1,2022-02-07 07:32:02.0,NaN,2022-02-07 07:32:02.0,10080
2022-02-07 07:32:08.0,0.0015462927391472116,2022-02-07 07:32:08.0,0.0,2022-02-07 07:32:08.0,1,2022-02-07 07:32:08.0,NaN,2022-02-07 07:32:08.0,10080
2022-02-07 07:32:14.0,0.0011072057348359258,2022-02-07 07:32:14.0,0.0,2022-02-07 07:32:14.0,1,2022-02-07 07:32:14.0,NaN,2022-02-07 07:32:14.0,10080
2022-02-07 07:32:20.0,0.0017824332006821304,2022-02-07 07:32:20.0,0.0,2022-02-07 07:32:20.0,1,2022-02-07 07:32:20.0,NaN,2022-02-07 07:32:20.0,10080
2022-02-07 07:32:26.0,0.0017824332006821304,2022-02-07 07:32:26.0,0.0,2022-02-07 07:32:26.0,1,2022-02-07 07:32:26.0,NaN,2022-02-07 07:32:26.0,10080
2022-02-07 07:32:32.0,0.0014732239245405284,2022-02-07 07:32:32.0,0.0,2022-02-07 07:32:32.0,1,2022-02-07 07:32:32.0,NaN,2022-02-07 07:32:32.0,10080
2022-02-07 07:32:38.0,0.0012871912218790553,2022-02-07 07:32:38.0,0.0,2022-02-07 07:32:38.0,1,2022-02-07 07:32:38.0,NaN,2022-02-07 07:32:38.0,10080
2022-02-07 07:32:44.0,0.001096904801739962,2022-02-07 07:32:44.0,0.0,2022-02-07 07:32:44.0,1,2022-02-07 07:32:44.0,NaN,2022-02-07 07:32:44.0,10080
2022-02-07 07:32:50.0,0.001096904801739962,2022-02-07 07:32:50.0,0.0,2022-02-07 07:32:50.0,1,2022-02-07 07:32:50.0,NaN,2022-02-07 07:32:50.0,10440
2022-02-07 07:32:56.0,0.005482725450901858,2022-02-07 07:32:56.0,0.0,2022-02-07 07:32:56.0,1,2022-02-07 07:32:56.0,NaN,2022-02-07 07:32:56.0,10440
2022-02-07 07:33:02.0,0.010109006412142046,2022-02-07 07:33:02.0,0.0,2022-02-07 07:33:02.0,1,2022-02-07 07:33:02.0,NaN,2022-02-07 07:33:02.0,10440
2022-02-07 07:33:08.0,0.0075807439084653195,2022-02-07 07:33:08.0,0.0,2022-02-07 07:33:08.0,1,2022-02-07 07:33:08.0,NaN,2022-02-07 07:33:08.0,10440
2022-02-07 07:33:14.0,0.006226361693825222,2022-02-07 07:33:14.0,0.0,2022-02-07 07:33:14.0,1,2022-02-07 07:33:14.0,NaN,2022-02-07 07:33:14.0,10440
2022-02-07 07:33:20.0,0.0014831906138789985,2022-02-07 07:33:20.0,0.0,2022-02-07 07:33:20.0,1,2022-02-07 07:33:20.0,NaN,2022-02-07 07:33:20.0,10440
2022-02-07 07:33:26.0,0.0015712994381709808,2022-02-07 07:33:26.0,0.0,2022-02-07 07:33:26.0,1,2022-02-07 07:33:26.0,NaN,2022-02-07 07:33:26.0,10440
2022-02-07 07:33:32.0,0.0015712994381709808,2022-02-07 07:33:32.0,0.0,2022-02-07 07:33:32.0,1,2022-02-07 07:33:32.0,NaN,2022-02-07 07:33:32.0,10440
2022-02-07 07:33:38.0,0.0016594769059543428,2022-02-07 07:33:38.0,0.0,2022-02-07 07:33:38.0,1,2022-02-07 07:33:38.0,NaN,2022-02-07 07:33:38.0,10440
2022-02-07 07:33:45.0,0.0012526100458789147,2022-02-07 07:33:45.0,0.0,2022-02-07 07:33:45.0,1,2022-02-07 07:33:45.0,NaN,2022-02-07 07:33:45.0,10440
2022-02-07 07:33:51.0,0.0018055540204475985,2022-02-07 07:33:51.0,0.0,2022-02-07 07:33:51.0,1,2022-02-07 07:33:51.0,NaN,2022-02-07 07:33:51.0,10800
2022-02-07 07:33:57.0,0.0019496267837540648,2022-02-07 07:33:57.0,0.0,2022-02-07 07:33:57.0,1,2022-02-07 07:33:57.0,NaN,2022-02-07 07:33:57.0,10800
2022-02-07 07:34:03.0,0.0019496267837540648,2022-02-07 07:34:03.0,0.0,2022-02-07 07:34:03.0,1,2022-02-07 07:34:03.0,NaN,2022-02-07 07:34:03.0,10800
2022-02-07 07:34:09.0,0.0017753117921958568,2022-02-07 07:34:09.0,0.0,2022-02-07 07:34:09.0,1,2022-02-07 07:34:09.0,NaN,2022-02-07 07:34:09.0,10800
2022-02-07 07:34:15.0,0.0015846629449546928,2022-02-07 07:34:15.0,0.0,2022-02-07 07:34:15.0,1,2022-02-07 07:34:15.0,NaN,2022-02-07 07:34:15.0,10800
2022-02-07 07:34:21.0,0.00151366428003181,2022-02-07 07:34:21.0,0.0,2022-02-07 07:34:21.0,1,2022-02-07 07:34:21.0,NaN,2022-02-07 07:34:21.0,10800
2022-02-07 07:34:27.0,0.00151366428003181,2022-02-07 07:34:27.0,0.0,2022-02-07 07:34:27.0,1,2022-02-07 07:34:27.0,NaN,2022-02-07 07:34:27.0,10800
2022-02-07 07:34:33.0,0.0010738347013408884,2022-02-07 07:34:33.0,0.0,2022-02-07 07:34:33.0,1,2022-02-07 07:34:33.0,NaN,2022-02-07 07:34:33.0,10800
2022-02-07 07:34:39.0,0.0016494691380241496,2022-02-07 07:34:39.0,0.0,2022-02-07 07:34:39.0,1,2022-02-07 07:34:39.0,NaN,2022-02-07 07:34:39.0,10800
2022-02-07 07:34:45.0,0.0014218756027516257,2022-02-07 07:34:45.0,0.0,2022-02-07 07:34:45.0,1,2022-02-07 07:34:45.0,NaN,2022-02-07 07:34:45.0,10800
2022-02-07 07:34:51.0,0.0013857371395432077,2022-02-07 07:34:51.0,0.0,2022-02-07 07:34:51.0,1,2022-02-07 07:34:51.0,NaN,2022-02-07 07:34:51.0,11160
2022-02-07 07:34:57.0,0.0018439676030869228,2022-02-07 07:34:57.0,0.0,2022-02-07 07:34:57.0,1,2022-02-07 07:34:57.0,NaN,2022-02-07 07:34:57.0,11160
2022-02-07 07:35:03.0,0.001818975765889356,2022-02-07 07:35:03.0,0.0,2022-02-07 07:35:03.0,1,2022-02-07 07:35:03.0,NaN,2022-02-07 07:35:03.0,11160
2022-02-07 07:35:09.0,0.0014515830828633926,2022-02-07 07:35:09.0,0.0,2022-02-07 07:35:09.0,1,2022-02-07 07:35:09.0,NaN,2022-02-07 07:35:09.0,11160
2022-02-07 07:35:15.0,0.0014822797630392986,2022-02-07 07:35:15.0,0.0,2022-02-07 07:35:15.0,1,2022-02-07 07:35:15.0,NaN,2022-02-07 07:35:15.0,11160
