2021-06-03 12:05:11.0,8.985531112421397E-4
2021-06-03 12:05:14.0,8.139340069339715E-4
2021-06-03 12:05:17.0,0.0012973371057524038
2021-06-03 12:05:20.0,0.001336846990848054
2021-06-03 12:05:23.0,0.001336846990848054
2021-06-03 12:05:26.0,0.0010955790260653738
2021-06-03 12:05:29.0,0.0010955790260653738
2021-06-03 12:05:32.0,0.0010955790260653738
2021-06-03 12:05:35.0,5.187300208173736E-4
2021-06-03 12:05:38.0,4.1075555555936366E-4
2021-06-03 12:05:41.0,5.221405915014214E-4
2021-06-03 12:05:44.0,0.018592850624903998
2021-06-03 12:05:47.0,0.018592850624903998
2021-06-03 12:05:50.0,0.014755389549538395
2021-06-03 12:05:53.0,0.013514626651169799
2021-06-03 12:05:56.0,0.1105125738341977
2021-06-03 12:05:59.0,0.1105125738341977
2021-06-03 12:06:02.0,0.1105125738341977
2021-06-03 12:06:05.0,0.1105125738341977
2021-06-03 12:06:08.0,0.16132308201062062
2021-06-03 12:06:12.0,0.16132308201062062
2021-06-03 12:06:15.0,0.15788145156055752
2021-06-03 12:06:18.0,0.15788145156055752
2021-06-03 12:06:21.0,0.08618560444439127
2021-06-03 12:06:24.0,0.08618560444439127
2021-06-03 12:06:27.0,0.15967011220898716
2021-06-03 12:06:30.0,0.15967011220898716
2021-06-03 12:06:33.0,0.15967011220898716
2021-06-03 12:06:36.0,0.15967011220898716
2021-06-03 12:06:39.0,0.16462566804450765
2021-06-03 12:06:42.0,0.16462566804450765
2021-06-03 12:06:45.0,0.17954107660175497
2021-06-03 12:06:48.0,0.17954107660175497
2021-06-03 12:06:51.0,0.17954107660175497
2021-06-03 12:06:54.0,0.11120361333329735
2021-06-03 12:06:57.0,0.32762862249457825
2021-06-03 12:07:00.0,0.32762862249457825
2021-06-03 12:07:03.0,0.32762862249457825
2021-06-03 12:07:06.0,0.32762862249457825
2021-06-03 12:07:09.0,0.4124304680444635
2021-06-03 12:07:12.0,0.4124304680444635
2021-06-03 12:07:15.0,0.5902772437149921
2021-06-03 12:07:18.0,0.5902772437149921
2021-06-03 12:07:21.0,0.7614054442285572
2021-06-03 12:07:24.0,0.7614054442285572
2021-06-03 12:07:27.0,0.7614054442285572
2021-06-03 12:07:30.0,0.7614054442285572
2021-06-03 12:07:33.0,0.7614054442285572
2021-06-03 12:07:36.0,0.6523732160099259
2021-06-03 12:07:39.0,0.68705904785075
2021-06-03 12:07:42.0,0.6315044306952365
2021-06-03 12:07:45.0,0.6062269625325225
2021-06-03 12:07:48.0,0.42526042080601734
2021-06-03 12:07:51.0,0.37308904611688054
2021-06-03 12:07:54.0,0.36823167340339996
2021-06-03 12:07:57.0,0.4720684193475539
2021-06-03 12:08:00.0,0.40409701091109124
2021-06-03 12:08:03.0,0.39128190310181965
2021-06-03 12:08:06.0,0.4519101243697172
2021-06-03 12:08:09.0,0.40287194119607983
2021-06-03 12:08:12.0,0.3800302290259388
2021-06-03 12:08:15.0,0.38258179587649876
2021-06-03 12:08:18.0,0.38258179587649876
2021-06-03 12:08:21.0,0.35129811597726984
2021-06-03 12:08:24.0,0.23550724770420967
2021-06-03 12:08:27.0,0.36930844369630617
2021-06-03 12:08:30.0,0.3775273598589699
2021-06-03 12:08:33.0,0.3683476033907357
2021-06-03 12:08:36.0,0.37237279509996113
2021-06-03 12:08:39.0,0.3683721327779763
2021-06-03 12:08:42.0,0.31977841575632104
2021-06-03 12:08:45.0,0.42616646938831554
2021-06-03 12:08:48.0,0.4194340223546894
2021-06-03 12:08:51.0,0.4630482682380015
2021-06-03 12:08:54.0,0.430601193198063
2021-06-03 12:08:57.0,0.521618545242104
2021-06-03 12:09:00.0,0.45744674963038384
2021-06-03 12:09:03.0,0.4190302402630539
2021-06-03 12:09:06.0,0.39965691720117563
2021-06-03 12:09:09.0,0.3832407727481255
2021-06-03 12:09:12.0,0.3428171706586475
2021-06-03 12:09:15.0,0.33240415515292226
2021-06-03 12:09:18.0,0.3132537929731776
2021-06-03 12:09:21.0,0.30977039309512194
2021-06-03 12:09:24.0,0.2977030838950336
2021-06-03 12:09:27.0,0.34456456863876744
2021-06-03 12:09:30.0,0.3368768202566473
2021-06-03 12:09:33.0,0.3439851006828152
2021-06-03 12:09:36.0,0.3849186006758598
2021-06-03 12:09:39.0,0.37073258348566757
2021-06-03 12:09:42.0,0.3459131116079944
2021-06-03 12:09:45.0,0.3648421630199058
2021-06-03 12:09:48.0,0.3478450151013611
2021-06-03 12:09:51.0,0.33249545166329786
2021-06-03 12:09:54.0,0.32774649126357297
2021-06-03 12:09:57.0,0.3510670950631297
2021-06-03 12:10:00.0,0.34858677040270475
2021-06-03 12:10:03.0,0.30666979784444115
2021-06-03 12:10:06.0,0.3348785766230055
2021-06-03 12:10:09.0,0.3069060094797854
2021-06-03 12:10:12.0,0.28488658945438
2021-06-03 12:10:15.0,0.3653786717365012
2021-06-03 12:10:18.0,0.3587240710268351
2021-06-03 12:10:21.0,0.3435308379864788
2021-06-03 12:10:24.0,0.3079273799767464
2021-06-03 12:10:27.0,0.30268325794106665
2021-06-03 12:10:30.0,0.295523961175463
2021-06-03 12:10:33.0,0.28465556580816914
2021-06-03 12:10:36.0,0.3523372566367556
2021-06-03 12:10:39.0,0.3541775910090602
2021-06-03 12:10:42.0,0.3237172567862485
2021-06-03 12:10:45.0,0.3665136906660202
2021-06-03 12:10:48.0,0.36968033118985416
2021-06-03 12:10:51.0,0.3257150503354859
2021-06-03 12:10:54.0,0.2749870682650269
2021-06-03 12:10:57.0,0.3350636295125618
2021-06-03 12:11:00.0,0.3022994059554483
2021-06-03 12:11:04.0,0.26992714541273966
2021-06-03 12:11:07.0,0.31882555635976356
2021-06-03 12:11:10.0,0.3151407415186671
2021-06-03 12:11:13.0,0.2907272987246129
2021-06-03 12:11:16.0,0.35583316025514833
2021-06-03 12:11:19.0,0.3462179112146885
2021-06-03 12:11:22.0,0.3412939384924394
2021-06-03 12:11:25.0,0.3573618142575154
2021-06-03 12:11:28.0,0.36112973534516113
2021-06-03 12:11:31.0,0.3320522621038788
2021-06-03 12:11:34.0,0.3102506701214611
2021-06-03 12:11:37.0,0.36617653952571444
2021-06-03 12:11:40.0,0.3609477220922567
2021-06-03 12:11:43.0,0.30927277121505
2021-06-03 12:11:46.0,0.3537753881999223
2021-06-03 12:11:49.0,0.32329368722715085
2021-06-03 12:11:52.0,0.2755076049736499
2021-06-03 12:11:55.0,0.30982597425774316
2021-06-03 12:11:58.0,0.29098072572599665
2021-06-03 12:12:01.0,0.2818706439303782
2021-06-03 12:12:04.0,0.24901208720599047
2021-06-03 12:12:07.0,0.2690226425115442
2021-06-03 12:12:10.0,0.2636501559323796
2021-06-03 12:12:13.0,0.22869045801923787
2021-06-03 12:12:16.0,0.2412609204238459
2021-06-03 12:12:19.0,0.20942176162450038
2021-06-03 12:12:22.0,0.2013352316438646
2021-06-03 12:12:25.0,0.20770765073486414
2021-06-03 12:12:28.0,0.19900554597134373
2021-06-03 12:12:31.0,0.18055073898649096
2021-06-03 12:12:34.0,0.15765370884938004
2021-06-03 12:12:37.0,0.19693608467842968
2021-06-03 12:12:40.0,0.19465020354296866
2021-06-03 12:12:43.0,0.1812532256021622
2021-06-03 12:12:46.0,0.22804465344986674
2021-06-03 12:12:49.0,0.22832901818500542
2021-06-03 12:12:52.0,0.23172339529836378
2021-06-03 12:12:55.0,0.23052680637828338
2021-06-03 12:12:58.0,0.2277868031993746
2021-06-03 12:13:01.0,0.183281420787739
2021-06-03 12:13:04.0,0.17068140032697687
2021-06-03 12:13:07.0,0.24046676883647278
2021-06-03 12:13:10.0,0.25412973189861826
2021-06-03 12:13:13.0,0.23136158775278323
2021-06-03 12:13:16.0,0.2414220459551208
2021-06-03 12:13:19.0,0.22719048889820953
2021-06-03 12:13:22.0,0.3392480064117877
2021-06-03 12:13:25.0,0.3601761966753463
2021-06-03 12:13:28.0,0.3817197953781783
2021-06-03 12:13:31.0,0.3617687069014782
2021-06-03 12:13:34.0,0.32255232902004716
2021-06-03 12:13:37.0,0.45016969538801954
2021-06-03 12:13:40.0,0.45016969538801954
2021-06-03 12:13:43.0,0.4385711534162773
2021-06-03 12:13:46.0,0.44950858087064927
2021-06-03 12:13:49.0,0.41571713943571253
2021-06-03 12:13:52.0,0.34418916452111803
2021-06-03 12:13:55.0,0.5067626794803837
2021-06-03 12:13:58.0,0.5147254755789072
2021-06-03 12:14:01.0,0.5159799905249917
2021-06-03 12:14:04.0,0.5570842885816554
2021-06-03 12:14:07.0,0.5421886001558879
2021-06-03 12:14:10.0,0.5258755703763967
2021-06-03 12:14:13.0,0.5676251490376515
2021-06-03 12:14:16.0,0.6066152954789723
2021-06-03 12:14:19.0,0.5606996846678005
2021-06-03 12:14:22.0,0.5356420436648963
2021-06-03 12:14:25.0,0.5904635777962924
2021-06-03 12:14:28.0,0.5142524043754041
2021-06-03 12:14:31.0,0.46804692470440545
2021-06-03 12:14:34.0,0.31065877039875545
2021-06-03 12:14:37.0,0.4312625862993953
2021-06-03 12:14:40.0,0.42084717586007736
2021-06-03 12:14:43.0,0.4880019790975625
2021-06-03 12:14:46.0,0.4916028199470705
2021-06-03 12:14:49.0,0.46901068023121667
2021-06-03 12:14:52.0,0.44271061036746906
2021-06-03 12:14:55.0,0.5090396963438665
2021-06-03 12:14:58.0,0.50670300974306
2021-06-03 12:15:01.0,0.4297605477547113
2021-06-03 12:15:04.0,0.4315794132032053
2021-06-03 12:15:07.0,0.5538452702679801
2021-06-03 12:15:10.0,0.5619181298098466
2021-06-03 12:15:13.0,0.49241883324325675
2021-06-03 12:15:16.0,0.5603894896838407
2021-06-03 12:15:20.0,0.4935921158493477
2021-06-03 12:15:23.0,0.4634511387358275
2021-06-03 12:15:26.0,0.5061940328223556
2021-06-03 12:15:29.0,0.5240181350210155
2021-06-03 12:15:32.0,0.49511773057574004
2021-06-03 12:15:35.0,0.4918990850843722
2021-06-03 12:15:38.0,0.4819728930886504
2021-06-03 12:15:41.0,0.4400390543223222
2021-06-03 12:15:44.0,0.3979965534268495
2021-06-03 12:15:47.0,0.5741107269126611
2021-06-03 12:15:50.0,0.5920888977465462
2021-06-03 12:15:53.0,0.5621498538462236
2021-06-03 12:15:56.0,0.5951531977853719
2021-06-03 12:15:59.0,0.5754584706154691
2021-06-03 12:16:02.0,0.5708078346103118
2021-06-03 12:16:05.0,0.5326699649298536
2021-06-03 12:16:08.0,0.46393947528625207
2021-06-03 12:16:11.0,0.4728919217216394
2021-06-03 12:16:14.0,0.46474755033338055
2021-06-03 12:16:17.0,0.4679010024861794
2021-06-03 12:16:20.0,0.44565405447138545
2021-06-03 12:16:23.0,0.4030825874583804
2021-06-03 12:16:26.0,0.3835620348180783
2021-06-03 12:16:29.0,0.354852504555472
2021-06-03 12:16:32.0,0.3348419448717893
2021-06-03 12:16:35.0,0.43363118141419554
2021-06-03 12:16:38.0,0.43369174413536593
2021-06-03 12:16:41.0,0.395453356755045
2021-06-03 12:16:44.0,0.3504904245652454
2021-06-03 12:16:47.0,0.3824769361248847
2021-06-03 12:16:50.0,0.3790512595495894
2021-06-03 12:16:53.0,0.38345739918641975
2021-06-03 12:16:56.0,0.35280662304609384
2021-06-03 12:16:59.0,0.3054770628983655
2021-06-03 12:17:02.0,0.27657056726336077
2021-06-03 12:17:05.0,0.28368568191379306
2021-06-03 12:17:08.0,0.27623689516806105
2021-06-03 12:17:11.0,0.2528364313418489
2021-06-03 12:17:14.0,0.23793133351346138
2021-06-03 12:17:17.0,0.2515457472203171
2021-06-03 12:17:20.0,0.23854955641526493
2021-06-03 12:17:23.0,0.21427766150555755
2021-06-03 12:17:26.0,0.21958959341950982
2021-06-03 12:17:29.0,0.20373936044268498
2021-06-03 12:17:32.0,0.18657291963450767
2021-06-03 12:17:35.0,0.19330778425095732
2021-06-03 12:17:38.0,0.19491324758733844
2021-06-03 12:17:41.0,0.19617724286908667
2021-06-03 12:17:44.0,0.17572102060104702
2021-06-03 12:17:47.0,0.1659394762205994
2021-06-03 12:17:50.0,0.1802638729936363
2021-06-03 12:17:53.0,0.15955341473701506
2021-06-03 12:17:56.0,0.20171821806273926
2021-06-03 12:17:59.0,0.207354452021822
2021-06-03 12:18:02.0,0.19977888696407892
2021-06-03 12:18:05.0,0.21744725070955462
2021-06-03 12:18:08.0,0.21208688264628842
2021-06-03 12:18:11.0,0.20245712450306172
2021-06-03 12:18:14.0,0.18424891294572648
2021-06-03 12:18:17.0,0.19247879087574674
2021-06-03 12:18:20.0,0.1871753231313134
2021-06-03 12:18:23.0,0.18682132107333005
2021-06-03 12:18:26.0,0.2120863664421859
2021-06-03 12:18:29.0,0.19880081559542595
2021-06-03 12:18:32.0,0.18572517282432086
2021-06-03 12:18:35.0,0.22120867845766756
2021-06-03 12:18:38.0,0.21371164125710765
2021-06-03 12:18:41.0,0.1830993228853155
2021-06-03 12:18:44.0,0.17168476436712926
2021-06-03 12:18:47.0,0.2327730208370924
2021-06-03 12:18:50.0,0.2327730208370924
2021-06-03 12:18:53.0,0.23088909288641873
2021-06-03 12:18:56.0,0.21332377768906663
2021-06-03 12:18:59.0,0.1961112742081895
2021-06-03 12:19:02.0,0.18624386707421353
2021-06-03 12:19:05.0,0.22497055713721423
2021-06-03 12:19:08.0,0.21292598466896392
2021-06-03 12:19:11.0,0.21954024602356342
2021-06-03 12:19:14.0,0.22165871787291686
2021-06-03 12:19:17.0,0.21718710532721752
2021-06-03 12:19:20.0,0.2985400810856501
2021-06-03 12:19:23.0,0.29291184021809463
2021-06-03 12:19:26.0,0.27611173758753665
2021-06-03 12:19:29.0,0.2510595377891369
2021-06-03 12:19:32.0,0.2617173009026922
2021-06-03 12:19:35.0,0.2730989466056912
2021-06-03 12:19:38.0,0.2730989466056912
2021-06-03 12:19:41.0,0.23792319393727226
2021-06-03 12:19:45.0,0.2214298998280181
2021-06-03 12:19:48.0,0.1688618699022436
2021-06-03 12:19:51.0,0.19092232395600683
2021-06-03 12:19:54.0,0.18709592692759178
2021-06-03 12:19:57.0,0.17418104875081927
2021-06-03 12:20:00.0,0.1296401575172724
2021-06-03 12:20:03.0,0.11869100420866283
2021-06-03 12:20:06.0,0.1732081587529159
2021-06-03 12:20:09.0,0.15453941211323885
2021-06-03 12:20:12.0,0.15453941211323885
2021-06-03 12:20:15.0,0.12420100397302422
2021-06-03 12:20:18.0,0.12420100397302422
2021-06-03 12:20:21.0,0.11456598444230748
2021-06-03 12:20:24.0,0.07550582472946929
2021-06-03 12:20:27.0,0.08148602399258231
2021-06-03 12:20:30.0,0.08700199811832612
2021-06-03 12:20:33.0,0.057765552784601285
2021-06-03 12:20:36.0,0.05951226919499318
2021-06-03 12:20:39.0,0.05668145002626404
2021-06-03 12:20:42.0,0.03844050918190912
2021-06-03 12:20:45.0,0.034453886033522195
2021-06-03 12:20:48.0,0.02553782468440926
2021-06-03 12:20:51.0,0.04026342318836877
2021-06-03 12:20:54.0,0.036948439449121115
2021-06-03 12:20:57.0,0.03363565397495253
2021-06-03 12:21:00.0,6.367419891162839E-4
2021-06-03 12:21:03.0,5.669055467227148E-4
2021-06-03 12:21:06.0,0.0011599207670440826
2021-06-03 12:21:09.0,0.0011599207670440826
2021-06-03 12:21:12.0,0.00122626283694249
2021-06-03 12:21:15.0,0.016777374984366843
2021-06-03 12:21:18.0,0.016777374984366843
2021-06-03 12:21:21.0,0.016777374984366843
2021-06-03 12:21:24.0,0.022753035555554864
2021-06-03 12:21:27.0,0.08202198927418733
2021-06-03 12:21:30.0,0.10031089446640021
2021-06-03 12:21:33.0,0.08425112026232955
2021-06-03 12:21:36.0,0.07754589424999773
2021-06-03 12:21:39.0,0.07079608561790306
2021-06-03 12:21:42.0,0.10686073049905885
2021-06-03 12:21:45.0,0.17169147878572893
2021-06-03 12:21:48.0,0.17169147878572893
2021-06-03 12:21:51.0,0.17169147878572893
2021-06-03 12:21:54.0,0.17290411030788827
2021-06-03 12:21:57.0,0.16276838237497993
2021-06-03 12:22:00.0,0.1627683823749799
2021-06-03 12:22:03.0,0.16276838237497993
2021-06-03 12:22:06.0,0.15202840551050564
2021-06-03 12:22:09.0,0.15202840551050564
2021-06-03 12:22:12.0,0.11525949103553705
2021-06-03 12:22:15.0,0.1611530951647148
2021-06-03 12:22:18.0,0.1611530951647148
2021-06-03 12:22:21.0,0.1611530951647148
2021-06-03 12:22:24.0,0.1285422668875879
2021-06-03 12:22:27.0,0.257826874493421
2021-06-03 12:22:30.0,0.257826874493421
2021-06-03 12:22:33.0,0.257826874493421
2021-06-03 12:22:36.0,0.257826874493421
2021-06-03 12:22:39.0,0.32496047550092355
2021-06-03 12:22:42.0,0.24405975978899364
2021-06-03 12:22:45.0,0.436787457615523
2021-06-03 12:22:48.0,0.4367874576155231
2021-06-03 12:22:51.0,0.3274505955555166
2021-06-03 12:22:54.0,0.4202325870763856
2021-06-03 12:22:57.0,0.7232319904940187
2021-06-03 12:23:00.0,0.7232319904940187
2021-06-03 12:23:03.0,0.595304305242135
2021-06-03 12:23:06.0,0.5289553027162248
2021-06-03 12:23:09.0,0.5659146821049336
2021-06-03 12:23:12.0,0.5980691990694849
2021-06-03 12:23:15.0,0.6031212406632709
2021-06-03 12:23:18.0,0.39450427662695287
2021-06-03 12:23:21.0,0.3435587915010476
2021-06-03 12:23:24.0,0.29969025455061976
2021-06-03 12:23:27.0,0.35261924236475406
2021-06-03 12:23:30.0,0.3471157024856836
2021-06-03 12:23:33.0,0.3428333196021134
2021-06-03 12:23:36.0,0.3673672032582276
2021-06-03 12:23:39.0,0.3673672032582276
2021-06-03 12:23:42.0,0.3416826294641144
2021-06-03 12:23:45.0,0.3484096062208415
2021-06-03 12:23:48.0,0.30160650699731684
2021-06-03 12:23:51.0,0.30238546968000163
2021-06-03 12:23:54.0,0.2889701206376741
2021-06-03 12:23:57.0,0.28308983946125854
2021-06-03 12:24:00.0,0.29685947298645854
2021-06-03 12:24:04.0,0.2911612367928938
2021-06-03 12:24:07.0,0.45006857211421303
2021-06-03 12:24:10.0,0.4163689635454358
2021-06-03 12:24:13.0,0.42004182763587594
2021-06-03 12:24:16.0,0.5004995785799737
2021-06-03 12:24:19.0,0.5211704380482811
2021-06-03 12:24:22.0,0.5218124003618377
2021-06-03 12:24:25.0,0.5187135915380986
2021-06-03 12:24:28.0,0.40623987614414603
2021-06-03 12:24:31.0,0.3844000756792596
2021-06-03 12:24:34.0,0.3735416101101945
2021-06-03 12:24:37.0,0.3610226457522739
2021-06-03 12:24:40.0,0.34570630871046776
2021-06-03 12:24:43.0,0.28016942941575806
2021-06-03 12:24:46.0,0.29002058277182735
2021-06-03 12:24:49.0,0.26990396657918325
2021-06-03 12:24:52.0,0.2605526338687338
2021-06-03 12:24:55.0,0.3372277562486804
2021-06-03 12:24:58.0,0.34284275259965885
2021-06-03 12:25:01.0,0.3363259073145737
2021-06-03 12:25:04.0,0.3091646987432454
2021-06-03 12:25:07.0,0.33947985109002626
2021-06-03 12:25:10.0,0.3408581130850999
2021-06-03 12:25:13.0,0.33355314645482237
2021-06-03 12:25:16.0,0.3531596354486677
2021-06-03 12:25:19.0,0.3399540180987995
2021-06-03 12:25:22.0,0.3086171310049864
2021-06-03 12:25:25.0,0.35363791641545256
2021-06-03 12:25:28.0,0.3441046521490114
2021-06-03 12:25:31.0,0.3211100983732948
2021-06-03 12:25:34.0,0.30831627120366817
2021-06-03 12:25:37.0,0.3492809765901643
2021-06-03 12:25:40.0,0.32112249893062444
2021-06-03 12:25:43.0,0.2869873756049583
2021-06-03 12:25:46.0,0.3010394811914419
2021-06-03 12:25:49.0,0.31922360562491015
2021-06-03 12:25:52.0,0.3147441195038295
2021-06-03 12:25:55.0,0.3387464967251543
2021-06-03 12:25:58.0,0.33856546362849077
2021-06-03 12:26:01.0,0.33492560599949095
2021-06-03 12:26:04.0,0.2995055422561512
2021-06-03 12:26:07.0,0.32877713079998916
2021-06-03 12:26:10.0,0.30698390532512126
2021-06-03 12:26:13.0,0.2589135100638681
2021-06-03 12:26:16.0,0.30296735067375596
2021-06-03 12:26:19.0,0.2889261399187832
2021-06-03 12:26:22.0,0.27293703610138764
2021-06-03 12:26:25.0,0.32882876628374186
2021-06-03 12:26:28.0,0.33292592238217217
2021-06-03 12:26:31.0,0.3281880309744619
2021-06-03 12:26:34.0,0.31837397321387056
2021-06-03 12:26:37.0,0.2891934423715748
2021-06-03 12:26:40.0,0.25158880778686693
2021-06-03 12:26:43.0,0.21339966625199094
2021-06-03 12:26:46.0,0.32942362722019797
2021-06-03 12:26:49.0,0.31830859429549857
2021-06-03 12:26:52.0,0.3069419828903946
2021-06-03 12:26:55.0,0.2848443435957926
2021-06-03 12:26:58.0,0.2852003186387237
2021-06-03 12:27:01.0,0.2694307804136498
2021-06-03 12:27:04.0,0.22383957544482191
2021-06-03 12:27:07.0,0.3647809548393942
2021-06-03 12:27:10.0,0.3561836498281918
2021-06-03 12:27:13.0,0.3619924841825247
2021-06-03 12:27:16.0,0.3379836120763251
2021-06-03 12:27:19.0,0.34053328104363817
2021-06-03 12:27:22.0,0.29429189186328986
2021-06-03 12:27:25.0,0.23040280425393966
2021-06-03 12:27:28.0,0.2657397129114147
2021-06-03 12:27:31.0,0.2864131400820715
2021-06-03 12:27:34.0,0.27055949027482934
2021-06-03 12:27:37.0,0.3483975819777641
2021-06-03 12:27:40.0,0.33159575780147144
2021-06-03 12:27:43.0,0.30694231851731335
2021-06-03 12:27:46.0,0.30476475398456754
2021-06-03 12:27:49.0,0.24624381132380624
2021-06-03 12:27:52.0,0.24111565343685026
2021-06-03 12:27:55.0,0.3003024664687683
2021-06-03 12:27:58.0,0.2468393792733523
2021-06-03 12:28:01.0,0.23379613105879313
2021-06-03 12:28:04.0,0.22156782988571302
2021-06-03 12:28:07.0,0.22846104571652673
2021-06-03 12:28:10.0,0.22012852907015806
2021-06-03 12:28:13.0,0.1916460338549738
2021-06-03 12:28:16.0,0.17789801093140883
2021-06-03 12:28:19.0,0.16507596287277254
2021-06-03 12:28:22.0,0.15154069388985128
2021-06-03 12:28:25.0,0.14325377434718836
2021-06-03 12:28:28.0,0.1286527042549188
2021-06-03 12:28:32.0,0.10200675920837643
2021-06-03 12:28:35.0,0.24998590645690014
2021-06-03 12:28:38.0,0.24998590645690014
2021-06-03 12:28:41.0,0.23622681836118115
2021-06-03 12:28:44.0,0.2112822891018002
2021-06-03 12:28:47.0,0.20738749990921906
2021-06-03 12:28:50.0,0.20084181391458694
2021-06-03 12:28:53.0,0.17177153321294647
2021-06-03 12:28:56.0,0.19599667318906794
2021-06-03 12:28:59.0,0.19278098291921023
2021-06-03 12:29:02.0,0.20892395365264646
2021-06-03 12:29:05.0,0.2326452537583129
2021-06-03 12:29:08.0,0.22960216476046835
2021-06-03 12:29:11.0,0.22854301995377746
2021-06-03 12:29:14.0,0.2245445704331793
2021-06-03 12:29:17.0,0.2759506648712871
2021-06-03 12:29:20.0,0.27659992582983833
2021-06-03 12:29:23.0,0.22973859970887273
2021-06-03 12:29:26.0,0.35626417110588277
2021-06-03 12:29:29.0,0.3586448991015416
2021-06-03 12:29:32.0,0.32938904682752096
2021-06-03 12:29:35.0,0.39853918112201525
2021-06-03 12:29:38.0,0.41179772269961423
2021-06-03 12:29:41.0,0.3839390484653088
2021-06-03 12:29:44.0,0.3233341898645899
2021-06-03 12:29:47.0,0.5369728509146889
2021-06-03 12:29:50.0,0.5369728509146889
2021-06-03 12:29:53.0,0.5127279582736525
2021-06-03 12:29:56.0,0.6188698774412458
2021-06-03 12:29:59.0,0.5761769737659993
2021-06-03 12:30:02.0,0.5246283849549029
2021-06-03 12:30:05.0,0.5346084948714147
2021-06-03 12:30:08.0,0.584391505982089
2021-06-03 12:30:11.0,0.5656130939411966
2021-06-03 12:30:14.0,0.546896903278836
2021-06-03 12:30:17.0,0.593971284240558
2021-06-03 12:30:20.0,0.5986816575964269
2021-06-03 12:30:23.0,0.5834922753189393
2021-06-03 12:30:26.0,0.5740321912326376
2021-06-03 12:30:29.0,0.5390266145409357
2021-06-03 12:30:32.0,0.5270008451302212
2021-06-03 12:30:35.0,0.4976615860176222
2021-06-03 12:30:38.0,0.5003284056979158
2021-06-03 12:30:41.0,0.4136705203269424
2021-06-03 12:30:44.0,0.37451669145583155
2021-06-03 12:30:47.0,0.4849407670994746
2021-06-03 12:30:50.0,0.4718578906082319
2021-06-03 12:30:53.0,0.4736803222015518
2021-06-03 12:30:56.0,0.523196392602326
2021-06-03 12:30:59.0,0.5251227106638932
2021-06-03 12:31:02.0,0.4950523845039737
2021-06-03 12:31:05.0,0.5060061330498122
2021-06-03 12:31:08.0,0.5327798199827875
2021-06-03 12:31:11.0,0.45052607294232755
2021-06-03 12:31:14.0,0.427347821947837
2021-06-03 12:31:17.0,0.47961725207600914
2021-06-03 12:31:20.0,0.4570194493987746
2021-06-03 12:31:23.0,0.40824095141760464
2021-06-03 12:31:26.0,0.45687921352754957
2021-06-03 12:31:29.0,0.37394434726866665
2021-06-03 12:31:32.0,0.39649800540606883
2021-06-03 12:31:35.0,0.467118476428341
2021-06-03 12:31:38.0,0.45758776478275426
2021-06-03 12:31:41.0,0.4373814744835431
2021-06-03 12:31:44.0,0.40062954168051024
2021-06-03 12:31:47.0,0.4504395652957553
2021-06-03 12:31:50.0,0.44206562342059996
2021-06-03 12:31:53.0,0.40912998192074346
2021-06-03 12:31:56.0,0.5310427070694557
2021-06-03 12:31:59.0,0.5054589795009993
2021-06-03 12:32:02.0,0.4786345603719916
2021-06-03 12:32:05.0,0.5009566156525666
2021-06-03 12:32:08.0,0.4767044609727321
2021-06-03 12:32:11.0,0.44710533511588385
2021-06-03 12:32:14.0,0.38297678128745716
2021-06-03 12:32:17.0,0.4022547440107064
2021-06-03 12:32:20.0,0.3514485088736366
2021-06-03 12:32:23.0,0.3393995449343354
2021-06-03 12:32:26.0,0.3583618887482002
2021-06-03 12:32:29.0,0.34220561264552907
2021-06-03 12:32:32.0,0.32467385805028076
2021-06-03 12:32:35.0,0.325063084765065
2021-06-03 12:32:38.0,0.2973306364054391
2021-06-03 12:32:41.0,0.26941895309002434
2021-06-03 12:32:44.0,0.24231099886599444
2021-06-03 12:32:47.0,0.25772557611068153
2021-06-03 12:32:50.0,0.25615915655087973
2021-06-03 12:32:53.0,0.22476515088846813
2021-06-03 12:32:56.0,0.21642738455761437
2021-06-03 12:32:59.0,0.1953594555278441
2021-06-03 12:33:02.0,0.18348047947821317
2021-06-03 12:33:05.0,0.19871748291160102
2021-06-03 12:33:08.0,0.19957453473640432
2021-06-03 12:33:12.0,0.1743970609333267
2021-06-03 12:33:15.0,0.16821368316977403
2021-06-03 12:33:18.0,0.15635517375487323
2021-06-03 12:33:21.0,0.14297182625771146
2021-06-03 12:33:24.0,0.1425269770918133
2021-06-03 12:33:27.0,0.19330182435962373
2021-06-03 12:33:30.0,0.16719376507970396
2021-06-03 12:33:33.0,0.16091340888412237
2021-06-03 12:33:36.0,0.21460283374544423
2021-06-03 12:33:39.0,0.21252495033193458
2021-06-03 12:33:42.0,0.20935040184605552
2021-06-03 12:33:45.0,0.183750757431452
2021-06-03 12:33:48.0,0.15018996008303295
2021-06-03 12:33:51.0,0.13790195208979525
2021-06-03 12:33:54.0,0.16022614710405952
2021-06-03 12:33:57.0,0.2236735961276559
2021-06-03 12:34:00.0,0.2079979329376425
2021-06-03 12:34:03.0,0.23547590207864694
2021-06-03 12:34:06.0,0.39618380488951666
2021-06-03 12:34:09.0,0.39535564019478675
2021-06-03 12:34:12.0,0.38721737919189586
2021-06-03 12:34:15.0,0.44344241697725906
2021-06-03 12:34:18.0,0.44344241697725906
2021-06-03 12:34:21.0,0.36821524143634515
2021-06-03 12:34:24.0,0.38935071858398773
2021-06-03 12:34:27.0,0.4348488997141685
2021-06-03 12:34:30.0,0.4348488997141685
2021-06-03 12:34:33.0,0.33725398075944646
2021-06-03 12:34:36.0,0.40029758622213796
2021-06-03 12:34:39.0,0.3546135545782129
2021-06-03 12:34:42.0,0.3362676190935732
2021-06-03 12:34:45.0,0.40897061232782883
2021-06-03 12:34:48.0,0.39861718335077123
2021-06-03 12:34:51.0,0.41654366860549874
2021-06-03 12:34:54.0,0.42122680327319956
2021-06-03 12:34:57.0,0.4460895311181858
2021-06-03 12:35:00.0,0.42886236486646767
2021-06-03 12:35:03.0,0.4005206464187633
2021-06-03 12:35:06.0,0.3248423194741475
2021-06-03 12:35:09.0,0.2628164619292952
2021-06-03 12:35:12.0,0.26847902000239343
2021-06-03 12:35:15.0,0.29333270741088885
2021-06-03 12:35:18.0,0.3059867413856633
2021-06-03 12:35:21.0,0.29103023930389293
2021-06-03 12:35:24.0,0.23968550930205057
2021-06-03 12:35:27.0,0.27682066902597297
2021-06-03 12:35:30.0,0.28843180918041
2021-06-03 12:35:33.0,0.2793188218789842
2021-06-03 12:35:36.0,0.2589413319101494
2021-06-03 12:35:39.0,0.2724820645094841
2021-06-03 12:35:42.0,0.26303970055398845
2021-06-03 12:35:45.0,0.23972374952056824
2021-06-03 12:35:48.0,0.10235922321140133
2021-06-03 12:35:51.0,0.10586858611131941
2021-06-03 12:35:54.0,0.09845032509538046
2021-06-03 12:35:57.0,0.09195900826537563
2021-06-03 12:36:00.0,0.08620927415859257
2021-06-03 12:36:03.0,0.07872630299495627
2021-06-03 12:36:06.0,0.0476454937636611
2021-06-03 12:36:09.0,0.03618287512687916
2021-06-03 12:36:12.0,0.03418233173161497
2021-06-03 12:36:15.0,0.02583010910048633
2021-06-03 12:36:18.0,0.019873755965614512
2021-06-03 12:36:21.0,0.03888581074792354
2021-06-03 12:36:24.0,0.03214395708224966
2021-06-03 12:36:27.0,0.01717122765725191
2021-06-03 12:36:30.0,0.01717122765725191
2021-06-03 12:36:33.0,0.006857369054936213
2021-06-03 12:36:36.0,0.001518445493034411
2021-06-03 12:36:39.0,0.0013462961001462033
2021-06-03 12:36:42.0,0.0011538522421973426
2021-06-03 12:36:45.0,0.0015049814926067773
2021-06-03 12:36:48.0,0.001276459643162664
2021-06-03 12:36:51.0,0.0013732000801898988
2021-06-03 12:36:54.0,0.0012359921750957584
2021-06-03 12:36:57.0,0.0013142094482644024
2021-06-03 12:37:00.0,0.0011647509316922507
2021-06-03 12:37:03.0,0.0012185325544883168
2021-06-03 12:37:06.0,0.001419744525651826
2021-06-03 12:37:09.0,0.0012132727547973865
2021-06-03 12:37:12.0,0.0011861132743828595
2021-06-03 12:37:15.0,0.0013603516965796781
2021-06-03 12:37:18.0,0.0013603516965796781
2021-06-03 12:37:21.0,0.0013603516965796781
2021-06-03 12:37:24.0,0.0011109132283519361
2021-06-03 12:37:27.0,0.0010555324127674054
2021-06-03 12:37:30.0,7.568328725994386E-4
2021-06-03 12:37:33.0,6.858022561258081E-4
2021-06-03 12:37:36.0,9.432432433057823E-4
2021-06-03 12:37:39.0,9.432432433057821E-4
2021-06-03 12:37:42.0,7.402992192683028E-4
2021-06-03 12:37:45.0,0.001026435646651761
2021-06-03 12:37:48.0,0.001026435646651761
2021-06-03 12:37:51.0,0.001026435646651761
2021-06-03 12:37:54.0,0.0011088970814153451
2021-06-03 12:37:57.0,0.0011088970814153451
2021-06-03 12:38:01.0,8.278163134339197E-4
2021-06-03 12:38:04.0,7.534955668217269E-4
2021-06-03 12:38:07.0,0.006246203897580391
2021-06-03 12:38:10.0,0.006246203897580391
2021-06-03 12:38:13.0,0.009408102086229431
2021-06-03 12:38:16.0,0.008610069802168573
2021-06-03 12:38:19.0,0.007814418914180837
2021-06-03 12:38:22.0,0.0070195618248841424
2021-06-03 12:38:25.0,0.08404730877341385
2021-06-03 12:38:28.0,0.14111203941731776
2021-06-03 12:38:31.0,0.14111203941731776
2021-06-03 12:38:34.0,0.14111203941731776
2021-06-03 12:38:37.0,0.14724361130254762
2021-06-03 12:38:40.0,0.14724361130254762
2021-06-03 12:38:43.0,0.15374754303242388
2021-06-03 12:38:46.0,0.15374754303242388
2021-06-03 12:38:49.0,0.15374754303242388
2021-06-03 12:38:52.0,0.11658676188148703
2021-06-03 12:38:55.0,0.15719091168630214
2021-06-03 12:38:58.0,0.15719091168630214
2021-06-03 12:39:01.0,0.12803879226735398
2021-06-03 12:39:04.0,0.1226360086367099
2021-06-03 12:39:07.0,0.17702413612170304
2021-06-03 12:39:10.0,0.17702413612170298
2021-06-03 12:39:13.0,0.17702413612170304
2021-06-03 12:39:16.0,0.24722067444747448
2021-06-03 12:39:19.0,0.2911989454277128
2021-06-03 12:39:22.0,0.2911989454277128
2021-06-03 12:39:25.0,0.2911989454277128
2021-06-03 12:39:28.0,0.2911989454277128
2021-06-03 12:39:31.0,0.22000403881447506
2021-06-03 12:39:34.0,0.2633845599831851
2021-06-03 12:39:37.0,0.4325955087964196
2021-06-03 12:39:40.0,0.3464849694621101
2021-06-03 12:39:43.0,0.3174337777380484
2021-06-03 12:39:46.0,0.6110480317404677
2021-06-03 12:39:49.0,0.5066335019611716
2021-06-03 12:39:52.0,0.46570686267971007
2021-06-03 12:39:55.0,0.7302218717851522
2021-06-03 12:39:58.0,0.730221871785152
2021-06-03 12:40:01.0,0.8329293279980803
2021-06-03 12:40:04.0,0.8329293279980803
2021-06-03 12:40:07.0,0.573116032757402
2021-06-03 12:40:10.0,0.5502829875051198
2021-06-03 12:40:13.0,0.5473642918467998
2021-06-03 12:40:16.0,0.6531552497255685
2021-06-03 12:40:19.0,0.5649058083728251
2021-06-03 12:40:22.0,0.4034373521646061
2021-06-03 12:40:25.0,0.4098952833342568
2021-06-03 12:40:28.0,0.4098952833342568
2021-06-03 12:40:31.0,0.29668176669510055
2021-06-03 12:40:34.0,0.29097625691602363
2021-06-03 12:40:37.0,0.26610436085891365
2021-06-03 12:40:40.0,0.26610436085891365
2021-06-03 12:40:43.0,0.2280886409798534
2021-06-03 12:40:46.0,0.19293603210775165
2021-06-03 12:40:49.0,0.1639354132561065
2021-06-03 12:40:52.0,0.15629288579612835
2021-06-03 12:40:55.0,0.19845903698413964
2021-06-03 12:40:58.0,0.19845903698413964
2021-06-03 12:41:01.0,0.18992054188676125
2021-06-03 12:41:04.0,0.16953957465564734
2021-06-03 12:41:07.0,0.18228907672985026
2021-06-03 12:41:10.0,0.16818263982399537
2021-06-03 12:41:13.0,0.16027311036065173
2021-06-03 12:41:16.0,0.22889558356223688
2021-06-03 12:41:19.0,0.2483602360810163
2021-06-03 12:41:22.0,0.2483602360810163
2021-06-03 12:41:25.0,0.26363075976048156
2021-06-03 12:41:28.0,0.25961588235624444
2021-06-03 12:41:31.0,0.2554748650927818
2021-06-03 12:41:34.0,0.2557238415748328
2021-06-03 12:41:37.0,0.35382039533165777
2021-06-03 12:41:40.0,0.37166438933245544
2021-06-03 12:41:43.0,0.3701387771950959
2021-06-03 12:41:46.0,0.4057137194220078
2021-06-03 12:41:49.0,0.4092484797758829
2021-06-03 12:41:52.0,0.38271551907817764
2021-06-03 12:41:55.0,0.41166639099567137
2021-06-03 12:41:58.0,0.39271905953524244
2021-06-03 12:42:01.0,0.3588843967783122
2021-06-03 12:42:04.0,0.3327858777398943
2021-06-03 12:42:07.0,0.4465113965061034
2021-06-03 12:42:10.0,0.44272029935834634
2021-06-03 12:42:13.0,0.4230274518017231
2021-06-03 12:42:16.0,0.4318161578873908
2021-06-03 12:42:19.0,0.41332633427987553
2021-06-03 12:42:22.0,0.4218491804464493
2021-06-03 12:42:25.0,0.4479167159227875
2021-06-03 12:42:28.0,0.44902380059976815
2021-06-03 12:42:31.0,0.3040483307529195
2021-06-03 12:42:34.0,0.3993569236400858
2021-06-03 12:42:37.0,0.3992914992492229
2021-06-03 12:42:40.0,0.3998332718552731
2021-06-03 12:42:43.0,0.3759722092205863
2021-06-03 12:42:47.0,0.36001221278901363
2021-06-03 12:42:50.0,0.3529435389698541
2021-06-03 12:42:53.0,0.3338805468336747
2021-06-03 12:42:56.0,0.34764839978503925
2021-06-03 12:42:59.0,0.2989087150258682
2021-06-03 12:43:02.0,0.3082574993222401
2021-06-03 12:43:05.0,0.356552248641117
2021-06-03 12:43:08.0,0.32760642074248314
2021-06-03 12:43:11.0,0.3189666670430377
2021-06-03 12:43:14.0,0.31932918894197765
2021-06-03 12:43:17.0,0.3801791720493986
2021-06-03 12:43:20.0,0.3818550387306203
2021-06-03 12:43:23.0,0.36734606709925594
2021-06-03 12:43:26.0,0.3872982153469397
2021-06-03 12:43:29.0,0.34164393948498006
2021-06-03 12:43:32.0,0.3293743128532059
2021-06-03 12:43:35.0,0.35231300313589287
2021-06-03 12:43:38.0,0.34752950530790855
2021-06-03 12:43:41.0,0.33695135145432825
2021-06-03 12:43:44.0,0.31116252872333844
2021-06-03 12:43:47.0,0.3158255091268695
2021-06-03 12:43:50.0,0.3047873998779617
2021-06-03 12:43:53.0,0.2660005202316167
2021-06-03 12:43:56.0,0.3301350579743554
2021-06-03 12:43:59.0,0.30945959047097404
2021-06-03 12:44:02.0,0.309902379139383
2021-06-03 12:44:05.0,0.3417378667786359
2021-06-03 12:44:08.0,0.32378987650112023
2021-06-03 12:44:11.0,0.29255967092180535
2021-06-03 12:44:14.0,0.27278598547230976
2021-06-03 12:44:17.0,0.2840997912842261
2021-06-03 12:44:20.0,0.25554056276098513
2021-06-03 12:44:23.0,0.25320187432445573
2021-06-03 12:44:26.0,0.23282330979586757
2021-06-03 12:44:29.0,0.21071678853759768
2021-06-03 12:44:32.0,0.20094695553276104
2021-06-03 12:44:35.0,0.215458224178413
2021-06-03 12:44:38.0,0.22289049666909252
2021-06-03 12:44:41.0,0.22289049666909252
2021-06-03 12:44:44.0,0.20646803122361806
2021-06-03 12:44:47.0,0.19734269346030447
2021-06-03 12:44:50.0,0.2069108577132424
2021-06-03 12:44:53.0,0.18830164782049644
2021-06-03 12:44:56.0,0.20692498190308123
2021-06-03 12:44:59.0,0.2076240843784982
2021-06-03 12:45:02.0,0.19576577397241007
2021-06-03 12:45:05.0,0.21636021966652208
2021-06-03 12:45:08.0,0.2097395689637108
2021-06-03 12:45:11.0,0.20440293713532448
2021-06-03 12:45:14.0,0.15518727201777935
2021-06-03 12:45:17.0,0.19402443406609765
2021-06-03 12:45:20.0,0.17498974135613943
2021-06-03 12:45:23.0,0.18397595437726633
2021-06-03 12:45:26.0,0.23009142895578896
2021-06-03 12:45:29.0,0.21610947184141216
2021-06-03 12:45:32.0,0.22192580872849327
2021-06-03 12:45:35.0,0.44067551998902227
2021-06-03 12:45:38.0,0.44497719771780714
2021-06-03 12:45:41.0,0.44497719771780714
2021-06-03 12:45:44.0,0.3536762075382494
2021-06-03 12:45:47.0,0.34305726962534266
2021-06-03 12:45:50.0,0.37330679071780365
2021-06-03 12:45:53.0,0.34468545736136835
2021-06-03 12:45:56.0,0.3424756848329476
2021-06-03 12:45:59.0,0.34318077101232736
2021-06-03 12:46:02.0,0.3355356934136945
2021-06-03 12:46:05.0,0.4047546336313444
2021-06-03 12:46:08.0,0.37628898154233403
2021-06-03 12:46:11.0,0.3202366343708588
2021-06-03 12:46:14.0,0.32835708048626144
2021-06-03 12:46:17.0,0.4472100360649587
2021-06-03 12:46:20.0,0.42888564030700405
2021-06-03 12:46:23.0,0.38222813138148104
2021-06-03 12:46:26.0,0.6003356281309524
2021-06-03 12:46:29.0,0.6003356281309523
2021-06-03 12:46:32.0,0.5438890706819007
2021-06-03 12:46:35.0,0.5348224816093696
2021-06-03 12:46:38.0,0.56932862920819
2021-06-03 12:46:41.0,0.4842318511158012
2021-06-03 12:46:44.0,0.4335810659614988
2021-06-03 12:46:47.0,0.4858639310894237
2021-06-03 12:46:50.0,0.4630135471533453
2021-06-03 12:46:53.0,0.4011217079275204
2021-06-03 12:46:56.0,0.5264287092705964
2021-06-03 12:46:59.0,0.4971426698703418
2021-06-03 12:47:02.0,0.40938413923766237
2021-06-03 12:47:05.0,0.5757023615076239
2021-06-03 12:47:08.0,0.5464035373872395
2021-06-03 12:47:11.0,0.5395411199565184
2021-06-03 12:47:14.0,0.5493967385981299
2021-06-03 12:47:17.0,0.6409200456009682
2021-06-03 12:47:20.0,0.6321533839511531
2021-06-03 12:47:23.0,0.5832784773266327
2021-06-03 12:47:27.0,0.6350497407688633
2021-06-03 12:47:30.0,0.603563515210427
2021-06-03 12:47:33.0,0.5272782693814677
2021-06-03 12:47:36.0,0.48511291305985577
2021-06-03 12:47:39.0,0.4725454988929955
2021-06-03 12:47:42.0,0.4229597224268617
2021-06-03 12:47:45.0,0.4857409763613238
2021-06-03 12:47:48.0,0.43888426377974066
2021-06-03 12:47:51.0,0.42168011670265215
2021-06-03 12:47:54.0,0.39072643910255767
2021-06-03 12:47:57.0,0.45816670891703876
2021-06-03 12:48:00.0,0.4615550455366322
2021-06-03 12:48:03.0,0.407179657434823
2021-06-03 12:48:06.0,0.5207286277926867
2021-06-03 12:48:09.0,0.5075632898447231
2021-06-03 12:48:12.0,0.5191494553836526
2021-06-03 12:48:15.0,0.5333937434231971
2021-06-03 12:48:18.0,0.4853897612166789
2021-06-03 12:48:21.0,0.4855100602847427
2021-06-03 12:48:24.0,0.4232217179957414
2021-06-03 12:48:27.0,0.5007478935909657
2021-06-03 12:48:30.0,0.4541881366859876
2021-06-03 12:48:33.0,0.42210728843427997
2021-06-03 12:48:36.0,0.5174160443426663
2021-06-03 12:48:39.0,0.5032916754180887
2021-06-03 12:48:42.0,0.449316065380056
2021-06-03 12:48:45.0,0.45519874151784673
2021-06-03 12:48:48.0,0.43432496070958804
2021-06-03 12:48:51.0,0.45692861618166397
2021-06-03 12:48:54.0,0.44766039692259857
2021-06-03 12:48:57.0,0.41614799241500305
2021-06-03 12:49:00.0,0.41006128991266044
2021-06-03 12:49:03.0,0.35403253978321636
2021-06-03 12:49:06.0,0.4228743013886682
2021-06-03 12:49:09.0,0.4228743013886682
2021-06-03 12:49:12.0,0.3797206194920527
2021-06-03 12:49:15.0,0.3556281696239153
2021-06-03 12:49:18.0,0.3352163111881176
2021-06-03 12:49:21.0,0.3103641048358574
2021-06-03 12:49:24.0,0.2868773473546424
2021-06-03 12:49:27.0,0.29843485649679374
2021-06-03 12:49:30.0,0.27256975998372396
2021-06-03 12:49:33.0,0.2567685997125355
2021-06-03 12:49:36.0,0.27008817129708373
2021-06-03 12:49:39.0,0.2571858485957688
2021-06-03 12:49:42.0,0.22808669834109283
2021-06-03 12:49:45.0,0.22822095025798705
2021-06-03 12:49:48.0,0.20900524306283058
2021-06-03 12:49:51.0,0.19225338973096562
2021-06-03 12:49:54.0,0.17442548293252833
2021-06-03 12:49:57.0,0.19670852167210603
2021-06-03 12:50:00.0,0.17708864895230444
2021-06-03 12:50:03.0,0.154989696022
2021-06-03 12:50:06.0,0.14962284420178815
2021-06-03 12:50:09.0,0.13217212040475654
2021-06-03 12:50:12.0,0.09789834089180083
2021-06-03 12:50:15.0,0.17387035659147884
2021-06-03 12:50:18.0,0.19615937097025424
2021-06-03 12:50:21.0,0.6254387909194208
2021-06-03 12:50:24.0,0.6254387909194208
2021-06-03 12:50:27.0,0.5650809062977893
2021-06-03 12:50:30.0,0.573381729840715
2021-06-03 12:50:33.0,0.4873215384591234
2021-06-03 12:50:36.0,0.638221027060082
2021-06-03 12:50:39.0,0.5657150028488533
2021-06-03 12:50:42.0,0.5210961112451575
2021-06-03 12:50:45.0,0.6162034791695155
2021-06-03 12:50:48.0,0.6162034791695155
2021-06-03 12:50:51.0,0.6090900943747612
2021-06-03 12:50:54.0,0.5427658707657966
2021-06-03 12:50:57.0,0.549129744390716
2021-06-03 12:51:00.0,0.6146121619900144
2021-06-03 12:51:03.0,0.6146121619900144
2021-06-03 12:51:06.0,0.605750027711364
2021-06-03 12:51:09.0,0.4743446067409003
2021-06-03 12:51:12.0,0.43932310829532695
2021-06-03 12:51:15.0,0.6646480576394977
2021-06-03 12:51:18.0,0.6646480576394977
2021-06-03 12:51:21.0,0.5789845448102585
2021-06-03 12:51:24.0,0.5758065553619498
2021-06-03 12:51:27.0,0.676894069656636
2021-06-03 12:51:30.0,0.6989753327583315
2021-06-03 12:51:33.0,0.7210932635171202
2021-06-03 12:51:36.0,0.6148489164991672
2021-06-03 12:51:39.0,0.5869772636348454
2021-06-03 12:51:42.0,0.43400225423239136
2021-06-03 12:51:45.0,0.4098926566258825
2021-06-03 12:51:48.0,0.4098926566258825
2021-06-03 12:51:51.0,0.34889068729708034
2021-06-03 12:51:54.0,0.29295221955517853
2021-06-03 12:51:58.0,0.2867663795695492
2021-06-03 12:52:01.0,0.23770851593680292
2021-06-03 12:52:04.0,0.2084161079865885
2021-06-03 12:52:07.0,0.2583043169596275
2021-06-03 12:52:10.0,0.23386245207346945
2021-06-03 12:52:13.0,0.19798991559549542
2021-06-03 12:52:16.0,0.16619800877924096
2021-06-03 12:52:19.0,0.14862055205432761
2021-06-03 12:52:22.0,0.16610094079274446
2021-06-03 12:52:25.0,0.17949161615023826
2021-06-03 12:52:28.0,0.17222894331262453
2021-06-03 12:52:31.0,0.1683539938581237
2021-06-03 12:52:34.0,0.17318928089396002
2021-06-03 12:52:37.0,0.1388251214358482
2021-06-03 12:52:40.0,0.13254591301122032
2021-06-03 12:52:43.0,0.07553127015936083
2021-06-03 12:52:46.0,0.06774474489696593
2021-06-03 12:52:49.0,0.06774474489696593
2021-06-03 12:52:52.0,0.05507356445917242
2021-06-03 12:52:55.0,0.04870163529203912
2021-06-03 12:52:58.0,0.05014836368912738
2021-06-03 12:53:01.0,0.03237366965520935
2021-06-03 12:53:04.0,0.02537812790323792
2021-06-03 12:53:07.0,0.015605130137475734
2021-06-03 12:53:10.0,0.01332366707104831
2021-06-03 12:53:13.0,0.014169291336971344
2021-06-03 12:53:16.0,0.009099232783264362
2021-06-03 12:53:19.0,0.01333962763425
2021-06-03 12:53:22.0,0.006158363733416597
2021-06-03 12:53:25.0,0.006158363733416596
2021-06-03 12:53:28.0,0.006158363733416596
2021-06-03 12:53:31.0,0.006158363733416596
2021-06-03 12:53:37.0,0.0011467434715585001
2021-06-03 12:53:40.0,0.0011467434715585
2021-06-03 12:53:43.0,0.0011467434715585
2021-06-03 12:53:46.0,0.0011467434715585
2021-06-03 12:53:49.0,0.0011467434715585
