2021-06-03 11:15:25.0;0.0014635276532138524;0.0;1;100;240
2021-06-03 11:15:28.0;0.0014635276532138524;0.0;1;100;240
2021-06-03 11:15:31.0;0.0010731547935360134;0.0;1;100;240
2021-06-03 11:15:34.0;9.778314524023623E-4;0.0;1;100;240
2021-06-03 11:15:37.0;0.0011838106853073688;0.0;1;100;240
2021-06-03 11:15:40.0;9.679230766634816E-4;0.0;1;100;240
2021-06-03 11:15:43.0;8.889234435973031E-4;0.0;1;100;240
2021-06-03 11:15:46.0;9.509859978337365E-4;0.0;1;100;240
2021-06-03 11:15:49.0;9.509859978337365E-4;0.0;1;100;240
2021-06-03 11:15:52.0;9.509859978337363E-4;0.0;1;100;240
2021-06-03 11:15:55.0;9.509859978337365E-4;1.2;1;100.0;240
2021-06-03 11:15:58.0;9.509859978337365E-4;1.2000000000000002;1;100.0;240
2021-06-03 11:16:01.0;9.694626544943486E-4;1.2;1;100.0;240
2021-06-03 11:16:04.0;9.694626544943486E-4;1.2;1;100.0;240
2021-06-03 11:16:07.0;0.046723814337986495;1.2;1;100.0;240
2021-06-03 11:16:10.0;0.046723814337986495;3.8666666666666667;1;100.0;240
2021-06-03 11:16:13.0;0.10341035217366912;3.8666666666666667;1;100.0;240
2021-06-03 11:16:16.0;0.12874588184275826;3.8666666666666667;1;100.0;240
2021-06-03 11:16:19.0;0.12874588184275826;3.8666666666666667;1;100.0;240
2021-06-03 11:16:22.0;0.12874588184275826;3.8666666666666667;1;100.0;240
2021-06-03 11:16:25.0;0.12874588184275826;3.733333333333333;1;100.0;480
2021-06-03 11:16:28.0;0.12874588184275826;3.7333333333333334;1;100.0;480
2021-06-03 11:16:31.0;0.12108488882824986;3.7333333333333334;1;100.0;480
2021-06-03 11:16:34.0;0.1107506303895719;3.7333333333333334;1;100.0;480
2021-06-03 11:16:37.0;0.15438662535839776;3.7333333333333334;1;100.0;480
2021-06-03 11:16:40.0;0.15438662535839776;4.066666666666666;1;100.0;480
2021-06-03 11:16:43.0;0.15438662535839776;4.066666666666666;1;100.0;480
2021-06-03 11:16:46.0;0.1545762885927505;4.066666666666666;1;100.0;480
2021-06-03 11:16:49.0;0.1129385889888166;4.066666666666666;1;100.0;480
2021-06-03 11:16:52.0;0.10260945788218548;4.066666666666666;1;100.0;480
2021-06-03 11:16:55.0;0.15852003104250487;4.866666666666666;1;100.0;480
2021-06-03 11:16:58.0;0.1585200310425048;4.866666666666666;1;100.0;480
2021-06-03 11:17:01.0;0.1616466144491559;4.866666666666666;1;100.0;480
2021-06-03 11:17:04.0;0.1616466144491559;4.866666666666666;1;100.0;480
2021-06-03 11:17:07.0;0.1616466144491559;4.866666666666666;1;100.0;480
2021-06-03 11:17:10.0;0.1193778208441955;9.6;1;100.0;480
2021-06-03 11:17:13.0;0.10858341914597966;9.6;1;100.0;480
2021-06-03 11:17:16.0;0.24077956171398213;9.6;1;100.0;480
2021-06-03 11:17:19.0;0.3070950266315935;9.6;1;100.0;480
2021-06-03 11:17:22.0;0.23800205780644748;9.6;1;100.0;480
2021-06-03 11:17:25.0;0.4283853402371235;13.599999999999998;1;100.0;720
2021-06-03 11:17:28.0;0.4283853402371234;13.6;1;100.0;720
2021-06-03 11:17:31.0;0.4283853402371234;13.6;1;100.0;720
2021-06-03 11:17:34.0;0.5310617285962592;13.6;1;100.0;720
2021-06-03 11:17:37.0;0.6898820478093174;13.6;1;100.0;900
2021-06-03 11:17:40.0;0.6898820478093174;13.933333333333337;1;100.0;900
2021-06-03 11:17:43.0;0.6898820478093174;13.933333333333334;1;100.0;900
2021-06-03 11:17:46.0;0.6898820478093174;13.933333333333334;1;100.0;900
2021-06-03 11:17:49.0;0.4710752044444639;13.933333333333334;1;100.0;900
2021-06-03 11:17:52.0;0.5328639213734818;13.933333333333334;3;100.0;1080
2021-06-03 11:17:55.0;0.6519623962549623;14.2;3;100.0;1080
2021-06-03 11:17:58.0;0.6194698189087534;14.2;3;100.0;1080
2021-06-03 11:18:01.0;0.5643883504454253;16.860217777777777;3;100.0;1080
2021-06-03 11:18:04.0;0.6290228647990775;20.573046666666666;4;100.0;1260
2021-06-03 11:18:07.0;0.43340937664771767;21.635873333333333;4;100.0;1260
2021-06-03 11:18:11.0;0.40892074903022313;16.63718666666667;4;100.0;1260
2021-06-03 11:18:14.0;0.37251220345758584;18.210120000000003;4;100.0;1260
2021-06-03 11:18:17.0;0.3885821970441675;19.84894222222222;4;100.0;1260
2021-06-03 11:18:20.0;0.319166739862368;21.132337777777774;4;100.0;1440
2021-06-03 11:18:23.0;0.3325101572848025;21.640186666666665;4;100.0;1440
2021-06-03 11:18:26.0;0.3894823345805469;23.639297777777777;4;100.0;1680
2021-06-03 11:18:29.0;0.3894823345805469;24.333333333333336;4;100.0;1680
2021-06-03 11:18:32.0;0.3221291988070426;25.799999999999997;4;100.0;1680
2021-06-03 11:18:35.0;0.35142143241599894;25.599999999999998;4;100.0;1980
2021-06-03 11:18:38.0;0.3476416341137112;25.599999999999998;4;100.0;1980
2021-06-03 11:18:41.0;0.3476416341137112;24.333333333333332;4;100.0;1980
2021-06-03 11:18:44.0;0.35079529150797967;24.333333333333332;4;100.0;1980
2021-06-03 11:18:47.0;0.3539899046556485;23.466666666666665;4;100.0;1980
2021-06-03 11:18:50.0;0.3668676768837775;24.933333333333334;4;100.0;2280
2021-06-03 11:18:53.0;0.3329451295493722;24.933333333333334;4;100.0;2280
2021-06-03 11:18:56.0;0.4185670254564081;25.799999999999997;4;100.0;2280
2021-06-03 11:18:59.0;0.3407130918724981;25.799999999999997;4;100.0;2280
2021-06-03 11:19:02.0;0.32211211527938505;26.333333333333336;4;100.0;2280
2021-06-03 11:19:05.0;0.45169275041048484;24.133333333333333;6;100.0;2580
2021-06-03 11:19:08.0;0.4646819811486437;24.133333333333333;6;100.0;2580
2021-06-03 11:19:11.0;0.42684630220224334;26.124697777777776;6;99.92938573283034;2580
2021-06-03 11:19:14.0;0.4240043763207669;26.98059111111111;6;99.91852704188054;2580
2021-06-03 11:19:17.0;0.5000316523783783;27.37067111111111;6;99.90812307314414;2580
2021-06-03 11:19:20.0;0.4542813451833167;27.629977777777775;6;99.8974670701044;3000
2021-06-03 11:19:23.0;0.44102991732559116;28.45672888888889;6;99.88790290251143;3000
2021-06-03 11:19:26.0;0.4653418102484407;31.096280205292274;6;99.9414971706812;3240
2021-06-03 11:19:29.0;0.4256184680073021;31.724826871958943;6;99.93732024399723;3240
2021-06-03 11:19:32.0;0.4180138489441618;32.22045798307005;6;99.93327388593394;3240
2021-06-03 11:19:35.0;0.5125385813137124;33.73230687195894;6;99.92941542901467;3660
2021-06-03 11:19:38.0;0.4775562864179659;33.73230687195894;6;99.92571675697344;3660
2021-06-03 11:19:41.0;0.43816240513920723;35.60132026405281;6;99.94995410937287;3660
2021-06-03 11:19:44.0;0.4225833321779157;35.60132026405281;6;99.94777125931495;3660
2021-06-03 11:19:47.0;0.482192166017333;35.20132026405281;6;99.94559641254274;3660
2021-06-03 11:19:50.0;0.4901144908437428;34.06798693071948;8;99.94332991676943;4080
2021-06-03 11:19:53.0;0.48248873251684893;36.45782026405281;8;99.94228781213819;4080
2021-06-03 11:19:56.0;0.5128359451989152;37.11174666666666;8;99.9570692683459;4080
2021-06-03 11:19:59.0;0.36969732287781526;37.98857333333333;8;99.95596971316691;4080
2021-06-03 11:20:02.0;0.36089495805057087;38.73206666666667;8;99.95487999242528;4080
2021-06-03 11:20:05.0;0.40300462783371;40.47701555555555;8;99.95385644581309;4500
2021-06-03 11:20:08.0;0.4077161618396828;41.86666666666666;8;99.95292800713607;4500
2021-06-03 11:20:11.0;0.383947932707316;41.53333333333333;8;99.9622266360451;4500
2021-06-03 11:20:14.0;0.3043466940691612;41.53333333333333;8;99.96151445400784;4500
2021-06-03 11:20:17.0;0.36043449806363465;42.133333333333326;8;99.96083798569265;4500
2021-06-03 11:20:20.0;0.3306588908732707;41.46666666666667;8;99.96007339187327;4920
2021-06-03 11:20:23.0;0.3301310116321046;39.800000000000004;8;99.95943828463352;4920
2021-06-03 11:20:26.0;0.3328808562143407;41.0;8;99.96611653255839;5160
2021-06-03 11:20:29.0;0.3173784123159315;41.0;8;99.96562937789625;5160
2021-06-03 11:20:32.0;0.309222598255506;40.733333333333334;8;99.96513423830076;5160
2021-06-03 11:20:35.0;0.3526636892784184;40.2;8;99.96458548542348;5580
2021-06-03 11:20:38.0;0.34228247404534456;42.53333333333333;8;99.96470525448359;5580
2021-06-03 11:20:41.0;0.3086197088331118;42.6;8;99.96947165097818;5580
2021-06-03 11:20:44.0;0.2658492681861517;42.6;8;99.96912128106565;5580
2021-06-03 11:20:47.0;0.3456030766710837;41.26666666666667;8;99.96868600353402;5580
2021-06-03 11:20:50.0;0.33419952857128415;42.66666666666667;8;99.96836124659563;6000
2021-06-03 11:20:53.0;0.29121398659225806;41.333333333333336;8;99.96840738748554;6000
2021-06-03 11:20:56.0;0.3460031486576502;42.199999999999996;8;99.97219151817895;6000
2021-06-03 11:20:59.0;0.33250657080099216;42.20000000000001;8;99.9719281902156;6000
2021-06-03 11:21:02.0;0.3244719875053686;43.666666666666664;8;99.97168085072542;6000
2021-06-03 11:21:05.0;0.3372332824433563;43.06666666666667;8;99.9714097633631;6420
2021-06-03 11:21:08.0;0.31798069875863294;42.800000000000004;8;99.97145756539734;6420
2021-06-03 11:21:11.0;0.2996599918503256;41.2;8;99.97443064276791;6420
2021-06-03 11:21:14.0;0.26946566980729886;41.2;8;99.97422604150398;6420
2021-06-03 11:21:17.0;0.2968002893889171;40.86666666666667;8;99.97401722907573;6420
2021-06-03 11:21:20.0;0.2559323364274568;40.800000000000004;8;99.97380525145206;6840
2021-06-03 11:21:23.0;0.2532679044870241;41.33333333333334;8;99.97387907732794;6840
2021-06-03 11:21:26.0;0.32167005441179713;42.599342309914235;8;99.97632589569884;7080
2021-06-03 11:21:29.0;0.31608846281014275;42.599342309914235;8;99.97616452558445;7080
2021-06-03 11:21:32.0;0.3131615385963197;43.599342309914235;8;99.97603998247558;7080
2021-06-03 11:21:35.0;0.2885245746494405;45.19934230991423;8;99.97593257773846;7500
2021-06-03 11:21:38.0;0.27582971881694185;43.266008976580906;8;99.97592543471242;7500
2021-06-03 11:21:41.0;0.2650380478344828;41.4;8;99.97793876620302;7500
2021-06-03 11:21:44.0;0.24073174577586964;41.4;8;99.97780261852019;7500
2021-06-03 11:21:47.0;0.3170667115104805;42.0;8;99.97772262561637;7500
2021-06-03 11:21:50.0;0.3369598377298523;41.4;8;99.97760627531909;7920
2021-06-03 11:21:53.0;0.3318082784591758;40.0;8;99.9776417689068;7920
2021-06-03 11:21:56.0;0.3299442693764699;37.73333333333334;8;99.97933985630094;7920
2021-06-03 11:21:59.0;0.2908000986941791;37.733333333333334;8;99.9791752852616;7920
2021-06-03 11:22:02.0;0.28982636783874693;36.4;8;99.97900678552044;7920
2021-06-03 11:22:05.0;0.3977892285962136;36.0;6;99.97885914351079;8220
2021-06-03 11:22:08.0;0.41708266392229687;34.93333333333333;6;99.978890717387;8220
2021-06-03 11:22:11.0;0.39988243411359126;35.13333333333333;6;99.98041946171531;8220
2021-06-03 11:22:14.0;0.3921237937136954;35.13333333333333;6;99.98028024204653;8220
2021-06-03 11:22:17.0;0.36558112263207115;34.33333333333333;6;99.98012228727671;8220
2021-06-03 11:22:20.0;0.3307791688886435;34.06666666666666;6;99.97997569976191;8580
2021-06-03 11:22:23.0;0.26581563417002335;33.6;6;99.97999504658947;8580
2021-06-03 11:22:26.0;0.3109618250244151;28.733333333333334;6;99.98120829506011;8820
2021-06-03 11:22:29.0;0.26381916344405865;28.733333333333334;6;99.9810876613199;8820
2021-06-03 11:22:32.0;0.24478077830767986;29.333333333333336;6;99.98095946259288;8820
2021-06-03 11:22:35.0;0.31497989609715815;28.6;6;99.9808257641259;9180
2021-06-03 11:22:38.0;0.2758215811479192;27.933333333333337;6;99.98083530861248;9180
2021-06-03 11:22:41.0;0.26774952180183514;27.866666666666667;6;99.98192880821209;9180
2021-06-03 11:22:44.0;0.29616899066985686;27.866666666666667;6;99.9818231575314;9180
2021-06-03 11:22:47.0;0.294168975137613;26.46666666666667;6;99.98168003840952;9180
2021-06-03 11:22:50.0;0.2939345394641284;27.573666666666668;7;99.98161361904413;9540
2021-06-03 11:22:53.0;0.2791883785129634;27.774222222222225;7;99.98163363050956;9540
2021-06-03 11:22:57.0;0.22238794740796428;26.644444444444446;7;99.98260186460524;9540
2021-06-03 11:23:00.0;0.20749874096024107;26.97811111111111;7;99.9825218563817;9540
2021-06-03 11:23:03.0;0.17439275954398867;28.313;7;99.98239522366575;9540
2021-06-03 11:23:06.0;0.22125696332214073;27.666666666666668;7;99.98230845761982;9900
2021-06-03 11:23:09.0;0.20281102830387107;28.666666666666664;7;99.98235458440628;9900
2021-06-03 11:23:12.0;0.2005802212280161;25.800000000000004;7;99.98317714918639;9900
2021-06-03 11:23:15.0;0.2135535273422947;25.800000000000004;7;99.98310475925749;9900
2021-06-03 11:23:18.0;0.2135535273422947;29.800000000000004;7;99.98305531542954;9900
2021-06-03 11:23:21.0;0.20595151505557963;27.26666666666667;7;99.98294641334509;10260
2021-06-03 11:23:24.0;0.1721209285650256;29.733333333333338;7;99.98303237652826;10260
2021-06-03 11:23:27.0;0.178505822789101;27.866666666666667;7;99.98372627413754;10500
2021-06-03 11:23:30.0;0.1877632935570081;27.866666666666667;7;99.98365758541807;10500
2021-06-03 11:23:33.0;0.17475546641092557;28.73333333333333;7;99.98362382253623;10500
2021-06-03 11:23:36.0;0.3460429497893103;28.73333333333333;4;99.98357856817151;10680
2021-06-03 11:23:39.0;0.3228318106402907;28.8;4;99.98364858149955;10680
2021-06-03 11:23:42.0;0.3378361880346389;28.8;4;99.98406484734063;10680
2021-06-03 11:23:45.0;0.36891492151736704;28.8;4;99.98412583709093;10680
2021-06-03 11:23:48.0;0.3027515629494367;33.8;4;99.9842629795925;10680
2021-06-03 11:23:51.0;0.2828198471605185;33.8;4;99.98438646628678;10860
2021-06-03 11:23:54.0;0.2657917024619504;38.93333333333334;4;99.98460930130527;10860
2021-06-03 11:23:57.0;0.42264578229793015;38.93333333333334;4;99.98475470843445;10860
2021-06-03 11:24:00.0;0.4365730941011864;38.93333333333334;4;99.98481255700662;10860
2021-06-03 11:24:03.0;0.4365730941011864;37.733333333333334;4;99.98496725452473;10860
2021-06-03 11:24:06.0;0.48857582805639865;37.733333333333334;4;99.98502419984386;11040
2021-06-03 11:24:09.0;0.49205091859039063;36.333333333333336;4;99.98523172245332;11040
2021-06-03 11:24:12.0;0.4833818755378517;36.333333333333336;4;99.98534682431054;11040
2021-06-03 11:24:15.0;0.5350877662443148;36.333333333333336;4;99.98540128475813;11040
2021-06-03 11:24:18.0;0.5371350464949554;38.13333333333334;4;99.9855714315413;11040
2021-06-03 11:24:21.0;0.5717588705726532;38.13333333333334;4;99.98562527654424;11280
2021-06-03 11:24:24.0;0.5535017697963854;36.33333333333334;4;99.98580579876912;11280
2021-06-03 11:24:27.0;0.656470605929217;36.33333333333333;4;99.93748694146359;11520
2021-06-03 11:24:30.0;0.6176800812073611;36.33333333333333;4;99.93736017197638;11520
2021-06-03 11:24:33.0;0.47105132544573114;34.06666666666666;4;99.93759231812668;11520
2021-06-03 11:24:36.0;0.6504171197421924;34.06666666666666;4;99.93746935316672;11760
2021-06-03 11:24:39.0;0.6315713551537482;33.2;4;99.85330268300618;11760
2021-06-03 11:24:42.0;0.6260854450867736;33.2;4;99.8528818774837;11760
2021-06-03 11:24:45.0;0.623140447921039;33.2;4;99.85246464751398;11760
2021-06-03 11:24:48.0;0.6170297639814588;27.8;4;99.75936644885914;11760
2021-06-03 11:24:51.0;0.6161880445791529;31.170626666666667;5;99.299059484264;12000
2021-06-03 11:24:54.0;0.5660255082163085;26.94529777777778;5;99.22978883201299;12000
2021-06-03 11:24:57.0;0.5809690916418326;27.51996888888889;5;99.15289544305881;12000
2021-06-03 11:25:00.0;0.48757044094175467;28.094831111111112;5;99.07641151315862;12000
2021-06-03 11:25:03.0;0.4361547392644425;27.736359999999998;5;99.0025260270859;12000
2021-06-03 11:25:06.0;0.4663900872292772;28.86666666666667;5;98.77392423535068;12420
2021-06-03 11:25:09.0;0.3915888470944375;30.666666666666668;5;98.69920007546625;12420
2021-06-03 11:25:12.0;0.3765390366092979;30.666666666666668;5;98.61263532096827;12420
2021-06-03 11:25:15.0;0.4948269944863991;32.333333333333336;5;98.52716117272489;12420
2021-06-03 11:25:18.0;0.48475348391039497;34.0;5;98.44081517331209;12420
2021-06-03 11:25:21.0;0.4720725760294734;33.46666666666667;5;98.82757000873596;12840
2021-06-03 11:25:24.0;0.44234913492071226;36.33333333333333;5;98.72464819894844;12840
2021-06-03 11:25:27.0;0.6199597389896276;36.333333333333336;5;98.6697696335017;13080
2021-06-03 11:25:30.0;0.6156840421581827;36.8;5;98.61575727957738;13080
2021-06-03 11:25:33.0;0.6031235939486275;35.666666666666664;5;98.56773598282453;13080
2021-06-03 11:25:36.0;0.6340441580965918;35.8;8;98.72850674777544;13500
2021-06-03 11:25:39.0;0.6092017710337004;30.866666666666667;8;98.69629868254314;13500
2021-06-03 11:25:42.0;0.6003434683444063;34.460453333333334;8;98.53776545512518;13500
2021-06-03 11:25:45.0;0.579417889967756;33.28334666666666;8;98.47679143079756;13500
2021-06-03 11:25:48.0;0.5231203018081212;36.51562222222222;8;98.4169317719484;13500
2021-06-03 11:25:51.0;0.4976800154633619;35.60989555555555;8;98.60001434112382;13920
2021-06-03 11:25:54.0;0.47050149173501804;37.56512712639593;8;98.56008985604787;13920
2021-06-03 11:25:57.0;0.5321136960641177;42.06342045972926;8;98.52705615641835;13920
2021-06-03 11:26:00.0;0.4776949473098271;42.65598934861815;8;98.48002367581083;13920
2021-06-03 11:26:03.0;0.42973344854868;45.50675157084037;8;98.43569763963242;13920
2021-06-03 11:26:06.0;0.47457248100379223;46.35665157084036;8;98.57062286906428;14340
2021-06-03 11:26:09.0;0.45359427996431667;47.66860496132301;8;98.54251039843447;14340
2021-06-03 11:26:12.0;0.4353072534734926;45.53527162798968;8;98.60410723592148;14340
2021-06-03 11:26:15.0;0.4651241945399076;46.801938294656345;8;98.57066649823516;14340
2021-06-03 11:26:18.0;0.45417495877735414;46.80193829465635;8;98.53925229100206;14340
2021-06-03 11:26:21.0;0.41032258998695254;46.801938294656345;8;98.65101641264575;14760
2021-06-03 11:26:24.0;0.3867992733588082;45.26512041233448;8;98.63164315548293;14760
2021-06-03 11:26:27.0;0.44595642190135776;45.99845374566782;8;98.66831468041343;15000
2021-06-03 11:26:30.0;0.4057267112794302;45.33178707900115;8;98.645134238086;15000
2021-06-03 11:26:33.0;0.36455808240510973;47.06512041233449;8;98.62013015635131;15000
2021-06-03 11:26:36.0;0.5339213230341794;47.06512041233449;8;98.71485160832925;15420
2021-06-03 11:26:39.0;0.5339213230341794;48.13484484751489;8;98.70048503118316;15420
2021-06-03 11:26:42.0;0.5119040774281542;48.868178180848226;8;98.72733191041537;15420
2021-06-03 11:26:45.0;0.49177222555201705;48.06817818084823;8;98.70776977818677;15420
2021-06-03 11:26:48.0;0.4812342715968603;47.401511514181564;8;98.68706237729315;15420
2021-06-03 11:26:51.0;0.41704793181525057;47.401511514181564;8;98.76792551621685;15840
2021-06-03 11:26:54.0;0.45780102827977004;45.800000000000004;8;98.7573957036069;15840
2021-06-03 11:26:58.0;0.42491601738163093;44.733333333333334;8;98.7749589745766;15840
2021-06-03 11:27:01.0;0.3661984800563001;44.53333333333333;8;98.75947795238544;15840
2021-06-03 11:27:04.0;0.36747134705881784;42.666666666666664;8;98.7426913875245;15840
2021-06-03 11:27:07.0;0.3834944752131534;42.666666666666664;8;98.81178014053357;16260
2021-06-03 11:27:10.0;0.3527476709517377;40.06666666666666;8;98.80315498246658;16260
2021-06-03 11:27:13.0;0.29999028744223816;39.6;8;98.81518698762916;16260
2021-06-03 11:27:16.0;0.3293919674154575;38.86666666666667;8;98.8017093225935;16260
2021-06-03 11:27:19.0;0.3249238797456253;34.266666666666666;8;98.78434090169304;16260
2021-06-03 11:27:22.0;0.29525250361996286;34.266666666666666;8;98.84424782788427;16680
2021-06-03 11:27:25.0;0.27218542426060777;32.733333333333334;8;98.83679158655258;16680
2021-06-03 11:27:28.0;0.22170329420072635;30.666666666666668;8;98.84406360661812;16920
2021-06-03 11:27:31.0;0.22704723293106865;34.86666666666667;8;98.83553224993058;16920
2021-06-03 11:27:34.0;0.22227270500383897;30.266666666666666;8;98.88205049349301;16920
2021-06-03 11:27:37.0;0.2144535751415523;30.26666666666667;8;98.8708732136756;17340
2021-06-03 11:27:40.0;0.20398164086607268;27.599999999999998;8;98.88124051105676;17340
2021-06-03 11:27:43.0;0.176422855069909;24.466666666666665;8;98.86660069388184;17340
2021-06-03 11:27:46.0;0.18092982592204399;26.199999999999996;8;98.86068362705896;17340
2021-06-03 11:27:49.0;0.19407012798753778;27.599999999999998;8;98.90389998687982;17340
2021-06-03 11:27:52.0;0.19823740833847608;27.599999999999998;8;98.89391248289469;17760
2021-06-03 11:27:55.0;0.17292931675384382;26.666666666666668;8;98.89038471296982;17760
2021-06-03 11:27:58.0;0.1518260011286649;26.666666666666668;8;98.8869386458766;17760
2021-06-03 11:28:01.0;0.14199257448748248;25.0;8;98.88230552731075;17760
2021-06-03 11:28:04.0;0.1393714796352682;26.733333333333334;8;98.87689289957954;17760
2021-06-03 11:28:07.0;0.37002961413167246;26.733333333333334;3;98.90241049967791;17880
2021-06-03 11:28:10.0;0.3105035066760244;26.26666666666667;3;98.90972929365395;17880
2021-06-03 11:28:13.0;0.3156591606307421;26.26666666666667;3;98.91116658877186;17880
2021-06-03 11:28:16.0;0.44499902227347493;26.666666666666668;3;98.91591582390468;17880
2021-06-03 11:28:19.0;0.4143516273846556;26.866666666666667;3;98.92036535643317;17880
2021-06-03 11:28:22.0;0.3986248786184028;26.866666666666667;3;98.92180238813081;18000
2021-06-03 11:28:25.0;0.43915936587752313;27.333333333333336;3;98.92899228809121;18000
2021-06-03 11:28:28.0;0.4391090218111017;27.333333333333332;3;98.93040937539926;18240
2021-06-03 11:28:31.0;0.4391090218111017;27.46666666666667;3;98.93491973192343;18240
2021-06-03 11:28:34.0;0.31744511286671584;26.733333333333334;3;98.93858088325432;18240
2021-06-03 11:28:37.0;0.39775405105489914;26.733333333333334;3;98.93999468887804;18420
2021-06-03 11:28:40.0;0.34959698861395444;27.0;3;98.94717259802664;18420
2021-06-03 11:28:43.0;0.3735012172387733;27.0;3;98.94856091424126;18420
2021-06-03 11:28:46.0;0.3986808626204835;27.93333333333333;3;98.95363814535462;18420
2021-06-03 11:28:49.0;0.3542086230375737;27.799999999999997;3;98.95692960181196;18420
2021-06-03 11:28:52.0;0.3362275861361818;27.799999999999997;3;98.95831162942129;18600
2021-06-03 11:28:55.0;0.4639220031219362;28.0;3;98.96570126764382;18600
2021-06-03 11:28:58.0;0.4813760814466177;28.0;3;98.96705839367773;18600
2021-06-03 11:29:01.0;0.48137608144661764;26.0;3;98.97077240104989;18600
2021-06-03 11:29:04.0;0.4467003570431809;24.53333333333333;3;98.97308317472184;18600
2021-06-03 11:29:07.0;0.4282164928439314;24.533333333333335;4;98.97443222225904;18780
2021-06-03 11:29:10.0;0.4129714717383818;23.733333333333334;4;98.98096614599704;18780
2021-06-03 11:29:13.0;0.3460015450538953;26.65864888888889;4;98.9857475792931;18780
2021-06-03 11:29:16.0;0.35107779328175687;24.907197777777775;4;98.98857376936175;18780
2021-06-03 11:29:19.0;0.30509977006866185;24.621899999999997;4;98.991117143383;18780
2021-06-03 11:29:22.0;0.29277918336323533;25.138313333333336;4;98.99303796302601;19020
2021-06-03 11:29:25.0;0.35275741561772045;23.919853333333332;4;98.99870136238317;19260
2021-06-03 11:29:28.0;0.35275741561772045;26.15118222222222;4;99.00257314696242;19260
2021-06-03 11:29:31.0;0.36696450150449517;27.30110222222222;4;99.00558357657701;19260
2021-06-03 11:29:34.0;0.3603011359985213;26.799999999999997;4;99.00770692501175;19260
2021-06-03 11:29:37.0;0.3408112829064446;26.8;4;99.00974626346887;19500
2021-06-03 11:29:40.0;0.3203096217159619;26.266666666666666;4;99.01514683619182;19500
2021-06-03 11:29:43.0;0.29207802926733034;23.723875555555555;4;99.01679985138907;19500
2021-06-03 11:29:46.0;0.33046583304667465;22.370919999999998;4;99.01896006780785;19500
2021-06-03 11:29:49.0;0.2695417956386835;20.151713333333333;4;99.01965095444808;19500
2021-06-03 11:29:52.0;0.2631179848384984;20.26561333333333;5;99.02168511466382;19740
2021-06-03 11:29:55.0;0.3129051091493288;17.712733333333333;5;99.02576926446561;19740
2021-06-03 11:29:58.0;0.23894730621449806;17.23256;5;99.0274915720174;19740
2021-06-03 11:30:01.0;0.21663654486204928;15.780160000000002;5;99.0286320425856;19740
2021-06-03 11:30:04.0;0.19768228143986108;14.460813333333334;5;99.0285411755153;19740
2021-06-03 11:30:07.0;0.17522144666562278;14.666666666666668;5;99.03057829775383;19980
2021-06-03 11:30:10.0;0.17290281291846607;17.533333333333335;5;99.03589740518753;19980
2021-06-03 11:30:13.0;0.16315418565441744;12.799999999999999;5;99.03457971251103;19980
2021-06-03 11:30:16.0;0.13029566982709678;10.2;5;99.0341401470952;19980
2021-06-03 11:30:19.0;0.11351739131097152;7.866666666666667;5;99.0325633110524;19980
2021-06-03 11:30:22.0;0.09939674063334666;7.866666666666667;5;99.03439485397175;20220
2021-06-03 11:30:25.0;0.11538302690202665;9.799999999999999;5;99.04062053115284;20460
2021-06-03 11:30:28.0;0.11397979674700709;8.2;5;99.0390134382233;20460
2021-06-03 11:30:31.0;0.10108591038337428;8.0;5;99.03833515822076;20460
2021-06-03 11:30:34.0;0.10278897547256982;8.0;5;99.03800492970707;20460
2021-06-03 11:30:37.0;0.2747026411579608;8.0;1;99.03901893065323;20580
2021-06-03 11:30:40.0;0.24976845694176245;3.7333333333333334;1;99.04220046055332;20580
2021-06-03 11:30:43.0;0.22481770516130078;3.7333333333333334;1;99.0418656370048;20580
2021-06-03 11:30:46.0;0.26632168856982374;3.7333333333333334;1;99.04200572248605;20580
2021-06-03 11:30:49.0;0.17933231266845964;3.7333333333333334;1;99.04068036817895;20580
2021-06-03 11:30:52.0;0.17933231266845964;3.7333333333333334;1;99.04068036817895;20580
2021-06-03 11:30:55.0;0.11442584559050774;0.4;1;99.04094241369815;20580
2021-06-03 11:30:58.0;0.11442584559050774;0.39999999999999997;1;99.04094241369815;20580
2021-06-03 11:31:01.0;0.11442584559050774;0.4;1;99.04094241369815;20580
2021-06-03 11:31:04.0;0.020407948293347994;0.4;1;99.04094241369815;20580
2021-06-03 11:31:07.0;0.020253142720568527;0.4;1;99.04094241369815;20580
2021-06-03 11:31:10.0;0.01848812463698443;0.0;1;99.04094241369815;20580
2021-06-03 11:31:13.0;0.016720761014418817;0.0;1;99.04094241369815;20580
2021-06-03 11:31:17.0;0.012054348378889008;0.0;1;99.04094241369815;20580
2021-06-03 11:31:20.0;0.012054348378889008;0.0;1;99.04094241369815;20580
2021-06-03 11:31:23.0;0.0010322143499815351;0.0;1;99.04094241369815;20580
2021-06-03 11:31:26.0;0.0010322143499815351;0.0;1;99.04077060229356;20820
2021-06-03 11:31:29.0;7.639533094696671E-4;0.0;1;99.04077060229356;20820
2021-06-03 11:31:32.0;6.950472670842332E-4;0.0;1;99.04077060229356;20820
2021-06-03 11:31:35.0;0.0032716722526661994;0.0;1;99.04077060229356;20820
2021-06-03 11:31:38.0;0.005377224425087244;2.6666666666666665;1;99.04077060229356;20820
2021-06-03 11:31:41.0;0.005377224425087244;2.6666666666666665;1;99.04218987989427;20820
2021-06-03 11:31:44.0;0.005377224425087244;2.6666666666666665;1;99.04218987989427;20820
2021-06-03 11:31:47.0;0.05275986108813808;2.6666666666666665;1;99.04218987989427;20820
2021-06-03 11:31:50.0;0.05275986108813808;2.6666666666666665;1;99.04218987989427;20820
2021-06-03 11:31:53.0;0.05275986108813808;3.933333333333333;1;99.04218987989427;20820
2021-06-03 11:31:56.0;0.11265597144971508;3.933333333333333;1;99.04438519140555;20820
2021-06-03 11:31:59.0;0.14488685792129577;3.933333333333333;1;99.04438519140555;20820
2021-06-03 11:32:02.0;0.14488685792129577;3.933333333333333;1;99.04438519140555;20820
2021-06-03 11:32:05.0;0.14488685792129577;3.933333333333333;1;99.04438519140555;20820
2021-06-03 11:32:08.0;0.11400824879031381;4.0;1;99.04438519140555;20820
2021-06-03 11:32:11.0;0.10431692784935603;4.0;1;99.04660741493593;20820
2021-06-03 11:32:14.0;0.10364852574670626;4.0;1;99.04660741493593;20820
2021-06-03 11:32:17.0;0.15435975408068048;4.0;1;99.04660741493593;20820
2021-06-03 11:32:20.0;0.15435975408068048;4.0;1;99.04660741493593;20820
2021-06-03 11:32:23.0;0.12088941407085294;4.266666666666667;1;99.04660741493593;20820
2021-06-03 11:32:26.0;0.11014076278121009;4.266666666666667;1;99.04881004270281;21060
2021-06-03 11:32:29.0;0.09987089464163298;4.266666666666667;1;99.04881004270281;21060
2021-06-03 11:32:32.0;0.08961123511849682;4.266666666666667;1;99.04881004270281;21060
2021-06-03 11:32:35.0;0.16126776084061764;4.266666666666667;1;99.04881004270281;21060
2021-06-03 11:32:38.0;0.16715136416954401;6.333333333333333;1;99.04881004270281;21060
2021-06-03 11:32:41.0;0.16715136416954401;6.333333333333334;1;99.05221566317344;21060
2021-06-03 11:32:44.0;0.16715136416954401;6.333333333333333;1;99.05221566317344;21060
2021-06-03 11:32:47.0;0.16715136416954401;6.333333333333333;1;99.05221566317344;21060
2021-06-03 11:32:50.0;0.11368707172122555;6.333333333333333;1;99.05221566317344;21060
2021-06-03 11:32:56.0;0.3072427083862514;11.26666666666667;1;99.05221566317344;21060
2021-06-03 11:32:59.0;0.3072427083862514;11.26666666666667;1;99.05823428432421;21060
2021-06-03 11:33:02.0;0.3072427083862514;11.266666666666667;1;99.05823428432421;21060
2021-06-03 11:33:05.0;0.37563235088185276;11.266666666666667;1;99.05823428432421;21060
2021-06-03 11:33:08.0;0.37563235088185276;11.266666666666667;1;99.05823428432421;21360
2021-06-03 11:33:11.0;0.23189572888885676;15.133333333333333;1;99.05823428432421;21360
2021-06-03 11:33:14.0;0.23189572888885676;15.133333333333333;1;99.066271076201;21360
2021-06-03 11:33:17.0;0.6971526056312268;15.133333333333333;1;99.066271076201;21360
2021-06-03 11:33:20.0;0.6971526056312268;15.133333333333333;1;99.066271076201;21360
2021-06-03 11:33:23.0;0.6971526056312268;15.133333333333333;1;99.066271076201;21660
2021-06-03 11:33:26.0;0.6971526056312268;14.266666666666667;1;99.06909251830497;21660
2021-06-03 11:33:29.0;0.5507931622190135;14.266666666666667;1;99.07377822136021;21900
2021-06-03 11:33:32.0;0.6179896335196408;14.266666666666671;1;99.07377822136021;21900
2021-06-03 11:33:35.0;0.6171841888848479;14.266666666666667;1;99.07377822136021;21900
2021-06-03 11:33:38.0;0.6470297199315134;14.266666666666667;4;99.07377822136021;22200
2021-06-03 11:33:41.0;0.6273850706279708;10.439946666666666;4;99.08166691885741;22200
2021-06-03 11:33:44.0;0.6080640832264073;11.696546666666666;4;99.08283347634371;22200
2021-06-03 11:33:47.0;0.646648763878584;12.720286666666667;4;99.08382503201686;22200
2021-06-03 11:33:50.0;0.4185110765368002;13.746746666666667;4;99.08481345967482;22200
2021-06-03 11:33:53.0;0.393517598613598;20.517553333333336;6;99.09063295634313;22500
2021-06-03 11:33:56.0;0.35840769096911024;18.331571111111113;6;99.09345724481867;22500
2021-06-03 11:33:59.0;0.29828659706227795;20.76530888888889;6;99.09704058911446;22500
2021-06-03 11:34:02.0;0.23574760438031678;21.55486;6;99.098805458435;22500
2021-06-03 11:34:05.0;0.28378321014855123;22.34624666666667;6;99.10056635867267;22500
2021-06-03 11:34:08.0;0.28378321014855123;24.1204;6;99.10419288232394;22800
2021-06-03 11:34:11.0;0.2757098941091038;24.25152222222222;6;99.107576666175;22800
2021-06-03 11:34:14.0;0.242975824464874;23.799999999999997;6;99.11005637719059;22800
2021-06-03 11:34:17.0;0.2435512986601354;23.8;6;99.11186869086245;22800
2021-06-03 11:34:20.0;0.2423842030949952;23.8;6;99.11367483467606;22800
2021-06-03 11:34:23.0;0.19040818146491947;23.133333333333333;6;99.11539437577028;23100
2021-06-03 11:34:26.0;0.23251079970284433;26.999999999999996;6;99.12028802406365;23100
2021-06-03 11:34:29.0;0.22330272899976444;28.2;6;99.12289604223666;23340
2021-06-03 11:34:32.0;0.21951000284297215;28.2;6;99.12473848399333;23340
2021-06-03 11:34:35.0;0.26119526688481015;28.2;6;99.12657746075621;23340
2021-06-03 11:34:38.0;0.23274674018211655;29.999999999999996;6;99.12934007569723;23640
2021-06-03 11:34:41.0;0.22655064628775268;29.066666666666666;6;99.1338501984378;23640
2021-06-03 11:34:44.0;0.19989767691420593;30.133333333333336;6;99.13698464286932;23640
2021-06-03 11:34:47.0;0.26499625830408824;30.133333333333333;6;99.13888212239385;23640
2021-06-03 11:34:50.0;0.258978366612211;30.133333333333333;6;99.1407756630245;23640
2021-06-03 11:34:53.0;0.24255564800447077;33.06666666666666;6;99.144439168835;23940
2021-06-03 11:34:56.0;0.33219002846998386;36.33333333333333;6;99.15010198467867;23940
2021-06-03 11:34:59.0;0.3286171526117972;35.86666666666667;6;99.15277183236381;23940
2021-06-03 11:35:02.0;0.30193016855805627;35.86666666666667;6;99.1547339821939;23940
2021-06-03 11:35:05.0;0.3378366785526353;35.86666666666667;6;99.15669030453107;23940
2021-06-03 11:35:08.0;0.3111888886538458;36.6;6;99.16048521745834;24240
2021-06-03 11:35:11.0;0.2888622273930758;39.4;6;99.16723464630313;24240
2021-06-03 11:35:14.0;0.3040388651797695;41.133333333333326;6;99.17051880484308;24240
2021-06-03 11:35:17.0;0.3498741220356015;41.133333333333326;6;99.17255898782572;24240
2021-06-03 11:35:20.0;0.31618818613444155;41.133333333333326;6;99.17458983155855;24240
2021-06-03 11:35:23.0;0.3086203912905051;41.733333333333334;6;99.17806140177022;24540
2021-06-03 11:35:26.0;0.383629870966947;39.33333333333333;6;99.18340318103854;24540
2021-06-03 11:35:29.0;0.36578256245902846;38.33333333333333;6;99.18614420309295;24780
2021-06-03 11:35:32.0;0.382332828136385;38.33333333333333;6;99.18818129605211;24780
2021-06-03 11:35:35.0;0.4169603262226978;38.33333333333333;6;99.19021696344626;24780
2021-06-03 11:35:38.0;0.42358424411925644;38.2;6;99.19366894923904;25080
2021-06-03 11:35:41.0;0.41709974990837556;40.400000000000006;6;99.19948909990781;25080
2021-06-03 11:35:44.0;0.40145004165199083;40.86666666666667;6;99.2021909072219;25080
2021-06-03 11:35:47.0;0.35957977784609724;40.866666666666674;6;99.2042368854333;25080
2021-06-03 11:35:50.0;0.375310797722384;40.86666666666667;6;99.20627846933046;25080
2021-06-03 11:35:53.0;0.3094857651495982;38.6;6;99.20867379789125;25380
2021-06-03 11:35:57.0;0.4226902427951466;37.46666666666667;6;99.21378283475232;25380
2021-06-03 11:36:00.0;0.41164404793307624;37.8;6;99.2166766507484;25380
2021-06-03 11:36:03.0;0.35383705088198897;37.8;6;99.21868817527752;25380
2021-06-03 11:36:06.0;0.3758610974958494;37.8;6;99.22068939533382;25380
2021-06-03 11:36:09.0;0.33715313087938376;39.66666666666667;6;99.2236285633706;25680
2021-06-03 11:36:12.0;0.3258253879779938;40.86666666666667;6;99.22892397573666;25680
2021-06-03 11:36:15.0;0.43768975377906966;40.13333333333334;6;99.23126789283027;25680
2021-06-03 11:36:18.0;0.40331266615080585;40.13333333333334;6;99.23325015408909;25680
2021-06-03 11:36:21.0;0.4019632611060483;40.13333333333334;6;99.23522417523128;25680
2021-06-03 11:36:24.0;0.4042059299274655;41.00000000000001;6;99.23814486953773;25980
2021-06-03 11:36:27.0;0.4543608123995486;40.93333333333334;6;99.24331337851864;25980
2021-06-03 11:36:30.0;0.41247499149345923;41.400000000000006;6;99.24570464944989;26220
2021-06-03 11:36:33.0;0.36920697370191224;41.400000000000006;6;99.2476492429397;26220
2021-06-03 11:36:36.0;0.4409225769472833;41.400000000000006;6;99.24958255279086;26220
2021-06-03 11:36:39.0;0.4630791121204442;40.06666666666667;6;99.25208658746307;26520
2021-06-03 11:36:42.0;0.4314281426553006;40.13333333333333;6;99.25706718625803;26520
2021-06-03 11:36:45.0;0.42296426908141294;39.46666666666667;6;99.25925748836416;26520
2021-06-03 11:36:48.0;0.4180222403984892;39.46666666666667;6;99.26116144293327;26520
2021-06-03 11:36:51.0;0.38827730441510366;39.46666666666667;6;99.26305312257928;26520
2021-06-03 11:36:54.0;0.36648579160098704;40.733333333333334;6;99.26570882457284;26820
2021-06-03 11:36:57.0;0.40868084603908345;41.46666666666667;6;99.27051561746113;26820
2021-06-03 11:37:00.0;0.35894937004140165;42.733333333333334;6;99.27289337412338;26820
2021-06-03 11:37:03.0;0.32240366023525757;42.733333333333334;6;99.27475838520617;26820
2021-06-03 11:37:06.0;0.4021270010828587;42.733333333333334;6;99.27661754124986;26820
2021-06-03 11:37:09.0;0.39870021598464284;41.800000000000004;6;99.27883350180342;27120
2021-06-03 11:37:12.0;0.34189248506300274;41.6;6;99.2834610869885;27120
2021-06-03 11:37:15.0;0.4040249674204247;41.6;6;99.2858449396006;27120
2021-06-03 11:37:18.0;0.40174821986863135;41.6;6;99.28766388799141;27120
2021-06-03 11:37:21.0;0.401785800364804;41.6;6;99.28947179570339;27120
2021-06-03 11:37:24.0;0.3706090428386145;41.53333333333333;6;99.29184542565321;27420
2021-06-03 11:37:27.0;0.4142962928968205;41.733333333333334;6;99.29641279239712;27420
2021-06-03 11:37:30.0;0.381851118663234;41.13333333333333;6;99.29850173594656;27660
2021-06-03 11:37:33.0;0.3643112638749134;41.13333333333333;6;99.30027893701269;27660
2021-06-03 11:37:36.0;0.41190561637844675;41.13333333333333;6;99.30204364834114;27660
2021-06-03 11:37:39.0;0.37230095205726454;39.53333333333333;6;99.30421460759023;27960
2021-06-03 11:37:42.0;0.31632916201242167;38.13333333333333;6;99.30766133866602;27960
2021-06-03 11:37:45.0;0.3882081449701525;37.06666666666666;6;99.30941055335043;27960
2021-06-03 11:37:48.0;0.39107361743237856;37.06666666666666;6;99.31112746546819;27960
2021-06-03 11:37:51.0;0.38040136581246503;37.06666666666666;6;99.312838131675;27960
2021-06-03 11:37:54.0;0.34616729288222764;36.46666666666667;6;99.31461848605888;28260
2021-06-03 11:37:57.0;0.3948342096809914;34.93333333333334;6;99.31769337099354;28260
2021-06-03 11:38:00.0;0.37376060292843777;33.46666666666667;6;99.31891848353817;28260
2021-06-03 11:38:03.0;0.34980747056684197;33.46666666666667;6;99.32058335681566;28260
2021-06-03 11:38:06.0;0.355021788394161;33.46666666666667;6;99.32223956090212;28260
2021-06-03 11:38:09.0;0.34093231252613143;29.599999999999998;6;99.32313174483379;28560
2021-06-03 11:38:12.0;0.3211429377576091;29.26666666666667;6;99.32578046947556;28560
2021-06-03 11:38:15.0;0.34031892022186644;29.066666666666666;6;99.32696698480635;28560
2021-06-03 11:38:18.0;0.32708870268059315;29.066666666666666;6;99.3285783247581;28560
2021-06-03 11:38:21.0;0.2798625184233411;29.066666666666666;6;99.33018090633135;28560
2021-06-03 11:38:24.0;0.24697808171363808;29.333333333333332;6;99.33098394780848;28860
2021-06-03 11:38:27.0;0.2629846253807579;27.666666666666664;6;99.33331436569995;28860
2021-06-03 11:38:30.0;0.24142896394135938;26.4;6;99.33410159189067;29100
2021-06-03 11:38:33.0;0.21442496453485133;26.4;6;99.33565717379798;29100
2021-06-03 11:38:36.0;0.2698594168568145;26.4;6;99.33720140325136;29100
2021-06-03 11:38:39.0;0.23478976434590057;28.133333333333333;6;99.33839428628704;29400
2021-06-03 11:38:42.0;0.21811247972537773;30.999999999999996;6;99.34140204627265;29400
2021-06-03 11:38:45.0;0.23097002589766136;28.066666666666666;6;99.34145242831711;29400
2021-06-03 11:38:48.0;0.21637040609474528;28.066666666666666;6;99.34295669117014;29400
2021-06-03 11:38:51.0;0.20366070152657378;28.066666666666666;6;99.34445707561878;29400
2021-06-03 11:38:54.0;0.1624380144788647;28.73333333333333;6;99.34566327048539;29700
2021-06-03 11:38:57.0;0.16642465971748133;28.53333333333333;6;99.34880517689557;29700
2021-06-03 11:39:00.0;0.14258816472664473;28.53333333333333;6;99.3494544153238;29700
2021-06-03 11:39:03.0;0.13120378934345225;28.53333333333333;6;99.35065025206596;29700
2021-06-03 11:39:06.0;0.2729694209227359;28.066666666666666;6;99.35184170048642;29700
2021-06-03 11:39:09.0;0.26271725318878425;27.26666666666667;5;99.35262790947775;29940
2021-06-03 11:39:12.0;0.25916211377645887;27.933333333333334;5;99.35524246189836;29940
2021-06-03 11:39:15.0;0.24624997739806276;27.933333333333334;5;99.35640914508068;29940
2021-06-03 11:39:18.0;0.24171055419797846;27.933333333333334;5;99.35757277057917;29940
2021-06-03 11:39:21.0;0.2184315444406315;30.2;5;99.35873411715149;29940
2021-06-03 11:39:24.0;0.22468542465395158;29.133333333333336;5;99.35935155523447;30180
2021-06-03 11:39:27.0;0.3097732310884119;32.86666666666667;5;99.36332624512544;30180
2021-06-03 11:39:30.0;0.31390508665777844;32.86666666666667;5;99.36441368481798;30420
2021-06-03 11:39:33.0;0.3116981445842798;32.86666666666667;5;99.36555262385082;30420
2021-06-03 11:39:36.0;0.3643311765966884;34.93333333333333;5;99.36668561029408;30420
2021-06-03 11:39:39.0;0.3320265691657819;35.06666666666667;5;99.36727940104882;30660
2021-06-03 11:39:42.0;0.3465957348928753;38.93333333333334;5;99.37268536645307;30660
2021-06-03 11:39:45.0;0.322962720761458;38.93333333333333;5;99.37380276038574;30660
2021-06-03 11:39:48.0;0.3447291064943467;38.93333333333333;5;99.37491507296693;30660
2021-06-03 11:39:51.0;0.41699907075857506;38.4;5;99.37602564860516;30660
2021-06-03 11:39:54.0;0.331836782524955;38.53333333333333;4;99.37695490013614;30840
2021-06-03 11:39:57.0;0.5500749794553889;35.33333333333333;4;99.38109351244303;30840
2021-06-03 11:40:00.0;0.49835889039649306;35.33333333333333;4;99.38194380854148;30840
2021-06-03 11:40:03.0;0.48706975244531914;35.33333333333333;4;99.38279177145547;30840
2021-06-03 11:40:06.0;0.5539747881753545;35.2;4;99.38363713012333;30840
2021-06-03 11:40:09.0;0.5444059364977458;34.133333333333326;4;99.38500615359483;31020
2021-06-03 11:40:12.0;0.4593704448803989;35.53333333333333;4;99.36442973649416;31020
2021-06-03 11:40:15.0;0.6111355689721902;35.53333333333333;4;99.36519925885798;31020
2021-06-03 11:40:18.0;0.6477497677822824;35.53333333333333;4;99.36596640221781;31020
2021-06-03 11:40:21.0;0.6457804498181992;35.93333333333334;4;99.36673370884479;31020
2021-06-03 11:40:24.0;0.6457804498181993;36.46666666666667;4;99.36066049773937;31200
2021-06-03 11:40:27.0;0.6740018157952747;34.0;4;99.36002400833878;31200
2021-06-03 11:40:30.0;0.6293855554867287;34.0;4;99.3607074328657;31440
2021-06-03 11:40:33.0;0.5592786699339851;34.0;4;99.36142908085732;31440
2021-06-03 11:40:36.0;0.6308762237456267;32.6;4;99.36214826935625;31440
2021-06-03 11:40:39.0;0.6690751034723343;29.933333333333334;4;99.20945062418566;31680
2021-06-03 11:40:42.0;0.6089127070302611;27.866666666666667;4;99.21160052854012;31680
2021-06-03 11:40:46.0;0.6119190336369662;27.866666666666667;4;99.2114412178449;31680
2021-06-03 11:40:49.0;0.6020839947005713;27.866666666666667;4;99.21128223840547;31680
2021-06-03 11:40:52.0;0.5287897179655597;27.0;4;99.21112427196752;31680
2021-06-03 11:40:55.0;0.5991260240516936;27.466666666666665;5;99.14342181814798;31920
2021-06-03 11:40:58.0;0.557419307318508;25.2;5;99.14454376553824;31920
2021-06-03 11:41:01.0;0.4839487738674602;25.200000000000003;5;99.14401264571228;31920
2021-06-03 11:41:04.0;0.4527605785238249;25.2;5;99.14348314417508;31920
2021-06-03 11:41:07.0;0.5070472280634738;25.866666666666664;5;99.14295420243518;31920
2021-06-03 11:41:10.0;0.49516413569324397;30.273671111111106;5;98.84808977456474;32160
2021-06-03 11:41:13.0;0.45070090710147104;31.549431111111108;5;98.81208031488235;32160
2021-06-03 11:41:16.0;0.4313367391973632;31.599999999999998;5;98.7740616080548;32160
2021-06-03 11:41:19.0;0.3981054773585443;31.599999999999998;5;98.73629053354759;32160
2021-06-03 11:41:22.0;0.38867324425728017;32.266666666666666;5;98.69865269275601;32160
2021-06-03 11:41:25.0;0.5522103834041858;35.2;5;98.80797334107469;32400
2021-06-03 11:41:28.0;0.5608822853967462;38.06666666666666;5;98.78729574451155;32400
2021-06-03 11:41:31.0;0.580603000609991;38.06666666666667;5;98.76272579563349;32640
2021-06-03 11:41:34.0;0.5546997063276824;38.06666666666667;5;98.73831641243154;32640
2021-06-03 11:41:37.0;0.558429552040779;37.733333333333334;5;98.713995590018;32640
2021-06-03 11:41:40.0;0.5650587214537436;36.6;5;98.7260670667659;32880
2021-06-03 11:41:43.0;0.4900112282540651;33.86666666666667;5;98.71078330551278;32880
2021-06-03 11:41:46.0;0.5578393174954716;33.86666666666667;5;98.69285956803628;32880
2021-06-03 11:41:49.0;0.5386712639994986;33.86666666666667;5;98.67502327834013;32880
2021-06-03 11:41:52.0;0.4772583554305282;32.733333333333334;5;98.65723840920168;32880
2021-06-03 11:41:55.0;0.5413454617752814;32.0;5;98.5417170359147;33120
2021-06-03 11:41:58.0;0.5359494353336081;32.400000000000006;5;98.52192582810308;33120
2021-06-03 11:42:01.0;0.5087414207735421;32.400000000000006;5;98.49935091010042;33120
2021-06-03 11:42:04.0;0.4771376963459063;32.400000000000006;5;98.47690860688367;33120
2021-06-03 11:42:07.0;0.5209221728404045;32.66666666666667;5;98.45453120959007;33120
2021-06-03 11:42:10.0;0.5156728676822799;33.93231124738924;5;98.4497355842124;33360
2021-06-03 11:42:13.0;0.5112486242790708;34.265644580722565;5;98.43183981576318;33360
2021-06-03 11:42:16.0;0.576272804379285;34.265644580722565;5;98.41011409115268;33360
2021-06-03 11:42:19.0;0.540572031351577;34.265644580722565;5;98.38841471928384;33360
2021-06-03 11:42:22.0;0.5403864319495152;34.13231124738923;5;98.37485354522948;33360
2021-06-03 11:42:25.0;0.5764011982707502;35.467769035871456;5;98.4482170341806;33600
2021-06-03 11:42:28.0;0.570310409004362;35.26776903587145;5;98.43340934316565;33840
2021-06-03 11:42:31.0;0.5439283459835278;35.26776903587145;5;98.41499966738117;33840
2021-06-03 11:42:34.0;0.5007911642444036;35.26776903587145;5;98.39665480966005;33840
2021-06-03 11:42:37.0;0.5359047571207965;29.0;5;98.38700369833127;33840
2021-06-03 11:42:40.0;0.5093731736541341;39.93333333333334;5;98.46939979324978;34080
2021-06-03 11:42:43.0;0.3884332612828325;40.46666666666667;5;98.4585329913565;34080
2021-06-03 11:42:46.0;0.5437951253591607;40.46666666666667;5;98.44311912257974;34080
2021-06-03 11:42:49.0;0.5136978907805455;40.46666666666667;5;98.42774906257468;34080
2021-06-03 11:42:52.0;0.49657856951419416;37.06666666666666;5;98.4196862896658;34080
2021-06-03 11:42:55.0;0.487253330447996;34.800000000000004;5;98.48940065156832;34320
2021-06-03 11:42:58.0;0.4795478374155323;34.0;5;98.47955531139544;34320
2021-06-03 11:43:01.0;0.4633670619044141;34.0;5;98.46639770015126;34320
2021-06-03 11:43:04.0;0.405207566270715;34.0;5;98.45328558168218;34320
2021-06-03 11:43:07.0;0.39700916875156345;33.13333333333333;5;98.44658715822112;34320
2021-06-03 11:43:10.0;0.3949033437201637;30.6;5;98.50599279472087;34560
2021-06-03 11:43:13.0;0.37973580995016043;29.800000000000004;5;98.49667635011869;34560
2021-06-03 11:43:16.0;0.37182367963050855;29.799999999999997;5;98.48516476725526;34560
2021-06-03 11:43:19.0;0.325279289830148;29.799999999999997;5;98.47369630279;34560
2021-06-03 11:43:22.0;0.2962222591319913;23.333333333333336;5;98.46740208198135;34560
2021-06-03 11:43:25.0;0.3130738749073161;23.266666666666666;5;98.51970040353304;34800
2021-06-03 11:43:28.0;0.29654068697655644;28.73333333333333;5;98.51214045059574;35040
2021-06-03 11:43:31.0;0.26815236563524325;28.73333333333333;5;98.50196242348566;35040
2021-06-03 11:43:34.0;0.23726250045825428;28.73333333333333;5;98.49179113212776;35040
2021-06-03 11:43:37.0;0.26073829447461616;23.066666666666663;5;98.48506236019131;35040
2021-06-03 11:43:40.0;0.24346409682578432;27.133333333333333;5;98.53241628471636;35280
2021-06-03 11:43:43.0;0.17893477626820337;27.133333333333333;5;98.5264612703974;35280
2021-06-03 11:43:46.0;0.16515452004395711;27.133333333333333;5;98.51730324877693;35280
2021-06-03 11:43:49.0;0.1327901281684962;27.133333333333333;5;98.50817444527544;35280
2021-06-03 11:43:52.0;0.3368579489080363;27.133333333333333;5;98.49910486388436;35280
2021-06-03 11:43:55.0;0.5207806386858762;24.799999999999997;2;98.52772119012458;35460
2021-06-03 11:43:58.0;0.5118810372282737;24.799999999999997;2;98.53277501938102;35460
2021-06-03 11:44:01.0;0.49231642485940086;24.799999999999997;2;98.53324248106118;35460
2021-06-03 11:44:04.0;0.37934787697803507;24.799999999999997;2;98.53370876377078;35460
2021-06-03 11:44:07.0;0.6260530834270204;24.799999999999997;2;98.53417603454801;35460
2021-06-03 11:44:10.0;0.5576559774149263;24.666666666666664;2;98.53748372707605;35520
2021-06-03 11:44:13.0;0.6247143918806152;24.666666666666664;2;98.54403286298793;35520
2021-06-03 11:44:16.0;0.6155179450905054;24.666666666666664;2;98.54450347587861;35520
2021-06-03 11:44:19.0;0.6155179450905054;24.666666666666664;2;98.544974460795;35520
2021-06-03 11:44:22.0;0.4752222524771396;24.666666666666664;2;98.54544472307322;35520
2021-06-03 11:44:25.0;0.4752222524771396;26.733333333333334;2;98.54954884656718;35580
2021-06-03 11:44:28.0;0.5071729651152617;26.733333333333338;2;98.55597480319076;35820
2021-06-03 11:44:31.0;0.418533383379721;26.733333333333334;2;98.55645324180729;35820
2021-06-03 11:44:34.0;0.37820968796917315;26.733333333333334;2;98.55693094124615;35820
2021-06-03 11:44:37.0;0.6183472669943004;26.733333333333334;2;98.55740917170208;35820
2021-06-03 11:44:40.0;0.6190108546089803;25.933333333333334;2;98.5614159029067;35880
2021-06-03 11:44:43.0;0.5677148249806163;25.933333333333337;2;98.56739848527366;35880
2021-06-03 11:44:46.0;0.5320216168234629;25.933333333333334;2;98.56788289632176;35880
2021-06-03 11:44:49.0;0.509641061298048;25.933333333333334;2;98.56836719831723;35880
2021-06-03 11:44:52.0;0.4872530505576012;25.933333333333334;2;98.56885219519079;35940
2021-06-03 11:44:55.0;0.6037691032866013;24.333333333333332;2;98.57204537839044;35940
2021-06-03 11:44:58.0;0.6037691032866013;24.333333333333332;2;98.57800910432675;35940
2021-06-03 11:45:01.0;0.5402567748610766;24.333333333333336;2;98.57849756673627;35940
2021-06-03 11:45:04.0;0.5221507229222759;24.333333333333336;2;98.5789865640985;35940
2021-06-03 11:45:07.0;0.6381149383796035;24.333333333333336;2;98.57947366483366;36000
2021-06-03 11:45:10.0;0.5364305303052859;24.800000000000004;2;98.58252140576926;36000
2021-06-03 11:45:13.0;0.6832842695975644;24.8;2;98.58863610076443;36000
2021-06-03 11:45:16.0;0.5831479739570831;24.8;2;98.58912846434812;36000
2021-06-03 11:45:19.0;0.5831479739570831;24.8;2;98.58962005747998;36000
2021-06-03 11:45:22.0;0.5831479739570831;24.8;2;98.59011088164358;36060
2021-06-03 11:45:25.0;0.5586316555145687;21.2;2;98.59271060672465;36060
2021-06-03 11:45:28.0;0.45311456190002536;21.200000000000003;2;98.59750924452887;36300
2021-06-03 11:45:31.0;0.4109924407630613;21.200000000000003;2;98.59800215422436;36300
2021-06-03 11:45:34.0;0.4140818267888141;21.200000000000003;2;98.59849559948674;36300
2021-06-03 11:45:37.0;0.4634747502157961;21.200000000000003;2;98.59898696492719;36360
2021-06-03 11:45:40.0;0.4634747502157961;14.8;2;98.59988793104299;36360
2021-06-03 11:45:43.0;0.41537228439900986;14.8;2;98.60372346578488;36360
2021-06-03 11:45:47.0;0.3503894165015953;14.8;2;98.60421225315602;36360
2021-06-03 11:45:50.0;0.33450361996138966;14.8;2;98.60470238868605;36360
2021-06-03 11:45:53.0;0.311944341812901;14.8;2;98.60518981217284;36420
2021-06-03 11:45:56.0;0.36783074272155813;10.8;2;98.60550030061943;36420
2021-06-03 11:45:59.0;0.313211598163775;10.8;2;98.60825473095225;36420
2021-06-03 11:46:02.0;0.28093811257993834;10.799999999999999;2;98.60874113634847;36420
2021-06-03 11:46:05.0;0.24087479958292685;10.8;2;98.6092269469415;36420
2021-06-03 11:46:08.0;0.22048157241682537;10.8;2;98.60971232455096;36480
2021-06-03 11:46:11.0;0.22048157241682537;6.266666666666667;2;98.60785882734574;36480
2021-06-03 11:46:14.0;0.1490439498867938;6.2666666666666675;2;98.61098098008873;36480
2021-06-03 11:46:17.0;0.1362532549744212;6.266666666666666;2;98.61145400566163;36480
2021-06-03 11:46:20.0;0.13941060248721115;6.266666666666667;2;98.61192866364624;36480
2021-06-03 11:46:23.0;0.10717634245540981;6.266666666666667;2;98.61240212197494;36540
2021-06-03 11:46:26.0;0.09906036582851085;2.4;2;98.61287501097526;36540
2021-06-03 11:46:29.0;0.09093898575512264;2.3999999999999995;2;98.61244245516546;36780
2021-06-03 11:46:32.0;8.122177777775303E-4;2.4;2;98.61244245516546;36780
2021-06-03 11:46:35.0;0.08500474778373479;2.4;2;98.61244245516546;36780
2021-06-03 11:46:38.0;0.08500474778373479;2.4;1;98.61244245516546;36780
2021-06-03 11:46:41.0;0.08500474778373479;0.0;1;98.61244245516546;36780
2021-06-03 11:46:44.0;0.08500474778373479;0.0;1;98.61244245516546;36780
2021-06-03 11:46:47.0;0.08500474778373479;0.0;1;98.61244245516546;36780
2021-06-03 11:46:56.0;0.001151441534157746;0.0;1;98.61244245516546;36780
2021-06-03 11:46:59.0;0.0016585534725872592;0.0;1;98.61244245516546;36780
2021-06-03 11:47:02.0;0.0016585534725872592;0.0;1;98.61244245516546;36780
2021-06-03 11:47:05.0;0.0014664256480464643;0.0;1;98.61244245516546;36780
2021-06-03 11:47:08.0;0.0014664256480464643;0.0;1;98.61244245516546;36780
2021-06-03 11:47:11.0;0.0014664256480464643;0.0;1;98.61244245516546;36780
2021-06-03 11:47:14.0;0.0014664256480464643;0.0;1;98.61244245516546;36780
2021-06-03 11:47:17.0;0.0014664256480464643;0.0;1;98.61244245516546;36780
2021-06-03 11:47:20.0;5.26871111085509E-4;0.0;1;98.61244245516546;36780
2021-06-03 11:47:23.0;5.26871111085509E-4;0.0;1;98.61244245516546;36780
2021-06-03 11:47:26.0;0.0011702032611289159;0.0;1;98.61244245516546;36780
2021-06-03 11:47:29.0;0.0011702032611289159;0.0;1;98.61244245516546;36780
2021-06-03 11:47:32.0;0.0011702032611289159;0.0;1;98.61244245516546;36780
2021-06-03 11:47:35.0;9.452771920814812E-4;0.0;1;98.61236702535614;37020
2021-06-03 11:47:38.0;9.271758197975007E-4;0.0;1;98.61236702535614;37020
2021-06-03 11:47:41.0;8.468915074456682E-4;0.0;1;98.61236702535614;37020
2021-06-03 11:47:44.0;7.665538677525192E-4;0.0;1;98.61236702535614;37020
2021-06-03 11:47:47.0;0.0013253337501747359;0.0;1;98.61236702535614;37020
2021-06-03 11:47:50.0;0.0014560158293430738;0.0;1;98.61236702535614;37020
2021-06-03 11:47:53.0;0.0011340583735680015;0.0;1;98.61236702535614;37020
2021-06-03 11:47:56.0;0.0012574589660655712;0.0;1;98.61236702535614;37020
2021-06-03 11:47:59.0;0.0012574589660655712;0.0;1;98.61236702535614;37020
2021-06-03 11:48:02.0;9.808738805963042E-4;0.06666666666666667;1;98.61236702535614;37020
2021-06-03 11:48:05.0;0.02756755515411293;0.06666666666666667;1;98.61236702535614;37020
2021-06-03 11:48:08.0;0.03422863833277227;0.06666666666666667;1;98.61236702535614;37020
2021-06-03 11:48:11.0;0.03422863833277227;0.06666666666666667;1;98.61236702535614;37020
2021-06-03 11:48:14.0;0.03422863833277227;0.06666666666666667;1;98.61236702535614;37020
2021-06-03 11:48:17.0;0.07375386958845966;3.400000000000001;1;98.61373723892518;37020
2021-06-03 11:48:20.0;0.07375386958845966;3.4;1;98.61373723892518;37020
2021-06-03 11:48:23.0;0.10180636407387185;3.4;1;98.61373723892518;37020
2021-06-03 11:48:26.0;0.10180636407387185;3.4;1;98.61373723892518;37020
2021-06-03 11:48:29.0;0.07974775293362144;3.4;1;98.61373723892518;37020
2021-06-03 11:48:32.0;0.08368130666664607;4.266666666666667;1;98.61548716864542;37020
2021-06-03 11:48:35.0;0.16710848596472827;4.266666666666667;1;98.61541583637366;37260
2021-06-03 11:48:38.0;0.16710848596472827;4.266666666666667;1;98.61541583637366;37260
2021-06-03 11:48:41.0;0.16710848596472827;4.266666666666667;1;98.61541583637366;37260
2021-06-03 11:48:44.0;0.16710848596472827;4.266666666666667;1;98.61541583637366;37260
2021-06-03 11:48:47.0;0.1721620990754669;4.2;1;98.61713391427885;37260
2021-06-03 11:48:50.0;0.12898384462733978;4.2;1;98.61713391427885;37260
2021-06-03 11:48:53.0;0.1174948938823703;4.2;1;98.61713391427885;37260
2021-06-03 11:48:56.0;0.1685011190818207;4.2;1;98.61713391427885;37260
2021-06-03 11:48:59.0;0.1647991516621145;4.2;1;98.61713391427885;37260
2021-06-03 11:49:02.0;0.1647991516621145;4.066666666666666;1;98.618793391998;37260
2021-06-03 11:49:05.0;0.19610552672231002;4.066666666666666;1;98.618793391998;37260
2021-06-03 11:49:08.0;0.19610552672231002;4.066666666666666;1;98.618793391998;37260
2021-06-03 11:49:11.0;0.19610552672231002;4.066666666666666;1;98.618793391998;37260
2021-06-03 11:49:14.0;0.19610552672231002;4.066666666666666;1;98.618793391998;37260
2021-06-03 11:49:17.0;0.2321696715862289;7.133333333333334;1;98.62161350048149;37260
2021-06-03 11:49:20.0;0.17924014579060396;7.133333333333334;1;98.62161350048149;37260
2021-06-03 11:49:23.0;0.16374668970674963;7.133333333333334;1;98.62161350048149;37260
2021-06-03 11:49:26.0;0.34020435844562497;7.133333333333334;1;98.62161350048149;37260
2021-06-03 11:49:29.0;0.34020435844562497;7.133333333333334;1;98.62161350048149;37260
2021-06-03 11:49:32.0;0.34020435844562497;11.533333333333335;1;98.62622545910492;37260
2021-06-03 11:49:35.0;0.5332725372002858;11.533333333333333;1;98.62615705270963;37500
2021-06-03 11:49:38.0;0.5332725372002858;11.533333333333333;1;98.62615705270963;37500
2021-06-03 11:49:41.0;0.5332725372002858;11.533333333333333;1;98.62615705270963;37500
2021-06-03 11:49:44.0;0.5332725372002858;11.533333333333333;1;98.62615705270963;37500
2021-06-03 11:49:47.0;0.6265988710271132;16.200000000000003;1;98.63257748196342;37500
2021-06-03 11:49:50.0;0.6279458420978894;16.2;1;98.63257748196342;37500
2021-06-03 11:49:53.0;0.754188640672717;16.2;1;98.63257748196342;37500
2021-06-03 11:49:56.0;0.8248465347955911;16.2;1;98.63257748196342;37500
2021-06-03 11:49:59.0;0.824846534795591;16.2;1;98.63257748196342;37800
2021-06-03 11:50:02.0;0.824846534795591;12.8;1;98.63761791974366;37800
2021-06-03 11:50:06.0;0.9191640443387156;12.8;1;98.63761791974366;37800
2021-06-03 11:50:09.0;0.733610356121294;12.8;1;98.63761791974366;37800
2021-06-03 11:50:12.0;0.6720876427535559;12.8;1;98.63761791974366;37800
2021-06-03 11:50:15.0;0.9188778213678814;12.8;1;98.63761791974366;38100
2021-06-03 11:50:18.0;0.9457993665636043;11.0;1;98.64201761440687;38100
2021-06-03 11:50:21.0;0.6987684953721465;11.0;1;98.64201761440687;38100
2021-06-03 11:50:24.0;0.6879353708482632;11.0;1;98.64201761440687;38100
2021-06-03 11:50:27.0;0.7464530312771422;11.0;1;98.64201761440687;38100
2021-06-03 11:50:30.0;0.5712894687274773;11.0;5;98.64201761440687;38400
2021-06-03 11:50:33.0;0.5498881732801744;6.592115555555555;5;98.64558564545517;38400
2021-06-03 11:50:36.0;0.529343041278585;9.438835555555555;5;98.6475862687509;38640
2021-06-03 11:50:39.0;0.47680849001872094;10.268257777777777;5;98.64821282235226;38640
2021-06-03 11:50:42.0;0.3978455259070338;14.163440000000001;5;98.6510584657322;38640
2021-06-03 11:50:45.0;0.37134052227666814;18.464951111111112;6;98.65453994154042;38940
2021-06-03 11:50:48.0;0.34666405468766315;21.637024444444442;6;98.65888756625803;38940
2021-06-03 11:50:51.0;0.30268939589301325;21.130695555555555;6;98.65984684251721;38940
2021-06-03 11:50:54.0;0.3177325148766283;21.48485333333333;6;98.66111313587584;38940
2021-06-03 11:50:57.0;0.2910946193353802;22.90697333333333;6;98.66277537049277;38940
2021-06-03 11:51:00.0;0.28694083848056845;25.661837777777777;6;98.66500249177147;39240
2021-06-03 11:51:03.0;0.253158668677788;26.561066666666665;6;98.66918819753356;39240
2021-06-03 11:51:06.0;0.2688198816424776;29.533333333333335;6;98.6713690786334;39240
2021-06-03 11:51:09.0;0.24922503702999632;29.533333333333335;6;98.67285523079514;39240
2021-06-03 11:51:12.0;0.24709998208696943;28.933333333333337;6;98.67430459714852;39240
2021-06-03 11:51:15.0;0.31036021902269717;29.66666666666667;6;98.67643837644583;39540
2021-06-03 11:51:18.0;0.3084045932373361;32.06666666666666;6;98.68132806352627;39540
2021-06-03 11:51:21.0;0.29072440907204306;31.66666666666667;6;98.68338473643392;39540
2021-06-03 11:51:24.0;0.29247854705421455;31.666666666666664;6;98.68497941542935;39540
2021-06-03 11:51:27.0;0.3683265069899728;33.06666666666667;6;98.68692015820993;39540
2021-06-03 11:51:30.0;0.3496397790318552;34.199999999999996;6;98.68887814641238;39840
2021-06-03 11:51:33.0;0.3310197948685335;35.733333333333334;6;98.69449303041668;39840
2021-06-03 11:51:36.0;0.3576491426272198;35.8;6;98.696548697099;40080
2021-06-03 11:51:39.0;0.3613587991434611;35.8;6;98.69822661403094;40080
2021-06-03 11:51:42.0;0.33344091697765355;36.53333333333333;6;98.70063908063274;40080
2021-06-03 11:51:45.0;0.4131464898710166;38.266666666666666;6;98.70290869774048;40380
2021-06-03 11:51:48.0;0.41042567618809267;37.666666666666664;6;98.70827032685257;40380
2021-06-03 11:51:51.0;0.38956717700087506;39.0;6;98.71074891304382;40380
2021-06-03 11:51:54.0;0.3480828163709731;39.0;6;98.71251377048384;40380
2021-06-03 11:51:57.0;0.3895413628578254;38.666666666666664;6;98.71458986069477;40380
2021-06-03 11:52:00.0;0.3699732619969858;39.0;6;98.71684807163933;40680
2021-06-03 11:52:03.0;0.34384365931226857;40.333333333333336;6;98.72254913281768;40680
2021-06-03 11:52:06.0;0.42526044574624733;40.53333333333333;6;98.72497074770827;40680
2021-06-03 11:52:09.0;0.42323241658764776;40.53333333333333;6;98.72678514062768;40680
2021-06-03 11:52:12.0;0.4288882375774189;40.33333333333333;6;98.72881056300807;40680
2021-06-03 11:52:15.0;0.43858508296561777;40.599999999999994;6;98.73120816501445;40980
2021-06-03 11:52:18.0;0.41938227793314364;42.13333333333334;6;98.737000583772;40980
2021-06-03 11:52:21.0;0.40834591713391777;42.0;6;98.7394951477496;40980
2021-06-03 11:52:24.0;0.352688258932197;42.0;6;98.74134518057011;40980
2021-06-03 11:52:27.0;0.41622490468533174;42.733333333333334;6;98.74368069331811;40980
2021-06-03 11:52:30.0;0.40866280171361813;41.400000000000006;6;98.74562998036534;41280
2021-06-03 11:52:33.0;0.3818155811734201;40.86666666666666;6;98.75102645266935;41280
2021-06-03 11:52:36.0;0.44875413644676815;39.86666666666666;6;98.7529410070706;41520
2021-06-03 11:52:39.0;0.4495874662504539;39.86666666666666;6;98.7547885638291;41520
2021-06-03 11:52:42.0;0.41303054921322485;40.93333333333333;6;98.75738406448032;41520
2021-06-03 11:52:45.0;0.43336970076743003;41.400000000000006;6;98.75950904346297;41820
2021-06-03 11:52:48.0;0.3952846180443457;41.66666666666667;6;98.76477694009996;41820
2021-06-03 11:52:51.0;0.331580865862554;42.06666666666666;6;98.76677666550455;41820
2021-06-03 11:52:54.0;0.31963956072617905;42.06666666666666;6;98.76862816452775;41820
2021-06-03 11:52:57.0;0.45942141620788235;40.46666666666666;6;98.77059430838847;41820
2021-06-03 11:53:00.0;0.4298454228015313;38.800000000000004;6;98.77258122584752;42120
2021-06-03 11:53:03.0;0.4141927063430428;39.0;6;98.77713673470564;42120
2021-06-03 11:53:06.0;0.4456502863134416;39.333333333333336;6;98.77928460003241;42120
2021-06-03 11:53:09.0;0.4259164267478506;39.333333333333336;6;98.78112412031955;42120
2021-06-03 11:53:12.0;0.3683566932191737;39.0;6;98.78295023183415;42120
2021-06-03 11:53:15.0;0.42669487190167543;40.266666666666666;6;98.78492761436966;42420
2021-06-03 11:53:18.0;0.42694126689341727;39.13333333333334;6;98.78953417979078;42420
2021-06-03 11:53:21.0;0.42124039693904575;39.46666666666667;6;98.79177839081126;42420
2021-06-03 11:53:24.0;0.39638979610984904;39.46666666666667;6;98.7935998641745;42420
2021-06-03 11:53:27.0;0.41335871185868756;39.2;6;98.79542860070562;42420
2021-06-03 11:53:30.0;0.41335871185868756;39.46666666666667;6;98.79741320416329;42720
2021-06-03 11:53:33.0;0.41299856814122005;41.266666666666666;6;98.80233859568162;42720
2021-06-03 11:53:36.0;0.42145424875670784;39.266666666666666;6;98.80384758325091;42960
2021-06-03 11:53:39.0;0.36226926282778593;39.266666666666666;6;98.80564392242256;42960
2021-06-03 11:53:42.0;0.33280692052333716;40.266666666666666;6;98.80779337228766;42960
2021-06-03 11:53:45.0;0.4735599151346479;40.93333333333334;6;98.80970051029865;43260
2021-06-03 11:53:48.0;0.4711205196187174;39.86666666666667;6;98.81449183471733;43260
2021-06-03 11:53:51.0;0.4517669491337029;41.33333333333334;6;98.8165136536621;43260
2021-06-03 11:53:54.0;0.41852261843259386;41.33333333333334;6;98.81829922519152;43260
2021-06-03 11:53:57.0;0.455168550648834;40.4;6;98.8202576004625;43260
2021-06-03 11:54:00.0;0.45031084076201183;39.46666666666666;6;98.82203183974858;43560
2021-06-03 11:54:03.0;0.3985926978810536;39.13333333333333;6;98.82619239493796;43560
2021-06-03 11:54:06.0;0.4348733586415933;38.93333333333333;6;98.827929044377;43560
2021-06-03 11:54:09.0;0.4340672631711435;38.93333333333333;6;98.82968296012177;43560
2021-06-03 11:54:12.0;0.4365944077546755;39.2;6;98.83119110297616;43560
2021-06-03 11:54:15.0;0.4115003343251253;38.00000000000001;6;98.83322375212974;43860
2021-06-03 11:54:18.0;0.38150750254926424;36.8;6;98.83669824045211;43860
2021-06-03 11:54:21.0;0.32198769316634146;36.06666666666667;6;98.83840528165733;43860
2021-06-03 11:54:24.0;0.3237229262742562;36.06666666666667;6;98.8401245533566;43860
2021-06-03 11:54:27.0;0.27305025648319353;32.93333333333334;6;98.84137624869078;43860
2021-06-03 11:54:30.0;0.27984424457419815;30.8;6;98.8428982345387;44160
2021-06-03 11:54:33.0;0.27076412615365963;31.466666666666665;6;98.84584120860794;44160
2021-06-03 11:54:36.0;0.31386095000553876;30.466666666666665;6;98.84716286739193;44400
2021-06-03 11:54:39.0;0.31586532517818905;30.466666666666665;6;98.84883406340215;44400
2021-06-03 11:54:42.0;0.30445134680475555;31.0;6;98.8503697327266;44400
2021-06-03 11:54:45.0;0.2909549035846889;30.200000000000003;6;98.85090367551902;44700
2021-06-03 11:54:48.0;0.27511405964171814;28.933333333333337;6;98.85402252769461;44700
2021-06-03 11:54:51.0;0.2736885030044903;29.733333333333334;6;98.85551871652544;44700
2021-06-03 11:54:54.0;0.2313089412448612;29.733333333333334;6;98.85715340636015;44700
2021-06-03 11:54:57.0;0.21496773400769215;30.866666666666664;6;98.85866222584347;44700
2021-06-03 11:55:00.0;0.19993368839514436;27.4;6;98.85866495276552;45000
2021-06-03 11:55:03.0;0.19670995797498306;27.6;6;98.86165164760958;45000
2021-06-03 11:55:06.0;0.31887409028697117;27.6;6;98.86313335324684;45000
2021-06-03 11:55:09.0;0.302243975259546;27.2;6;98.86472520097168;45000
2021-06-03 11:55:13.0;0.2832943447430821;27.400000000000002;6;98.86612532737134;45000
2021-06-03 11:55:16.0;0.29908969813531183;27.86666666666667;5;98.86765864139146;45300
2021-06-03 11:55:19.0;0.29908969813531183;27.933333333333334;5;98.8694453505393;45300
2021-06-03 11:55:22.0;0.27291479648586414;27.933333333333334;5;98.87089282911032;45300
2021-06-03 11:55:25.0;0.2426353587997737;28.400000000000002;5;98.87217909904547;45300
2021-06-03 11:55:28.0;0.17078523852534946;27.6;5;98.87340933727539;45300
2021-06-03 11:55:31.0;0.17430616642815094;27.133333333333333;5;98.87444069939598;45540
2021-06-03 11:55:34.0;0.1662685169149509;25.46666666666667;5;98.87706571025991;45780
2021-06-03 11:55:37.0;0.2770008778362884;25.46666666666667;5;98.87774924281383;45780
2021-06-03 11:55:40.0;0.26534164722679127;26.533333333333335;5;98.87900839456678;45780
2021-06-03 11:55:43.0;0.26826942799889464;27.866666666666667;5;98.88046880600896;45780
2021-06-03 11:55:46.0;0.2975155396815781;29.733333333333334;5;98.88186782141439;46020
2021-06-03 11:55:49.0;0.3043620427204887;27.866666666666667;5;98.8854202749108;46020
2021-06-03 11:55:52.0;0.2938069995728486;27.866666666666667;5;98.88510961981534;46020
2021-06-03 11:55:55.0;0.3227263696597903;29.799999999999997;5;98.88634103298025;46020
2021-06-03 11:55:58.0;0.3227263696597903;31.866666666666667;5;98.88829256305411;46020
2021-06-03 11:56:01.0;0.29821645995513857;34.266666666666666;5;98.89007136139976;46260
2021-06-03 11:56:04.0;0.25497677507037664;34.266666666666666;5;98.8942024981649;46260
2021-06-03 11:56:07.0;0.4275195944858801;34.266666666666666;5;98.89447797254304;46260
2021-06-03 11:56:10.0;0.38678963009534484;35.46666666666666;5;98.89541703450686;46260
2021-06-03 11:56:13.0;0.41079035447147305;35.33333333333333;5;98.89729207454789;46260
2021-06-03 11:56:16.0;0.508497484780741;39.46666666666667;4;98.898864022663;46440
2021-06-03 11:56:19.0;0.5008751336494265;39.46666666666667;4;98.903590136368;46440
2021-06-03 11:56:22.0;0.4684027107934353;39.46666666666667;4;98.90453768090157;46440
2021-06-03 11:56:25.0;0.5597215370378676;38.46666666666667;4;98.90548421703382;46440
2021-06-03 11:56:28.0;0.5735218719569313;39.86666666666667;4;98.9072066490341;46440
2021-06-03 11:56:31.0;0.6028985859817074;36.8;4;98.9091159067361;46620
2021-06-03 11:56:34.0;0.5327676585043499;36.8;4;98.90535136336693;46860
2021-06-03 11:56:37.0;0.5676316939536183;36.8;4;98.90624917080014;46860
2021-06-03 11:56:40.0;0.5244733898227036;37.333333333333336;4;98.90714689326265;46860
2021-06-03 11:56:43.0;0.5698077211795802;34.93333333333333;4;98.89778142594129;46860
2021-06-03 11:56:46.0;0.5769257628504025;33.06666666666666;4;98.89886332291563;47040
2021-06-03 11:56:49.0;0.5269099346773596;33.06666666666667;4;98.90261199934682;47040
2021-06-03 11:56:52.0;0.49952173187917326;33.06666666666667;4;98.90343238246231;47040
2021-06-03 11:56:55.0;0.6035108366529058;31.4;4;98.90425540894293;47040
2021-06-03 11:56:58.0;0.617688288436258;31.06666666666667;4;98.81117171419149;47040
2021-06-03 11:57:01.0;0.5744483547880962;30.733333333333334;4;98.81149363771232;47220
2021-06-03 11:57:04.0;0.5815403317865708;30.733333333333334;4;98.77646257090514;47220
2021-06-03 11:57:07.0;0.5404050665950637;30.733333333333334;4;98.77639866115636;47220
2021-06-03 11:57:10.0;0.5466136468594543;32.0;4;98.77633490649383;47220
2021-06-03 11:57:13.0;0.5056613592258035;32.93333333333334;4;98.7810886438067;47220
2021-06-03 11:57:16.0;0.5471937541550107;31.133333333333333;4;98.7190295087106;47400
2021-06-03 11:57:19.0;0.5700028107911033;31.133333333333333;4;98.72257824948672;47400
2021-06-03 11:57:22.0;0.6357812819787774;31.133333333333333;4;98.72215794531076;47400
2021-06-03 11:57:25.0;0.6080076123160387;29.133333333333333;4;98.72173670895543;47400
2021-06-03 11:57:28.0;0.5800817209268883;29.53333333333333;4;98.61576190347296;47400
2021-06-03 11:57:31.0;0.5699937256778606;32.266666666666666;4;98.61468142068007;47580
2021-06-03 11:57:34.0;0.5156271532428882;32.266666666666666;4;98.6180392904766;47820
2021-06-03 11:57:37.0;0.48564934348270294;32.266666666666666;4;98.61697293681489;47820
2021-06-03 11:57:40.0;0.4552000572228795;33.6;4;98.61590563715072;47820
2021-06-03 11:57:43.0;0.45159236250966167;32.0;4;98.62547135206692;47820
2021-06-03 11:57:46.0;0.5987505710015169;29.933333333333337;4;98.62447311910721;48000
2021-06-03 11:57:49.0;0.5676556586999757;29.933333333333337;4;98.47529652001738;48000
2021-06-03 11:57:52.0;0.5564162952080856;29.933333333333337;4;98.47344255729553;48000
2021-06-03 11:57:55.0;0.5785763003372111;30.266666666666666;4;98.47158571490594;48000
2021-06-03 11:57:58.0;0.5257450931453286;31.33333333333333;4;98.42639121540756;48000
2021-06-03 11:58:01.0;0.43890128187892563;33.333333333333336;4;98.41664632219566;48180
2021-06-03 11:58:04.0;0.4110457488999808;33.333333333333336;4;98.41767676501773;48180
2021-06-03 11:58:07.0;0.5467118294645539;33.333333333333336;4;98.41554461972413;48180
2021-06-03 11:58:10.0;0.5496185974926764;33.06666666666667;4;98.41341765666395;48180
2021-06-03 11:58:13.0;0.4963782946042567;33.400000000000006;4;98.34876828591327;48360
2021-06-03 11:58:16.0;0.5940820005957506;32.06666666666667;4;98.35315426878904;48360
2021-06-03 11:58:19.0;0.6320301624149028;32.06666666666667;4;98.35385611503685;48360
2021-06-03 11:58:22.0;0.5978772823378088;32.06666666666667;4;98.35143614996788;48360
2021-06-03 11:58:25.0;0.6180040770650712;32.666666666666664;4;98.34902606878966;48360
2021-06-03 11:58:28.0;0.5789008261598098;31.6;4;98.27372328435906;48540
2021-06-03 11:58:31.0;0.5797376453568212;30.4;4;98.27756061280132;48540
2021-06-03 11:58:34.0;0.5088633743950496;30.4;4;98.27730198401696;48780
2021-06-03 11:58:37.0;0.5363541818250386;30.4;4;98.27456240698778;48780
2021-06-03 11:58:40.0;0.48206284447595643;29.866666666666667;4;98.27182127899543;48780
2021-06-03 11:58:43.0;0.47515572309641924;32.0;4;98.2171662279819;48960
2021-06-03 11:58:46.0;0.6086340440822678;34.0;4;98.22086164110138;48960
2021-06-03 11:58:49.0;0.606753700620402;34.0;4;98.22143911375107;48960
2021-06-03 11:58:52.0;0.5689082691131878;34.00000000000001;4;98.2184891356932;48960
2021-06-03 11:58:55.0;0.6541332845145459;33.86666666666667;4;98.22539561465254;48960
2021-06-03 11:58:58.0;0.62339251199564;33.86666666666667;4;98.21226281473919;49140
2021-06-03 11:59:01.0;0.6223434317098954;37.53333333333334;4;98.21634949409129;49140
2021-06-03 11:59:04.0;0.4929839151154394;37.53333333333334;4;98.21725301382287;49140
2021-06-03 11:59:07.0;0.6044684398496944;37.53333333333334;4;98.21437309023982;49140
2021-06-03 11:59:10.0;0.6333942532930984;38.66666666666667;4;98.22119810196017;49140
2021-06-03 11:59:13.0;0.5884426599948328;38.2;4;98.2255443261182;49320
2021-06-03 11:59:16.0;0.577156675832304;38.333333333333336;4;98.22991978734258;49320
2021-06-03 11:59:19.0;0.532814303520522;38.333333333333336;4;98.23084021208246;49320
2021-06-03 11:59:22.0;0.5230976865128012;38.333333333333336;4;98.22809608925402;49320
2021-06-03 11:59:25.0;0.5645742844865794;38.6;4;98.23489312340054;49320
2021-06-03 11:59:29.0;0.5614753046983806;38.6;4;98.240285016643;49500
2021-06-03 11:59:32.0;0.471437346166635;35.13333333333333;4;98.24401791002067;49500
2021-06-03 11:59:35.0;0.4672098613675679;35.13333333333333;4;98.2442759255049;49740
2021-06-03 11:59:38.0;0.44638702477261083;35.13333333333333;4;98.24168641385089;49740
2021-06-03 11:59:41.0;0.44638702477261083;32.93333333333334;4;98.2474950205549;49740
2021-06-03 11:59:44.0;0.41649772436834914;31.066666666666663;4;98.25199128148031;49920
2021-06-03 11:59:47.0;0.3523567240627339;28.666666666666664;4;98.25749706230282;49920
2021-06-03 11:59:50.0;0.32418953500154046;28.666666666666664;4;98.25501393885288;49920
2021-06-03 11:59:53.0;0.2753693023615412;28.666666666666664;4;98.25253850097427;49920
2021-06-03 11:59:56.0;0.343186800646183;28.466666666666665;4;98.25816039503991;49920
2021-06-03 11:59:59.0;0.2797077140834809;27.866666666666667;4;98.26230860330361;50100
2021-06-03 12:00:02.0;0.27477006552917377;28.8;4;98.2680021301816;50100
2021-06-03 12:00:05.0;0.33505861831539335;28.799999999999997;4;98.2656321078935;50100
2021-06-03 12:00:08.0;0.31445061172466593;28.799999999999997;4;98.26326154334222;50100
2021-06-03 12:00:11.0;0.2688696290898137;23.466666666666665;4;98.2667655460653;50100
2021-06-03 12:00:14.0;0.2510338159797554;29.133333333333333;4;98.27289397710732;50280
2021-06-03 12:00:17.0;0.24081090285309167;26.333333333333336;4;98.2776752937228;50280
2021-06-03 12:00:20.0;0.2656824464006491;26.333333333333336;4;98.27539608820823;50280
2021-06-03 12:00:23.0;0.2227075683682066;26.333333333333336;4;98.27312461084445;50280
2021-06-03 12:00:26.0;0.2679108159515957;24.333333333333336;4;98.27580543715351;50280
2021-06-03 12:00:29.0;0.27980127113268716;25.4;4;98.28219586946027;50460
2021-06-03 12:00:32.0;0.2805848228666183;25.6;4;98.28446200748812;50460
2021-06-03 12:00:35.0;0.6228607992540722;25.6;4;98.28405467654517;50700
2021-06-03 12:00:38.0;0.6228607992540722;25.6;4;98.2823470438983;50700
2021-06-03 12:00:41.0;0.41050353909399484;25.6;4;98.28064252928095;50700
2021-06-03 12:00:44.0;0.37974081404258636;24.666666666666664;2;98.29037402084826;50760
2021-06-03 12:00:47.0;0.4962843893206964;25.266666666666666;2;98.29430609282137;50760
2021-06-03 12:00:50.0;0.4790750416326075;25.266666666666666;2;98.29360746759423;50760
2021-06-03 12:00:53.0;0.3917462890554059;25.266666666666666;2;98.29290740897919;50760
2021-06-03 12:00:56.0;0.6233925691274964;25.266666666666666;2;98.29220893672056;50760
2021-06-03 12:00:59.0;0.6233925691274964;24.933333333333334;2;98.2992172584307;50820
2021-06-03 12:01:02.0;0.6538464601244371;24.733333333333334;2;98.30299987798954;50820
2021-06-03 12:01:05.0;0.6363422352436334;24.733333333333334;2;98.30233741809079;50820
2021-06-03 12:01:08.0;0.5741393997503699;24.733333333333334;2;98.30167536522914;50820
2021-06-03 12:01:11.0;0.559130929057517;24.733333333333334;2;98.30101262101725;50820
2021-06-03 12:01:14.0;0.35672639856440286;24.53333333333333;2;98.30773665764308;50880
2021-06-03 12:01:17.0;0.4453165890046773;26.133333333333333;2;98.31206323023353;50880
2021-06-03 12:01:20.0;0.48084148964845824;26.133333333333333;2;98.31143580639603;50880
2021-06-03 12:01:23.0;0.45543921116216896;26.133333333333333;2;98.31080877112535;50880
2021-06-03 12:01:26.0;0.6097653159178215;26.133333333333333;2;98.31018316398998;50880
2021-06-03 12:01:29.0;0.6097653159178213;27.933333333333334;2;98.31724909403448;50940
2021-06-03 12:01:32.0;0.6217975363684061;26.6;2;98.3211924523117;50940
2021-06-03 12:01:35.0;0.6101477564569486;26.6;2;98.320553698635;51180
2021-06-03 12:01:38.0;0.6367120092321417;26.6;2;98.31996209248025;51180
2021-06-03 12:01:41.0;0.6367120092321417;26.6;2;98.31937164180319;51180
2021-06-03 12:01:44.0;0.6000394329125684;25.2;2;98.32586445207826;51240
2021-06-03 12:01:47.0;0.6000394329125684;22.933333333333334;2;98.32902741518996;51240
2021-06-03 12:01:50.0;0.6000394329125684;22.933333333333334;2;98.3284668139259;51240
2021-06-03 12:01:53.0;0.4967590295445387;22.933333333333334;2;98.32790675280589;51240
2021-06-03 12:01:56.0;0.5625873981140962;22.933333333333334;2;98.32734760255316;51240
2021-06-03 12:01:59.0;0.5359363012841585;21.46666666666667;2;98.33311851286051;51300
2021-06-03 12:02:02.0;0.47167386571897435;20.133333333333333;2;98.33582915825541;51300
2021-06-03 12:02:05.0;0.49817319275180916;20.133333333333333;2;98.33529673502241;51300
2021-06-03 12:02:08.0;0.44048494328837906;20.133333333333333;2;98.33476394248255;51300
2021-06-03 12:02:11.0;0.4257952399041228;20.133333333333333;2;98.33423254711872;51300
2021-06-03 12:02:14.0;0.4111055365198667;17.0;2;98.33884613554818;51360
2021-06-03 12:02:17.0;0.4298215618927206;13.2;2;98.34029216700118;51360
2021-06-03 12:02:20.0;0.34049012966710346;13.2;2;98.33978198836554;51360
2021-06-03 12:02:23.0;0.32350627101443397;13.2;2;98.33927297847191;51360
2021-06-03 12:02:26.0;0.30372946058600975;13.2;2;98.33876344257601;51360
2021-06-03 12:02:29.0;0.30372946058600975;11.066666666666666;2;98.34261383748014;51420
2021-06-03 12:02:32.0;0.30372946058600975;9.933333333333334;2;98.3435596140643;51420
2021-06-03 12:02:35.0;0.21372075358915255;9.933333333333334;2;98.3430202602887;51660
2021-06-03 12:02:38.0;0.1814313471434153;9.933333333333334;2;98.34252803870956;51660
2021-06-03 12:02:41.0;0.17328995479205425;9.933333333333334;2;98.3420356354296;51660
2021-06-03 12:02:44.0;0.14014129409014253;5.199999999999999;2;98.34426333910355;51720
2021-06-03 12:02:47.0;0.16403785201633914;6.066666666666666;2;98.34563884446906;51720
2021-06-03 12:02:50.0;0.11511692539072918;6.066666666666666;2;98.34515820640729;51720
2021-06-03 12:02:53.0;0.10164270480861311;6.066666666666666;2;98.34467786291113;51720
2021-06-03 12:02:56.0;0.07843376596545162;6.066666666666666;2;98.34419605816692;51720
2021-06-03 12:02:59.0;0.07726076277425266;5.466666666666667;2;98.3461169904018;51780
2021-06-03 12:03:02.0;0.0760861981811353;1.4666666666666666;2;98.34617560102686;51780
2021-06-03 12:03:05.0;0.1306886770165079;1.4666666666666666;2;98.34570330735177;51780
2021-06-03 12:03:08.0;0.1306886770165079;1.4666666666666666;2;98.34523145451394;51780
2021-06-03 12:03:11.0;0.04722554942388247;1.4666666666666666;2;98.34476082403695;51780
2021-06-03 12:03:14.0;0.0431372518280701;1.4666666666666666;1;98.34428938183137;51780
2021-06-03 12:03:17.0;0.030295414260567064;0.0;1;98.34567950438873;51780
2021-06-03 12:03:20.0;0.03029541426056706;0.0;1;98.34567950438873;51780
2021-06-03 12:03:23.0;0.0012781044186885055;0.0;1;98.34567950438873;51780
2021-06-03 12:03:26.0;0.0011511049903184755;0.0;1;98.34567950438873;51780
2021-06-03 12:03:29.0;0.0011511049903184755;0.0;1;98.34567950438873;51780
2021-06-03 12:03:32.0;0.0011511049903184755;0.0;1;98.34567950438873;51780
2021-06-03 12:03:35.0;0.0011511049903184755;0.0;1;98.34563543003726;52020
;;0.0;1;98.34563543003726;52020
;;0.0;1;98.34563543003726;52020
;;0.0;1;98.34563543003726;52020
