2021-06-06 22:36:09.0,0.0012583277457432398
2021-06-06 22:36:12.0,0.0012224407820718543
2021-06-06 22:36:15.0,9.074177925319376E-4
2021-06-06 22:36:18.0,8.257587482895377E-4
2021-06-06 22:36:21.0,7.441268693978505E-4
2021-06-06 22:36:24.0,0.0012690702685534871
2021-06-06 22:36:27.0,0.0012690702685534871
2021-06-06 22:36:30.0,0.0012690702685534871
2021-06-06 22:36:33.0,0.0012690702685534871
2021-06-06 22:36:37.0,0.0430909029788881
2021-06-06 22:36:40.0,0.043090902978888096
2021-06-06 22:36:43.0,0.08359708831762756
2021-06-06 22:36:46.0,0.08359708831762756
2021-06-06 22:36:49.0,0.08359708831762756
2021-06-06 22:36:52.0,0.08359708831762756
2021-06-06 22:36:55.0,0.12013006763804829
2021-06-06 22:36:58.0,0.12013006763804829
2021-06-06 22:37:01.0,0.12785013149184787
2021-06-06 22:37:04.0,0.10619646222225533
2021-06-06 22:37:07.0,0.1652613810913317
2021-06-06 22:37:10.0,0.1652613810913317
2021-06-06 22:37:13.0,0.1652613810913317
2021-06-06 22:37:16.0,0.1652613810913317
2021-06-06 22:37:19.0,0.1652613810913317
2021-06-06 22:37:22.0,0.1246112139374633
2021-06-06 22:37:25.0,0.1669682836449318
2021-06-06 22:37:28.0,0.16696828364493183
2021-06-06 22:37:31.0,0.16696828364493183
2021-06-06 22:37:34.0,0.17289011713403318
2021-06-06 22:37:37.0,0.20393143880871822
2021-06-06 22:37:40.0,0.20393143880871822
2021-06-06 22:37:43.0,0.20393143880871822
2021-06-06 22:37:46.0,0.20393143880871822
2021-06-06 22:37:49.0,0.20393143880871822
2021-06-06 22:37:52.0,0.12418810222221105
2021-06-06 22:37:55.0,0.29160567882048255
2021-06-06 22:37:58.0,0.35236991264558853
2021-06-06 22:38:01.0,0.35236991264558853
2021-06-06 22:38:04.0,0.2723897729175431
2021-06-06 22:38:07.0,0.4882337036672888
2021-06-06 22:38:10.0,0.5692725353521956
2021-06-06 22:38:13.0,0.5692725353521956
2021-06-06 22:38:16.0,0.5692725353521956
2021-06-06 22:38:19.0,0.5692725353521956
2021-06-06 22:38:22.0,0.684470517904352
2021-06-06 22:38:25.0,0.5923797633769617
2021-06-06 22:38:28.0,0.6362243869301829
2021-06-06 22:38:31.0,0.6132942929086459
2021-06-06 22:38:34.0,0.6784989088288047
2021-06-06 22:38:37.0,0.7315885614156801
2021-06-06 22:38:40.0,0.651245560212157
2021-06-06 22:38:43.0,0.5882248624355195
2021-06-06 22:38:46.0,0.6521067735871942
2021-06-06 22:38:49.0,0.4017377019606821
2021-06-06 22:38:52.0,0.3744149375471143
2021-06-06 22:38:55.0,0.3417992430005828
2021-06-06 22:38:58.0,0.3293871723336104
2021-06-06 22:39:01.0,0.30119565989798985
2021-06-06 22:39:04.0,0.2706217981996831
2021-06-06 22:39:07.0,0.19555124010182529
2021-06-06 22:39:10.0,0.1974927729996061
2021-06-06 22:39:13.0,0.16325872706987635
2021-06-06 22:39:16.0,0.20404817395277453
2021-06-06 22:39:19.0,0.19851045157594127
2021-06-06 22:39:22.0,0.16769106869935008
2021-06-06 22:39:25.0,0.19864863055519205
2021-06-06 22:39:28.0,0.19613470061274407
2021-06-06 22:39:31.0,0.18936243130892674
2021-06-06 22:39:34.0,0.16105951270878885
2021-06-06 22:39:37.0,0.1852511669635792
2021-06-06 22:39:40.0,0.16965016609828182
2021-06-06 22:39:43.0,0.17687500748800994
2021-06-06 22:39:46.0,0.2312681113457973
2021-06-06 22:39:49.0,0.22453569009818053
2021-06-06 22:39:52.0,0.2140395653013445
2021-06-06 22:39:55.0,0.3027143248418305
2021-06-06 22:39:58.0,0.2939634273062178
2021-06-06 22:40:01.0,0.2628854319999537
2021-06-06 22:40:04.0,0.25254184354857573
2021-06-06 22:40:07.0,0.3080267814978302
2021-06-06 22:40:10.0,0.29433260547124657
2021-06-06 22:40:13.0,0.278081678947478
2021-06-06 22:40:16.0,0.361625886304585
2021-06-06 22:40:19.0,0.3673340469358543
2021-06-06 22:40:22.0,0.31806966517838875
2021-06-06 22:40:25.0,0.3386068950934588
2021-06-06 22:40:28.0,0.3439397072871755
2021-06-06 22:40:31.0,0.3026258617481003
2021-06-06 22:40:34.0,0.2795733366995576
2021-06-06 22:40:37.0,0.33841085644715846
2021-06-06 22:40:40.0,0.31040931127010474
2021-06-06 22:40:43.0,0.30481297348411934
2021-06-06 22:40:46.0,0.34558937575709103
2021-06-06 22:40:49.0,0.3343012630813282
2021-06-06 22:40:52.0,0.31594005197036895
2021-06-06 22:40:56.0,0.3565492141138226
2021-06-06 22:40:59.0,0.3311461961506788
2021-06-06 22:41:02.0,0.32650366446367707
2021-06-06 22:41:05.0,0.3042492132393909
2021-06-06 22:41:08.0,0.3700889044172612
2021-06-06 22:41:11.0,0.3479418882852138
2021-06-06 22:41:14.0,0.3492303831877922
2021-06-06 22:41:17.0,0.3699768780008199
2021-06-06 22:41:20.0,0.3561267418503808
2021-06-06 22:41:23.0,0.3158998682554987
2021-06-06 22:41:26.0,0.37308303106807134
2021-06-06 22:41:29.0,0.35311689829198845
2021-06-06 22:41:32.0,0.323997444852981
2021-06-06 22:41:35.0,0.37808424358931586
2021-06-06 22:41:38.0,0.3668971080232163
2021-06-06 22:41:41.0,0.35508574648296143
2021-06-06 22:41:44.0,0.3451669653783069
2021-06-06 22:41:47.0,0.3525618083969004
2021-06-06 22:41:50.0,0.33428642387287233
2021-06-06 22:41:53.0,0.32287068628585663
2021-06-06 22:41:56.0,0.3857234048720927
2021-06-06 22:41:59.0,0.3868604275442247
2021-06-06 22:42:02.0,0.3563875210449986
2021-06-06 22:42:05.0,0.36780594064617467
2021-06-06 22:42:08.0,0.360635591709946
2021-06-06 22:42:11.0,0.3472176418067665
2021-06-06 22:42:14.0,0.29573616404900815
2021-06-06 22:42:17.0,0.3662703630913309
2021-06-06 22:42:20.0,0.3749341622617575
2021-06-06 22:42:23.0,0.31977563756882127
2021-06-06 22:42:26.0,0.35879067802771686
2021-06-06 22:42:29.0,0.3559941856931307
2021-06-06 22:42:32.0,0.3517146977291114
2021-06-06 22:42:35.0,0.361730504913484
2021-06-06 22:42:38.0,0.2976605836932756
2021-06-06 22:42:41.0,0.28294475551729764
2021-06-06 22:42:44.0,0.250999341009592
2021-06-06 22:42:47.0,0.3029042240459321
2021-06-06 22:42:50.0,0.30156295778536946
2021-06-06 22:42:53.0,0.29400743879991514
2021-06-06 22:42:56.0,0.31481700001713
2021-06-06 22:42:59.0,0.2973307140461742
2021-06-06 22:43:02.0,0.27107641675949506
2021-06-06 22:43:05.0,0.28922808225154756
2021-06-06 22:43:08.0,0.26632225149723043
2021-06-06 22:43:11.0,0.2545551484232017
2021-06-06 22:43:14.0,0.2165309769290318
2021-06-06 22:43:17.0,0.21261305429300217
2021-06-06 22:43:20.0,0.2068424553198303
2021-06-06 22:43:23.0,0.17402639007364945
2021-06-06 22:43:26.0,0.30046794673317934
2021-06-06 22:43:29.0,0.29588188399296517
2021-06-06 22:43:32.0,0.28532713305894614
2021-06-06 22:43:35.0,0.3284687157579529
2021-06-06 22:43:38.0,0.3284687157579529
2021-06-06 22:43:41.0,0.31259276607971387
2021-06-06 22:43:44.0,0.31473741896147767
2021-06-06 22:43:47.0,0.34673844741235293
2021-06-06 22:43:50.0,0.2904416494042064
2021-06-06 22:43:53.0,0.2783980940884365
2021-06-06 22:43:56.0,0.30829477484846163
2021-06-06 22:43:59.0,0.27447808759871495
2021-06-06 22:44:02.0,0.27244301728880777
2021-06-06 22:44:05.0,0.3099836443650069
2021-06-06 22:44:08.0,0.29313689701692885
2021-06-06 22:44:11.0,0.33764532254808277
2021-06-06 22:44:14.0,0.30360375585146204
2021-06-06 22:44:17.0,0.36239478141751336
2021-06-06 22:44:20.0,0.34726688039811804
2021-06-06 22:44:23.0,0.3520964443361365
2021-06-06 22:44:26.0,0.3934077765730522
2021-06-06 22:44:29.0,0.3934077765730522
2021-06-06 22:44:32.0,0.41400830536427563
2021-06-06 22:44:35.0,0.4766179304532967
2021-06-06 22:44:38.0,0.4633919609089082
2021-06-06 22:44:41.0,0.45436082031326314
2021-06-06 22:44:44.0,0.45436082031326314
2021-06-06 22:44:47.0,0.5318810989000806
2021-06-06 22:44:50.0,0.45091088675924157
2021-06-06 22:44:53.0,0.4230441180267561
2021-06-06 22:44:56.0,0.5928506997461601
2021-06-06 22:44:59.0,0.5950878111648359
2021-06-06 22:45:02.0,0.5560607065214229
2021-06-06 22:45:05.0,0.5611848362370783
2021-06-06 22:45:08.0,0.5434347836870149
2021-06-06 22:45:11.0,0.40147222768785296
2021-06-06 22:45:14.0,0.3693831535320977
2021-06-06 22:45:17.0,0.6378517240244389
2021-06-06 22:45:20.0,0.6118974675662673
2021-06-06 22:45:23.0,0.5844433497259357
2021-06-06 22:45:26.0,0.602503196011277
2021-06-06 22:45:29.0,0.5533885275909555
2021-06-06 22:45:32.0,0.5759524491893342
2021-06-06 22:45:35.0,0.519422172996695
2021-06-06 22:45:38.0,0.5001308460611805
2021-06-06 22:45:42.0,0.4442347166810474
2021-06-06 22:45:45.0,0.6122230664681707
2021-06-06 22:45:48.0,0.5710362508985244
2021-06-06 22:45:51.0,0.5736502490449106
2021-06-06 22:45:54.0,0.5469636181622639
2021-06-06 22:45:57.0,0.6099719774089304
2021-06-06 22:46:00.0,0.5715293809705618
2021-06-06 22:46:03.0,0.5082067495487673
2021-06-06 22:46:06.0,0.6063882301866048
2021-06-06 22:46:09.0,0.5446994958971001
2021-06-06 22:46:12.0,0.5279788449135128
2021-06-06 22:46:15.0,0.660123736994683
2021-06-06 22:46:18.0,0.6074820642455008
2021-06-06 22:46:21.0,0.6311132705854174
2021-06-06 22:46:24.0,0.5457232087503502
2021-06-06 22:46:27.0,0.658245592188158
2021-06-06 22:46:30.0,0.658245592188158
2021-06-06 22:46:33.0,0.571873466244359
2021-06-06 22:46:36.0,0.6161776137459283
2021-06-06 22:46:39.0,0.5432170539004338
2021-06-06 22:46:42.0,0.5115256053517322
2021-06-06 22:46:45.0,0.5539864859367643
2021-06-06 22:46:48.0,0.5312183542444093
2021-06-06 22:46:51.0,0.46889097255168577
2021-06-06 22:46:54.0,0.44237313412117996
2021-06-06 22:46:57.0,0.6224211250496277
2021-06-06 22:47:00.0,0.6224211250496277
2021-06-06 22:47:03.0,0.6592742459209624
2021-06-06 22:47:06.0,0.6405957575288841
2021-06-06 22:47:09.0,0.5271540195061684
2021-06-06 22:47:12.0,0.4821517394281462
2021-06-06 22:47:15.0,0.6031583170711978
2021-06-06 22:47:18.0,0.5321356915890394
2021-06-06 22:47:21.0,0.5271488214914855
2021-06-06 22:47:24.0,0.4868003736464075
2021-06-06 22:47:27.0,0.6652126140239321
2021-06-06 22:47:30.0,0.6652126140239321
2021-06-06 22:47:33.0,0.6664653828083731
2021-06-06 22:47:36.0,0.611051679044943
2021-06-06 22:47:39.0,0.6291422610231308
2021-06-06 22:47:42.0,0.5962174266812816
2021-06-06 22:47:45.0,0.6118217544135975
2021-06-06 22:47:48.0,0.5497778186222024
2021-06-06 22:47:51.0,0.48844914720815114
2021-06-06 22:47:54.0,0.409579976674854
2021-06-06 22:47:57.0,0.44243339001916626
2021-06-06 22:48:00.0,0.43368163469210164
2021-06-06 22:48:03.0,0.42493859625281305
2021-06-06 22:48:06.0,0.43699455317588254
2021-06-06 22:48:09.0,0.3642831707576828
2021-06-06 22:48:12.0,0.3642831707576828
2021-06-06 22:48:15.0,0.3819343556774325
2021-06-06 22:48:18.0,0.3117306987884115
2021-06-06 22:48:21.0,0.27187447970432654
2021-06-06 22:48:24.0,0.25597081778987363
2021-06-06 22:48:27.0,0.31910068635262956
2021-06-06 22:48:30.0,0.29117146483540346
2021-06-06 22:48:33.0,0.2737621974650435
2021-06-06 22:48:36.0,0.30170695333669023
2021-06-06 22:48:39.0,0.33878783073529006
2021-06-06 22:48:42.0,0.2447544594274428
2021-06-06 22:48:45.0,0.3143892105776419
2021-06-06 22:48:48.0,0.3108595934485907
2021-06-06 22:48:51.0,0.32495426341455275
2021-06-06 22:48:54.0,0.41396515616119384
2021-06-06 22:48:57.0,0.5555926345864759
2021-06-06 22:49:00.0,0.5256326230522556
2021-06-06 22:49:03.0,0.4138155584981589
2021-06-06 22:49:06.0,0.6169309383464538
2021-06-06 22:49:09.0,0.6131468166148379
2021-06-06 22:49:12.0,0.6131468166148379
2021-06-06 22:49:15.0,0.6220203400691062
2021-06-06 22:49:18.0,0.6220203400691062
2021-06-06 22:49:21.0,0.5327630102740095
2021-06-06 22:49:24.0,0.5127536748034605
2021-06-06 22:49:27.0,0.6380954198102932
2021-06-06 22:49:30.0,0.5684588278254243
2021-06-06 22:49:33.0,0.5470900703705917
2021-06-06 22:49:36.0,0.626083857805833
2021-06-06 22:49:39.0,0.5360357772787459
2021-06-06 22:49:42.0,0.5147088798108799
2021-06-06 22:49:45.0,0.6090463073294168
2021-06-06 22:49:48.0,0.6090463073294169
2021-06-06 22:49:51.0,0.524404017558177
2021-06-06 22:49:54.0,0.4305528588751625
2021-06-06 22:49:57.0,0.6169136498083339
2021-06-06 22:50:00.0,0.6288482613729369
2021-06-06 22:50:03.0,0.6245934167350713
2021-06-06 22:50:06.0,0.6146870809754561
2021-06-06 22:50:09.0,0.614687080975456
2021-06-06 22:50:12.0,0.6146870809754561
2021-06-06 22:50:15.0,0.5321831031518238
2021-06-06 22:50:18.0,0.5945154362176058
2021-06-06 22:50:21.0,0.5127218566322184
2021-06-06 22:50:24.0,0.4926856304074042
2021-06-06 22:50:27.0,0.557642133827017
2021-06-06 22:50:30.0,0.557642133827017
2021-06-06 22:50:33.0,0.3966561799852426
2021-06-06 22:50:37.0,0.4772726049334999
2021-06-06 22:50:40.0,0.3425025231253748
2021-06-06 22:50:43.0,0.3425025231253748
2021-06-06 22:50:46.0,0.39968426915112
2021-06-06 22:50:49.0,0.38097735142890965
2021-06-06 22:50:52.0,0.38097735142890965
2021-06-06 22:50:55.0,0.31086931427400877
2021-06-06 22:50:58.0,0.2910119624013692
2021-06-06 22:51:01.0,0.2910119624013692
2021-06-06 22:51:04.0,0.21708297528044856
2021-06-06 22:51:07.0,0.19101751283629015
2021-06-06 22:51:10.0,0.16048162833284416
2021-06-06 22:51:13.0,0.15582108992095448
2021-06-06 22:51:16.0,0.1572629275856846
2021-06-06 22:51:19.0,0.1491555399380256
2021-06-06 22:51:22.0,0.12392087820771654
2021-06-06 22:51:25.0,0.06347899281274363
2021-06-06 22:51:28.0,0.12594526881351667
2021-06-06 22:51:31.0,0.12594526881351667
2021-06-06 22:51:34.0,0.12594526881351667
2021-06-06 22:51:37.0,0.12594526881351667
2021-06-06 22:51:40.0,0.022444391111114074
2021-06-06 22:51:43.0,0.022444391111114074
2021-06-06 22:51:46.0,0.02024807107170457
2021-06-06 22:51:49.0,0.02024807107170457
2021-06-06 22:51:52.0,0.02024807107170457
2021-06-06 22:51:55.0,0.032279720461030774
2021-06-06 22:51:58.0,0.027934114187860206
2021-06-06 22:52:01.0,0.027934114187860206
2021-06-06 22:52:04.0,0.027934114187860213
2021-06-06 22:52:07.0,0.027934114187860206
2021-06-06 22:52:10.0,0.052543831456428255
2021-06-06 22:52:13.0,0.03953397878781662
2021-06-06 22:52:16.0,0.10516271992819295
2021-06-06 22:52:19.0,0.10516271992819295
2021-06-06 22:52:22.0,0.10516271992819295
2021-06-06 22:52:25.0,0.15238050982172724
2021-06-06 22:52:28.0,0.15238050982172724
2021-06-06 22:52:31.0,0.11616474198743008
2021-06-06 22:52:34.0,0.10595524782937435
2021-06-06 22:52:37.0,0.15572983431556583
2021-06-06 22:52:40.0,0.15894341976248122
2021-06-06 22:52:43.0,0.15894341976248122
2021-06-06 22:52:46.0,0.15894341976248122
2021-06-06 22:52:49.0,0.15894341976248122
2021-06-06 22:52:52.0,0.11282157142340389
2021-06-06 22:52:55.0,0.16152314261548079
2021-06-06 22:52:58.0,0.16411203192479945
2021-06-06 22:53:01.0,0.16411203192479945
2021-06-06 22:53:04.0,0.16411203192479945
2021-06-06 22:53:07.0,0.24012879803466095
2021-06-06 22:53:10.0,0.24012879803466095
2021-06-06 22:53:13.0,0.24012879803466095
2021-06-06 22:53:16.0,0.2631760908740457
2021-06-06 22:53:19.0,0.2677079644063166
2021-06-06 22:53:22.0,0.24527928324660467
2021-06-06 22:53:25.0,0.4398583113538452
2021-06-06 22:53:28.0,0.43985831135384507
2021-06-06 22:53:31.0,0.43985831135384507
2021-06-06 22:53:34.0,0.5276727220924221
2021-06-06 22:53:37.0,0.6312299240265881
2021-06-06 22:53:40.0,0.6312299240265881
2021-06-06 22:53:43.0,0.6312299240265881
2021-06-06 22:53:46.0,0.6312299240265881
2021-06-06 22:53:49.0,0.607724946825171
2021-06-06 22:53:52.0,0.5766900256828021
2021-06-06 22:53:55.0,0.8632269827130964
2021-06-06 22:53:58.0,0.8632269827130964
2021-06-06 22:54:01.0,0.8632269827130964
2021-06-06 22:54:04.0,0.8632269827130964
2021-06-06 22:54:07.0,0.9704943857376366
2021-06-06 22:54:10.0,0.6494179811131846
2021-06-06 22:54:13.0,0.6716796982499427
2021-06-06 22:54:16.0,0.72143657055346
2021-06-06 22:54:19.0,0.5741031548469073
2021-06-06 22:54:22.0,0.640420778333276
2021-06-06 22:54:25.0,0.6184219436828681
2021-06-06 22:54:28.0,0.35317315207273753
2021-06-06 22:54:31.0,0.351617615032593
2021-06-06 22:54:34.0,0.31438816517932255
2021-06-06 22:54:37.0,0.3163246403054841
2021-06-06 22:54:40.0,0.2782299019002935
2021-06-06 22:54:43.0,0.22783505701819312
2021-06-06 22:54:46.0,0.2652749427727658
2021-06-06 22:54:49.0,0.2873096237922174
2021-06-06 22:54:52.0,0.25353115045154134
2021-06-06 22:54:55.0,0.24385046472774152
2021-06-06 22:54:58.0,0.2072584716782473
2021-06-06 22:55:01.0,0.20210025432298392
2021-06-06 22:55:04.0,0.21535342830018545
2021-06-06 22:55:08.0,0.2175176749463947
2021-06-06 22:55:11.0,0.2027712179349928
2021-06-06 22:55:14.0,0.19186362828231604
2021-06-06 22:55:17.0,0.258157308090299
2021-06-06 22:55:20.0,0.2416894161054572
2021-06-06 22:55:23.0,0.22068236349805806
2021-06-06 22:55:26.0,0.2963716569278211
2021-06-06 22:55:29.0,0.2877370961860657
2021-06-06 22:55:32.0,0.26730359973985746
2021-06-06 22:55:35.0,0.33811509725427247
2021-06-06 22:55:38.0,0.32786765839965387
2021-06-06 22:55:41.0,0.3407608898674056
2021-06-06 22:55:44.0,0.33149382647859027
2021-06-06 22:55:47.0,0.34497240887944125
2021-06-06 22:55:50.0,0.3328656714503225
2021-06-06 22:55:53.0,0.34851394850535516
2021-06-06 22:55:56.0,0.3390089389267365
2021-06-06 22:55:59.0,0.30291614038303993
2021-06-06 22:56:02.0,0.2917473882078975
2021-06-06 22:56:05.0,0.3299227234039763
2021-06-06 22:56:08.0,0.29374165854033096
2021-06-06 22:56:11.0,0.2915107133277902
2021-06-06 22:56:14.0,0.29734440819714425
2021-06-06 22:56:17.0,0.34890496785759895
2021-06-06 22:56:20.0,0.33621588764337174
2021-06-06 22:56:23.0,0.31665847099035377
2021-06-06 22:56:26.0,0.35373498534772846
2021-06-06 22:56:29.0,0.34569827240316087
2021-06-06 22:56:32.0,0.28572629905319014
2021-06-06 22:56:35.0,0.31002890458181304
2021-06-06 22:56:38.0,0.29048790659154744
2021-06-06 22:56:41.0,0.2766757728876708
2021-06-06 22:56:44.0,0.23888514762182605
2021-06-06 22:56:47.0,0.3112507269418687
2021-06-06 22:56:50.0,0.2724031414070867
2021-06-06 22:56:53.0,0.263379042452869
2021-06-06 22:56:56.0,0.2997294667261828
2021-06-06 22:56:59.0,0.28734768557659857
2021-06-06 22:57:02.0,0.28918458216668597
2021-06-06 22:57:05.0,0.31754063356661055
2021-06-06 22:57:08.0,0.31408813878007463
2021-06-06 22:57:11.0,0.2792801765768997
2021-06-06 22:57:14.0,0.2669278486038273
2021-06-06 22:57:17.0,0.344179493132296
2021-06-06 22:57:20.0,0.3128012897305973
2021-06-06 22:57:23.0,0.2896868998483645
2021-06-06 22:57:26.0,0.34792071156641824
2021-06-06 22:57:29.0,0.3456478557396383
2021-06-06 22:57:32.0,0.34125759831546426
2021-06-06 22:57:35.0,0.3648457533247261
2021-06-06 22:57:38.0,0.3566420678981145
2021-06-06 22:57:41.0,0.3463873160594541
2021-06-06 22:57:44.0,0.3223311356556426
2021-06-06 22:57:47.0,0.34391864093928926
2021-06-06 22:57:50.0,0.3237052259227008
2021-06-06 22:57:53.0,0.3356131672645117
2021-06-06 22:57:56.0,0.33132998021630805
2021-06-06 22:57:59.0,0.30341222859989625
2021-06-06 22:58:02.0,0.29162485482368916
2021-06-06 22:58:05.0,0.3021988948622724
2021-06-06 22:58:08.0,0.30201071049982237
2021-06-06 22:58:11.0,0.35847430793301766
2021-06-06 22:58:14.0,0.27459652217612895
2021-06-06 22:58:17.0,0.3077192173541441
2021-06-06 22:58:20.0,0.30144643695926865
2021-06-06 22:58:23.0,0.30758795747334916
2021-06-06 22:58:26.0,0.3048115889938934
2021-06-06 22:58:29.0,0.2780904112033444
2021-06-06 22:58:32.0,0.27048072926594413
2021-06-06 22:58:35.0,0.271696795216709
2021-06-06 22:58:38.0,0.2616716126527826
2021-06-06 22:58:41.0,0.22832481003072208
2021-06-06 22:58:44.0,0.20906515879208423
2021-06-06 22:58:47.0,0.24211231826966212
2021-06-06 22:58:50.0,0.1904549772429788
2021-06-06 22:58:53.0,0.18086639101489696
2021-06-06 22:58:56.0,0.27925176299754745
2021-06-06 22:58:59.0,0.2456719961204491
2021-06-06 22:59:02.0,0.2515114206362854
2021-06-06 22:59:05.0,0.27339479702863634
2021-06-06 22:59:08.0,0.2528400436308861
2021-06-06 22:59:11.0,0.23396112447638315
2021-06-06 22:59:14.0,0.22302630752947883
2021-06-06 22:59:17.0,0.2670518653610104
2021-06-06 22:59:20.0,0.27482186794511837
2021-06-06 22:59:23.0,0.25634252272598906
2021-06-06 22:59:26.0,0.31633514188802075
2021-06-06 22:59:29.0,0.3022993177714423
2021-06-06 22:59:32.0,0.2700313474143735
2021-06-06 22:59:35.0,0.3271185075701606
2021-06-06 22:59:38.0,0.3308205152242946
2021-06-06 22:59:41.0,0.36028036056390866
2021-06-06 22:59:44.0,0.31422722055344243
2021-06-06 22:59:48.0,0.38372600307151195
2021-06-06 22:59:51.0,0.3867131805282048
2021-06-06 22:59:54.0,0.3843998184264795
2021-06-06 22:59:57.0,0.41133347721490454
2021-06-06 23:00:00.0,0.4177232647450425
2021-06-06 23:00:03.0,0.40933135026230316
2021-06-06 23:00:06.0,0.5205997309575305
2021-06-06 23:00:09.0,0.48778949295675866
2021-06-06 23:00:12.0,0.48778949295675866
2021-06-06 23:00:15.0,0.5719771050894731
2021-06-06 23:00:18.0,0.5866093514803455
2021-06-06 23:00:21.0,0.5503792037502935
2021-06-06 23:00:24.0,0.5422749288175289
2021-06-06 23:00:27.0,0.6169511965477629
2021-06-06 23:00:30.0,0.5797756752849104
2021-06-06 23:00:33.0,0.5004420636325522
2021-06-06 23:00:36.0,0.6403621132510159
2021-06-06 23:00:39.0,0.5578909597947413
2021-06-06 23:00:42.0,0.5274555134593232
2021-06-06 23:00:45.0,0.6288475305642884
2021-06-06 23:00:48.0,0.6547354492652123
2021-06-06 23:00:51.0,0.6447395330612926
2021-06-06 23:00:54.0,0.6347866741504978
2021-06-06 23:00:57.0,0.5898778642646003
2021-06-06 23:01:00.0,0.4858164519023533
2021-06-06 23:01:03.0,0.46615144839737443
2021-06-06 23:01:06.0,0.538144651942827
2021-06-06 23:01:09.0,0.42959223646168376
2021-06-06 23:01:12.0,0.4210388972225185
2021-06-06 23:01:15.0,0.5595209220909463
2021-06-06 23:01:18.0,0.5535202446364358
2021-06-06 23:01:21.0,0.5472410548151456
2021-06-06 23:01:24.0,0.5407045912921302
2021-06-06 23:01:27.0,0.5954747076582632
2021-06-06 23:01:30.0,0.6187542750853723
2021-06-06 23:01:33.0,0.5391810400952242
2021-06-06 23:01:36.0,0.593770306553123
2021-06-06 23:01:39.0,0.5058333343219225
2021-06-06 23:01:42.0,0.5020782634464429
2021-06-06 23:01:45.0,0.5612511515862535
2021-06-06 23:01:48.0,0.546603342339074
2021-06-06 23:01:51.0,0.5318970976826638
2021-06-06 23:01:54.0,0.5060279089715106
2021-06-06 23:01:57.0,0.5721381004689141
2021-06-06 23:02:00.0,0.5431694764510172
2021-06-06 23:02:03.0,0.3899883803035544
2021-06-06 23:02:06.0,0.5133890318648155
2021-06-06 23:02:09.0,0.5131209520729442
2021-06-06 23:02:12.0,0.4859011512236547
2021-06-06 23:02:15.0,0.6006970936226569
2021-06-06 23:02:18.0,0.6101015151717928
2021-06-06 23:02:21.0,0.6101015151717928
2021-06-06 23:02:24.0,0.6105960955410242
2021-06-06 23:02:27.0,0.6264305008548682
2021-06-06 23:02:30.0,0.5205259746412302
2021-06-06 23:02:33.0,0.38963037067859907
2021-06-06 23:02:36.0,0.6485162591774917
2021-06-06 23:02:39.0,0.5703805824583663
2021-06-06 23:02:42.0,0.6085248086114153
2021-06-06 23:02:45.0,0.6384479417297027
2021-06-06 23:02:48.0,0.6618304318739449
2021-06-06 23:02:51.0,0.5723398748190289
2021-06-06 23:02:54.0,0.5352200432081492
2021-06-06 23:02:57.0,0.5802856809373029
2021-06-06 23:03:00.0,0.5479936428608235
2021-06-06 23:03:03.0,0.4770226526870046
2021-06-06 23:03:06.0,0.5840400919609966
2021-06-06 23:03:09.0,0.5840400919609966
2021-06-06 23:03:12.0,0.47439828849598353
2021-06-06 23:03:15.0,0.4265332032110408
2021-06-06 23:03:18.0,0.4475445694566538
2021-06-06 23:03:21.0,0.38382678030773865
2021-06-06 23:03:24.0,0.3755651297090135
2021-06-06 23:03:27.0,0.508551739063118
2021-06-06 23:03:30.0,0.4458598874273444
2021-06-06 23:03:33.0,0.4331913368797138
2021-06-06 23:03:36.0,0.39465719441398195
2021-06-06 23:03:39.0,0.38634274282260256
2021-06-06 23:03:42.0,0.3024679032406082
2021-06-06 23:03:45.0,0.3197595849565805
2021-06-06 23:03:48.0,0.3386977863709886
2021-06-06 23:03:51.0,0.318345801971867
2021-06-06 23:03:54.0,0.27085542901734977
2021-06-06 23:03:57.0,0.3097349316274838
2021-06-06 23:04:00.0,0.2569044870720214
2021-06-06 23:04:03.0,0.2821422920280091
2021-06-06 23:04:06.0,0.3348591663810478
2021-06-06 23:04:09.0,0.32699717666056505
2021-06-06 23:04:12.0,0.5990098856537094
2021-06-06 23:04:15.0,0.6154269505384597
2021-06-06 23:04:18.0,0.6154269505384597
2021-06-06 23:04:22.0,0.45540957623775086
2021-06-06 23:04:25.0,0.625093872637036
2021-06-06 23:04:28.0,0.6341873021123547
2021-06-06 23:04:31.0,0.6341873021123545
2021-06-06 23:04:34.0,0.5548725356204082
2021-06-06 23:04:37.0,0.6456118364164443
2021-06-06 23:04:40.0,0.6417695214956338
2021-06-06 23:04:43.0,0.5560152077737663
2021-06-06 23:04:46.0,0.6533850023627998
2021-06-06 23:04:49.0,0.6533850023627998
2021-06-06 23:04:52.0,0.6336896537709307
2021-06-06 23:04:55.0,0.6336896537709307
2021-06-06 23:04:58.0,0.554311054736176
2021-06-06 23:05:01.0,0.5105248334475627
2021-06-06 23:05:04.0,0.4422689492558505
2021-06-06 23:05:07.0,0.5582169545542774
2021-06-06 23:05:10.0,0.5651227461501319
2021-06-06 23:05:13.0,0.48903921251205584
2021-06-06 23:05:16.0,0.4259512149408827
2021-06-06 23:05:19.0,0.4259512149408827
2021-06-06 23:05:22.0,0.3928819775702759
2021-06-06 23:05:25.0,0.5021070306580295
2021-06-06 23:05:28.0,0.39001706717245677
2021-06-06 23:05:31.0,0.39123495290097776
2021-06-06 23:05:34.0,0.37206325664729734
2021-06-06 23:05:37.0,0.45028812576912003
2021-06-06 23:05:40.0,0.45028812576912003
2021-06-06 23:05:43.0,0.385326266926097
2021-06-06 23:05:46.0,0.37135070141204685
2021-06-06 23:05:49.0,0.3616907363375529
2021-06-06 23:05:52.0,0.352021156168426
2021-06-06 23:05:55.0,0.37248673729669773
2021-06-06 23:05:58.0,0.3121254818029689
2021-06-06 23:06:01.0,0.2616758011859299
2021-06-06 23:06:04.0,0.2808326074502493
2021-06-06 23:06:07.0,0.2454606011035593
2021-06-06 23:06:10.0,0.2454606011035593
2021-06-06 23:06:13.0,0.2188603779130549
2021-06-06 23:06:16.0,0.2188603779130549
2021-06-06 23:06:19.0,0.15126420596282875
2021-06-06 23:06:22.0,0.12045031852515985
2021-06-06 23:06:25.0,0.15929141884659134
2021-06-06 23:06:28.0,0.16724505510755783
2021-06-06 23:06:31.0,0.1619127514407484
2021-06-06 23:06:34.0,0.14029857632894643
2021-06-06 23:06:37.0,0.12627707494516074
2021-06-06 23:06:40.0,0.16233726961501802
2021-06-06 23:06:43.0,0.15643581591996553
2021-06-06 23:06:46.0,0.10482837931952593
2021-06-06 23:06:49.0,0.0838048149810906
2021-06-06 23:06:52.0,0.0838048149810906
2021-06-06 23:06:55.0,0.06807136041565351
2021-06-06 23:06:58.0,0.059396314110139056
2021-06-06 23:07:01.0,0.04168096333314469
2021-06-06 23:07:04.0,0.019063351382765607
2021-06-06 23:07:07.0,0.019141192154993908
2021-06-06 23:07:10.0,0.01650038454940136
2021-06-06 23:07:13.0,0.013741837090753432
2021-06-06 23:07:16.0,0.010571526676607115
2021-06-06 23:07:19.0,0.010444223559074935
2021-06-06 23:07:22.0,0.009652880523506574
2021-06-06 23:07:25.0,0.017090256410239965
2021-06-06 23:07:28.0,0.017090256410239965
2021-06-06 23:07:31.0,0.017090256410239965
2021-06-06 23:07:34.0,0.01189994553845009
2021-06-06 23:07:37.0,0.17391951346567958
2021-06-06 23:07:40.0,0.17391951346567958
2021-06-06 23:07:43.0,0.17391951346567958
2021-06-06 23:07:46.0,0.16503052719108385
2021-06-06 23:07:49.0,0.16503052719108385
2021-06-06 23:07:52.0,0.16503052719108385
2021-06-06 23:07:55.0,0.16503052719108385
2021-06-06 23:07:58.0,0.07212932888885715
2021-06-06 23:08:01.0,0.07212932888885715
2021-06-06 23:08:04.0,0.08918936200523617
2021-06-06 23:08:07.0,0.15935779129793065
2021-06-06 23:08:10.0,0.15935779129793065
2021-06-06 23:08:13.0,0.1255385267002587
2021-06-06 23:08:16.0,0.17109868569815062
2021-06-06 23:08:19.0,0.17109868569815062
2021-06-06 23:08:22.0,0.17109868569815062
2021-06-06 23:08:25.0,0.2233758565960356
2021-06-06 23:08:28.0,0.25840259476534133
2021-06-06 23:08:31.0,0.25840259476534133
2021-06-06 23:08:34.0,0.25840259476534133
2021-06-06 23:08:37.0,0.25840259476534133
2021-06-06 23:08:40.0,0.19977391715302723
2021-06-06 23:08:43.0,0.23405756682256318
2021-06-06 23:08:46.0,0.43577581946703997
2021-06-06 23:08:49.0,0.4357758194670399
2021-06-06 23:08:52.0,0.4357758194670399
2021-06-06 23:08:55.0,0.528056820789359
2021-06-06 23:08:58.0,0.528056820789359
2021-06-06 23:09:01.0,0.38976460672263463
2021-06-06 23:09:04.0,0.35437306513373007
2021-06-06 23:09:07.0,0.6649976086382482
2021-06-06 23:09:10.0,0.8083787014235105
2021-06-06 23:09:14.0,0.8083787014235105
2021-06-06 23:09:17.0,0.8916124797616581
2021-06-06 23:09:20.0,0.8916124797616581
2021-06-06 23:09:23.0,0.8916124797616581
2021-06-06 23:09:26.0,0.6721744070219992
2021-06-06 23:09:29.0,0.6360647272548935
2021-06-06 23:09:32.0,0.6236338697787142
2021-06-06 23:09:35.0,0.7305956077984441
2021-06-06 23:09:38.0,0.7516985550197652
2021-06-06 23:09:41.0,0.35858386882627696
2021-06-06 23:09:44.0,0.3412466374937849
2021-06-06 23:09:47.0,0.3438861781284992
2021-06-06 23:09:50.0,0.26707244319254264
2021-06-06 23:09:53.0,0.2561310287663554
2021-06-06 23:09:56.0,0.3266580973779638
2021-06-06 23:09:59.0,0.30350199545610235
2021-06-06 23:10:02.0,0.30502405196231774
2021-06-06 23:10:05.0,0.32231827372903116
2021-06-06 23:10:08.0,0.2979026637756082
2021-06-06 23:10:11.0,0.24024511529720133
2021-06-06 23:10:14.0,0.23268203629568684
2021-06-06 23:10:17.0,0.28808611830580594
2021-06-06 23:10:20.0,0.272022667809244
2021-06-06 23:10:23.0,0.2692544025430167
2021-06-06 23:10:26.0,0.30379132948044263
2021-06-06 23:10:29.0,0.294726470640966
2021-06-06 23:10:32.0,0.25137944974729887
2021-06-06 23:10:35.0,0.29189808626580166
2021-06-06 23:10:38.0,0.3169056743203719
2021-06-06 23:10:41.0,0.26890811698208633
2021-06-06 23:10:44.0,0.24078977825819897
2021-06-06 23:10:47.0,0.3643692699581471
2021-06-06 23:10:50.0,0.3654024963868998
2021-06-06 23:10:53.0,0.3499371024243081
2021-06-06 23:10:56.0,0.40731178978640353
2021-06-06 23:10:59.0,0.40520639420031596
2021-06-06 23:11:02.0,0.37873662906171024
2021-06-06 23:11:05.0,0.4448147427715599
2021-06-06 23:11:08.0,0.4448147427715599
2021-06-06 23:11:11.0,0.43350498551229044
2021-06-06 23:11:14.0,0.424096024600783
2021-06-06 23:11:17.0,0.43220343514784865
2021-06-06 23:11:20.0,0.3890741726789413
2021-06-06 23:11:23.0,0.36204146907610724
2021-06-06 23:11:26.0,0.427819019221412
2021-06-06 23:11:29.0,0.4081032651360383
2021-06-06 23:11:32.0,0.40781016753330473
2021-06-06 23:11:35.0,0.43466028066483886
2021-06-06 23:11:38.0,0.3998606420784641
2021-06-06 23:11:41.0,0.3748119927267661
2021-06-06 23:11:44.0,0.3656544105592695
2021-06-06 23:11:47.0,0.3673138856617118
2021-06-06 23:11:50.0,0.35644449943512946
2021-06-06 23:11:53.0,0.3562775019132251
2021-06-06 23:11:56.0,0.4130435464811146
2021-06-06 23:11:59.0,0.39899958238636635
2021-06-06 23:12:02.0,0.376516144462692
2021-06-06 23:12:05.0,0.4249220964222086
2021-06-06 23:12:08.0,0.415069294406992
2021-06-06 23:12:11.0,0.41036791707143416
2021-06-06 23:12:14.0,0.33030327242207114
2021-06-06 23:12:17.0,0.4297118931201235
2021-06-06 23:12:20.0,0.3994901977732804
2021-06-06 23:12:23.0,0.37531182887733655
2021-06-06 23:12:26.0,0.4531120326628257
2021-06-06 23:12:29.0,0.44175470304039377
2021-06-06 23:12:32.0,0.4210142934188612
2021-06-06 23:12:35.0,0.4026370555743416
2021-06-06 23:12:38.0,0.3800912389777576
2021-06-06 23:12:41.0,0.335650819201411
2021-06-06 23:12:44.0,0.33515023314823833
2021-06-06 23:12:47.0,0.40665190432967646
2021-06-06 23:12:50.0,0.38995916026724736
2021-06-06 23:12:53.0,0.3584634940024457
2021-06-06 23:12:56.0,0.400945860814625
2021-06-06 23:12:59.0,0.4067185754063457
2021-06-06 23:13:02.0,0.4032244109558329
2021-06-06 23:13:05.0,0.4380493835484861
2021-06-06 23:13:08.0,0.3974883953721718
2021-06-06 23:13:11.0,0.3780170796312451
2021-06-06 23:13:14.0,0.34671002064823986
2021-06-06 23:13:17.0,0.3919290665184978
2021-06-06 23:13:20.0,0.3638605887949319
2021-06-06 23:13:23.0,0.33380093454367465
2021-06-06 23:13:26.0,0.3654138368873859
2021-06-06 23:13:29.0,0.3470644961433455
2021-06-06 23:13:32.0,0.3065144487199573
2021-06-06 23:13:35.0,0.3459260881188893
2021-06-06 23:13:38.0,0.3157840466672232
2021-06-06 23:13:41.0,0.310812663478478
2021-06-06 23:13:44.0,0.2996259016862179
2021-06-06 23:13:47.0,0.31058850906517965
2021-06-06 23:13:50.0,0.3034480117699322
2021-06-06 23:13:53.0,0.276557461754813
2021-06-06 23:13:56.0,0.2699775461295693
2021-06-06 23:14:00.0,0.259720516475155
2021-06-06 23:14:03.0,0.25255739817832035
2021-06-06 23:14:06.0,0.30625325677570825
2021-06-06 23:14:09.0,0.29309998868229226
2021-06-06 23:14:12.0,0.2890994850749618
2021-06-06 23:14:15.0,0.2822594904098132
2021-06-06 23:14:18.0,0.2808367561733393
2021-06-06 23:14:21.0,0.2528539672271417
2021-06-06 23:14:24.0,0.24255483820468807
2021-06-06 23:14:27.0,0.25958336872474264
2021-06-06 23:14:30.0,0.22160526299270647
2021-06-06 23:14:33.0,0.22209447880247218
2021-06-06 23:14:36.0,0.26378097547229273
2021-06-06 23:14:39.0,0.2641003842842241
2021-06-06 23:14:42.0,0.3010113656758357
2021-06-06 23:14:45.0,0.3006078654426548
2021-06-06 23:14:48.0,0.2920580285022527
2021-06-06 23:14:51.0,0.27124186756867447
2021-06-06 23:14:54.0,0.24478083757835564
2021-06-06 23:14:57.0,0.2805501174120722
2021-06-06 23:15:00.0,0.2801382173683118
2021-06-06 23:15:03.0,0.26414094921957865
2021-06-06 23:15:06.0,0.3216267929840995
2021-06-06 23:15:09.0,0.3216267929840995
2021-06-06 23:15:12.0,0.2911078366375419
2021-06-06 23:15:15.0,0.3203185858757251
2021-06-06 23:15:18.0,0.33847804009127613
2021-06-06 23:15:21.0,0.36276389642286266
2021-06-06 23:15:24.0,0.3157082313232303
2021-06-06 23:15:27.0,0.41641926934130225
2021-06-06 23:15:30.0,0.4051258204563044
2021-06-06 23:15:33.0,0.4084864641040191
2021-06-06 23:15:36.0,0.43778871610839143
2021-06-06 23:15:39.0,0.44875463169414653
2021-06-06 23:15:42.0,0.4325193288696515
2021-06-06 23:15:45.0,0.5427162704698117
2021-06-06 23:15:48.0,0.5235116826031605
2021-06-06 23:15:51.0,0.5544263070033818
2021-06-06 23:15:54.0,0.5470192612327756
2021-06-06 23:15:57.0,0.5786218327853567
2021-06-06 23:16:00.0,0.558539255257678
2021-06-06 23:16:03.0,0.47281529920496296
2021-06-06 23:16:06.0,0.5722560009363622
2021-06-06 23:16:09.0,0.5523689020402696
2021-06-06 23:16:12.0,0.5911355351826154
2021-06-06 23:16:15.0,0.6034748054409852
2021-06-06 23:16:18.0,0.5691379349406873
2021-06-06 23:16:21.0,0.5725105009745469
2021-06-06 23:16:24.0,0.5193487196507056
2021-06-06 23:16:27.0,0.6390570632958011
2021-06-06 23:16:30.0,0.6480747274017455
2021-06-06 23:16:33.0,0.6012079666664937
2021-06-06 23:16:36.0,0.6216189413851028
2021-06-06 23:16:39.0,0.5800616418610641
2021-06-06 23:16:42.0,0.6020234107583629
2021-06-06 23:16:45.0,0.5795259319584615
2021-06-06 23:16:48.0,0.5917660569946405
2021-06-06 23:16:51.0,0.5462553098044715
2021-06-06 23:16:54.0,0.4958870393170717
2021-06-06 23:16:57.0,0.6342911901162729
2021-06-06 23:17:00.0,0.6342911901162729
2021-06-06 23:17:03.0,0.5096033973171796
2021-06-06 23:17:06.0,0.564142207480356
2021-06-06 23:17:09.0,0.5664363772746911
2021-06-06 23:17:12.0,0.5060815601106876
2021-06-06 23:17:15.0,0.6254914082583679
2021-06-06 23:17:18.0,0.580735387122115
2021-06-06 23:17:21.0,0.5266828478603136
2021-06-06 23:17:24.0,0.4871635748358454
2021-06-06 23:17:27.0,0.5637271616402602
2021-06-06 23:17:30.0,0.5414160473033025
2021-06-06 23:17:33.0,0.44571836323106506
2021-06-06 23:17:36.0,0.5386079663550454
2021-06-06 23:17:39.0,0.527888847799499
2021-06-06 23:17:42.0,0.44481577378091686
2021-06-06 23:17:45.0,0.5287476528563192
2021-06-06 23:17:48.0,0.44455215148279426
2021-06-06 23:17:51.0,0.4420085313060235
2021-06-06 23:17:54.0,0.41846976514479894
2021-06-06 23:17:57.0,0.5126637528057818
2021-06-06 23:18:00.0,0.5051857873366128
2021-06-06 23:18:03.0,0.5010890441053802
2021-06-06 23:18:06.0,0.5303940520218786
2021-06-06 23:18:09.0,0.49757639872691106
2021-06-06 23:18:12.0,0.45322503674101944
2021-06-06 23:18:15.0,0.5253983943302829
2021-06-06 23:18:18.0,0.49244184256726836
2021-06-06 23:18:21.0,0.44814779036064556
2021-06-06 23:18:25.0,0.46812010353654493
2021-06-06 23:18:28.0,0.434166002281397
2021-06-06 23:18:31.0,0.4029904954481379
2021-06-06 23:18:34.0,0.3415658904430318
2021-06-06 23:18:37.0,0.3735450260874078
2021-06-06 23:18:40.0,0.3671554814760973
2021-06-06 23:18:43.0,0.3435503121595879
2021-06-06 23:18:46.0,0.3537130116988538
2021-06-06 23:18:49.0,0.3416437969579163
2021-06-06 23:18:52.0,0.30157557188703266
2021-06-06 23:18:55.0,0.27900798799574833
2021-06-06 23:18:58.0,0.25620913109999527
2021-06-06 23:19:01.0,0.23907776829765032
2021-06-06 23:19:04.0,0.19150421436108245
2021-06-06 23:19:07.0,0.2501710248601831
2021-06-06 23:19:10.0,0.2434411884896058
2021-06-06 23:19:13.0,0.2160076419115241
2021-06-06 23:19:16.0,0.2185273818833104
2021-06-06 23:19:19.0,0.20482442118816713
2021-06-06 23:19:22.0,0.2571718716875784
2021-06-06 23:19:25.0,0.3297651535778173
2021-06-06 23:19:28.0,0.4096287361494043
2021-06-06 23:19:31.0,0.4403402773569405
2021-06-06 23:19:34.0,0.4491027478961525
2021-06-06 23:19:37.0,0.45404197653658324
2021-06-06 23:19:40.0,0.4180428962206045
2021-06-06 23:19:43.0,0.3413501391949704
2021-06-06 23:19:46.0,0.42013227108516116
2021-06-06 23:19:49.0,0.44855224296435137
2021-06-06 23:19:52.0,0.35734555429114423
2021-06-06 23:19:55.0,0.4429915729981183
2021-06-06 23:19:58.0,0.4429915729981183
2021-06-06 23:20:01.0,0.4404211935302198
2021-06-06 23:20:04.0,0.42888850824718583
2021-06-06 23:20:07.0,0.4286584152830354
2021-06-06 23:20:10.0,0.40150828072350575
2021-06-06 23:20:13.0,0.39387837950355314
2021-06-06 23:20:16.0,0.4462979530869278
2021-06-06 23:20:19.0,0.44629795308692777
2021-06-06 23:20:22.0,0.35974081919725087
2021-06-06 23:20:25.0,0.42035618563833055
2021-06-06 23:20:28.0,0.44614954496890086
2021-06-06 23:20:31.0,0.39365973065120863
2021-06-06 23:20:34.0,0.37437932760396236
2021-06-06 23:20:37.0,0.4443809089164541
2021-06-06 23:20:40.0,0.41597914218788457
2021-06-06 23:20:43.0,0.3809707172709174
2021-06-06 23:20:46.0,0.43035640542736586
2021-06-06 23:20:49.0,0.39231089767711863
2021-06-06 23:20:52.0,0.38125101938585376
2021-06-06 23:20:55.0,0.4270154733171619
2021-06-06 23:20:58.0,0.37206168892414726
2021-06-06 23:21:01.0,0.35310371168138927
2021-06-06 23:21:04.0,0.2988486471846175
2021-06-06 23:21:07.0,0.3741735187813208
2021-06-06 23:21:10.0,0.3741735187813208
2021-06-06 23:21:13.0,0.365042012767993
2021-06-06 23:21:16.0,0.29987697011301057
2021-06-06 23:21:19.0,0.29228502942279233
2021-06-06 23:21:22.0,0.2545179450717515
2021-06-06 23:21:25.0,0.2841714721871795
2021-06-06 23:21:28.0,0.21876241534316085
2021-06-06 23:21:31.0,0.21042699792657946
2021-06-06 23:21:34.0,0.20441427160570746
2021-06-06 23:21:37.0,0.19662794459634392
2021-06-06 23:21:40.0,0.19662794459634392
2021-06-06 23:21:43.0,0.19662794459634392
2021-06-06 23:21:46.0,0.11896851659307645
2021-06-06 23:21:49.0,0.10772674812662188
2021-06-06 23:21:52.0,0.11746595914693743
2021-06-06 23:21:55.0,0.18358963073340023
2021-06-06 23:21:58.0,0.15277834547831706
2021-06-06 23:22:01.0,0.152104861802015
2021-06-06 23:22:04.0,0.12683677443893748
2021-06-06 23:22:07.0,0.10071646282437921
2021-06-06 23:22:10.0,0.10071646282437921
2021-06-06 23:22:13.0,0.10071646282437921
2021-06-06 23:22:16.0,0.06741072372794044
2021-06-06 23:22:19.0,0.04960128866628104
2021-06-06 23:22:22.0,0.04769220422075448
2021-06-06 23:22:25.0,0.030847972193889888
2021-06-06 23:22:28.0,0.030847972193889885
2021-06-06 23:22:31.0,0.013790305550898671
2021-06-06 23:22:34.0,0.0035618094219816996
2021-06-06 23:22:37.0,0.003501669136005783
2021-06-06 23:22:40.0,0.0040164753815011625
