2021-06-06 22:36:09.0,0.0
2021-06-06 22:36:12.0,0.0
2021-06-06 22:36:15.0,0.0
2021-06-06 22:36:18.0,0.0
2021-06-06 22:36:21.0,0.0
2021-06-06 22:36:24.0,0.0
2021-06-06 22:36:27.0,0.0
2021-06-06 22:36:30.0,1.4666666666666666
2021-06-06 22:36:33.0,1.4666666666666666
2021-06-06 22:36:37.0,1.4666666666666666
2021-06-06 22:36:40.0,1.4666666666666666
2021-06-06 22:36:43.0,1.4666666666666666
2021-06-06 22:36:46.0,4.4
2021-06-06 22:36:49.0,4.4
2021-06-06 22:36:52.0,4.4
2021-06-06 22:36:55.0,4.4
2021-06-06 22:36:58.0,4.4
2021-06-06 22:37:01.0,4.066666666666666
2021-06-06 22:37:04.0,4.066666666666666
2021-06-06 22:37:07.0,4.066666666666666
2021-06-06 22:37:10.0,4.066666666666666
2021-06-06 22:37:13.0,4.066666666666666
2021-06-06 22:37:16.0,4.2
2021-06-06 22:37:19.0,4.2
2021-06-06 22:37:22.0,4.2
2021-06-06 22:37:25.0,4.2
2021-06-06 22:37:28.0,4.2
2021-06-06 22:37:31.0,4.933333333333334
2021-06-06 22:37:34.0,4.933333333333334
2021-06-06 22:37:37.0,4.933333333333334
2021-06-06 22:37:40.0,4.933333333333334
2021-06-06 22:37:43.0,4.933333333333334
2021-06-06 22:37:46.0,9.733333333333333
2021-06-06 22:37:49.0,9.733333333333333
2021-06-06 22:37:52.0,9.733333333333333
2021-06-06 22:37:55.0,9.733333333333333
2021-06-06 22:37:58.0,9.733333333333333
2021-06-06 22:38:01.0,14.333333333333334
2021-06-06 22:38:04.0,14.333333333333334
2021-06-06 22:38:07.0,14.333333333333334
2021-06-06 22:38:10.0,14.333333333333334
2021-06-06 22:38:13.0,14.333333333333334
2021-06-06 22:38:16.0,14.330467239885357
2021-06-06 22:38:19.0,14.330467239885357
2021-06-06 22:38:22.0,14.330467239885357
2021-06-06 22:38:25.0,14.330467239885357
2021-06-06 22:38:28.0,14.330467239885357
2021-06-06 22:38:31.0,10.935520437420816
2021-06-06 22:38:34.0,10.935520437420816
2021-06-06 22:38:37.0,12.947289326309706
2021-06-06 22:38:40.0,13.322613770754149
2021-06-06 22:38:43.0,13.698187104087483
2021-06-06 22:38:46.0,7.538235555555556
2021-06-06 22:38:49.0,10.242071111111112
2021-06-06 22:38:52.0,19.44624888888889
2021-06-06 22:38:55.0,20.49333777777778
2021-06-06 22:38:58.0,21.176737777777777
2021-06-06 22:39:01.0,22.737257777777778
2021-06-06 22:39:04.0,19.859604444444443
2021-06-06 22:39:07.0,24.87713777777778
2021-06-06 22:39:10.0,25.066666666666666
2021-06-06 22:39:13.0,25.066666666666666
2021-06-06 22:39:16.0,23.866666666666667
2021-06-06 22:39:19.0,25.666666666666668
2021-06-06 22:39:22.0,25.466666666666665
2021-06-06 22:39:25.0,25.466666666666665
2021-06-06 22:39:28.0,25.46666666666666
2021-06-06 22:39:31.0,29.0
2021-06-06 22:39:34.0,30.33333333333333
2021-06-06 22:39:37.0,32.33333333333333
2021-06-06 22:39:40.0,32.33333333333333
2021-06-06 22:39:43.0,32.33333333333333
2021-06-06 22:39:46.0,32.93333333333333
2021-06-06 22:39:49.0,34.6
2021-06-06 22:39:52.0,36.0
2021-06-06 22:39:55.0,36.0
2021-06-06 22:39:58.0,36.0
2021-06-06 22:40:01.0,37.733333333333334
2021-06-06 22:40:04.0,38.800000000000004
2021-06-06 22:40:08.0,40.400000000000006
2021-06-06 22:40:11.0,40.400000000000006
2021-06-06 22:40:14.0,40.2
2021-06-06 22:40:17.0,40.46666666666667
2021-06-06 22:40:20.0,40.53333333333333
2021-06-06 22:40:23.0,40.6
2021-06-06 22:40:26.0,40.6
2021-06-06 22:40:29.0,40.800000000000004
2021-06-06 22:40:32.0,40.66666666666667
2021-06-06 22:40:35.0,41.4
2021-06-06 22:40:38.0,41.46666666666667
2021-06-06 22:40:41.0,41.46666666666667
2021-06-06 22:40:44.0,41.266666666666666
2021-06-06 22:40:47.0,40.400000000000006
2021-06-06 22:40:50.0,40.333333333333336
2021-06-06 22:40:53.0,40.53333333333333
2021-06-06 22:40:56.0,40.53333333333333
2021-06-06 22:40:59.0,40.6
2021-06-06 22:41:02.0,41.93333333333334
2021-06-06 22:41:05.0,41.46666666666666
2021-06-06 22:41:08.0,41.266666666666666
2021-06-06 22:41:11.0,41.266666666666666
2021-06-06 22:41:14.0,41.6
2021-06-06 22:41:17.0,40.53333333333333
2021-06-06 22:41:20.0,42.8
2021-06-06 22:41:23.0,42.733333333333334
2021-06-06 22:41:26.0,42.733333333333334
2021-06-06 22:41:29.0,42.6
2021-06-06 22:41:32.0,43.800000000000004
2021-06-06 22:41:35.0,41.53333333333333
2021-06-06 22:41:38.0,42.4
2021-06-06 22:41:41.0,42.4
2021-06-06 22:41:44.0,42.333333333333336
2021-06-06 22:41:47.0,40.8
2021-06-06 22:41:50.0,39.8
2021-06-06 22:41:53.0,39.0
2021-06-06 22:41:56.0,39.0
2021-06-06 22:41:59.0,39.33333333333333
2021-06-06 22:42:02.0,40.8
2021-06-06 22:42:05.0,44.2
2021-06-06 22:42:08.0,44.66666666666667
2021-06-06 22:42:11.0,44.66666666666667
2021-06-06 22:42:14.0,45.53333333333333
2021-06-06 22:42:17.0,45.66666666666667
2021-06-06 22:42:20.0,43.2
2021-06-06 22:42:23.0,42.6
2021-06-06 22:42:26.0,42.6
2021-06-06 22:42:29.0,41.86666666666667
2021-06-06 22:42:32.0,40.06666666666667
2021-06-06 22:42:35.0,40.199999999999996
2021-06-06 22:42:38.0,38.8
2021-06-06 22:42:41.0,38.8
2021-06-06 22:42:44.0,37.53333333333333
2021-06-06 22:42:47.0,37.06666666666666
2021-06-06 22:42:50.0,34.6
2021-06-06 22:42:53.0,35.46666666666667
2021-06-06 22:42:56.0,35.46666666666667
2021-06-06 22:42:59.0,30.6
2021-06-06 22:43:02.0,32.46666666666667
2021-06-06 22:43:05.0,29.46666666666666
2021-06-06 22:43:08.0,28.33333333333333
2021-06-06 22:43:11.0,28.333333333333336
2021-06-06 22:43:14.0,28.33333333333333
2021-06-06 22:43:17.0,27.666666666666664
2021-06-06 22:43:20.0,26.8
2021-06-06 22:43:23.0,28.0
2021-06-06 22:43:26.0,28.0
2021-06-06 22:43:29.0,28.0
2021-06-06 22:43:32.0,27.666666666666668
2021-06-06 22:43:35.0,26.733333333333334
2021-06-06 22:43:38.0,26.733333333333334
2021-06-06 22:43:41.0,26.733333333333334
2021-06-06 22:43:44.0,26.733333333333334
2021-06-06 22:43:47.0,28.733333333333334
2021-06-06 22:43:50.0,26.333333333333336
2021-06-06 22:43:53.0,28.53333333333333
2021-06-06 22:43:56.0,28.53333333333333
2021-06-06 22:43:59.0,27.200000000000003
2021-06-06 22:44:02.0,27.200000000000003
2021-06-06 22:44:05.0,26.333333333333336
2021-06-06 22:44:08.0,26.6
2021-06-06 22:44:12.0,26.6
2021-06-06 22:44:15.0,28.066666666666666
2021-06-06 22:44:18.0,28.066666666666666
2021-06-06 22:44:21.0,30.53333333333333
2021-06-06 22:44:24.0,32.733333333333334
2021-06-06 22:44:27.0,32.733333333333334
2021-06-06 22:44:30.0,34.33333333333333
2021-06-06 22:44:33.0,34.33333333333333
2021-06-06 22:44:36.0,37.53333333333333
2021-06-06 22:44:39.0,40.46666666666667
2021-06-06 22:44:42.0,40.46666666666667
2021-06-06 22:44:45.0,40.2
2021-06-06 22:44:48.0,40.2
2021-06-06 22:44:51.0,39.46666666666667
2021-06-06 22:44:54.0,37.133333333333326
2021-06-06 22:44:57.0,37.133333333333326
2021-06-06 22:45:00.0,36.8
2021-06-06 22:45:03.0,36.8
2021-06-06 22:45:06.0,35.266666666666666
2021-06-06 22:45:09.0,34.2
2021-06-06 22:45:12.0,34.2
2021-06-06 22:45:15.0,33.733333333333334
2021-06-06 22:45:18.0,33.733333333333334
2021-06-06 22:45:21.0,31.666666666666664
2021-06-06 22:45:24.0,31.666666666666664
2021-06-06 22:45:27.0,31.666666666666664
2021-06-06 22:45:30.0,31.666666666666664
2021-06-06 22:45:33.0,31.666666666666664
2021-06-06 22:45:36.0,32.6
2021-06-06 22:45:39.0,33.53333333333333
2021-06-06 22:45:42.0,33.53333333333333
2021-06-06 22:45:45.0,33.73224014575834
2021-06-06 22:45:48.0,33.73224014575834
2021-06-06 22:45:51.0,31.932240145758342
2021-06-06 22:45:54.0,32.265573479091685
2021-06-06 22:45:57.0,32.26557347909168
2021-06-06 22:46:00.0,31.667680135129128
2021-06-06 22:46:03.0,31.667680135129128
2021-06-06 22:46:06.0,25.334346801795796
2021-06-06 22:46:09.0,34.267680135129126
2021-06-06 22:46:12.0,34.267680135129126
2021-06-06 22:46:15.0,34.6
2021-06-06 22:46:18.0,34.6
2021-06-06 22:46:21.0,30.400000000000002
2021-06-06 22:46:24.0,30.4
2021-06-06 22:46:27.0,30.4
2021-06-06 22:46:30.0,31.066666666666663
2021-06-06 22:46:33.0,31.066666666666666
2021-06-06 22:46:36.0,34.46666666666667
2021-06-06 22:46:39.0,34.46666666666667
2021-06-06 22:46:42.0,34.46666666666667
2021-06-06 22:46:45.0,34.4
2021-06-06 22:46:48.0,34.4
2021-06-06 22:46:51.0,33.06666666666666
2021-06-06 22:46:54.0,33.06666666666667
2021-06-06 22:46:57.0,33.06666666666667
2021-06-06 22:47:00.0,32.6
2021-06-06 22:47:03.0,32.6
2021-06-06 22:47:06.0,34.06666666666667
2021-06-06 22:47:09.0,34.06666666666667
2021-06-06 22:47:12.0,34.06666666666667
2021-06-06 22:47:15.0,35.2
2021-06-06 22:47:18.0,35.2
2021-06-06 22:47:21.0,32.13333333333333
2021-06-06 22:47:24.0,32.13333333333333
2021-06-06 22:47:27.0,32.13333333333333
2021-06-06 22:47:30.0,33.0
2021-06-06 22:47:33.0,33.0
2021-06-06 22:47:36.0,37.6
2021-06-06 22:47:39.0,37.6
2021-06-06 22:47:42.0,37.6
2021-06-06 22:47:45.0,36.0
2021-06-06 22:47:48.0,36.0
2021-06-06 22:47:51.0,35.2
2021-06-06 22:47:54.0,35.2
2021-06-06 22:47:57.0,35.2
2021-06-06 22:48:00.0,33.8
2021-06-06 22:48:03.0,33.8
2021-06-06 22:48:07.0,29.46666666666667
2021-06-06 22:48:10.0,29.46666666666667
2021-06-06 22:48:13.0,29.46666666666667
2021-06-06 22:48:16.0,29.8
2021-06-06 22:48:19.0,29.8
2021-06-06 22:48:22.0,24.066666666666666
2021-06-06 22:48:25.0,24.06666666666667
2021-06-06 22:48:28.0,24.06666666666667
2021-06-06 22:48:31.0,29.266666666666666
2021-06-06 22:48:34.0,29.266666666666666
2021-06-06 22:48:37.0,25.733333333333334
2021-06-06 22:48:40.0,25.733333333333334
2021-06-06 22:48:43.0,25.733333333333334
2021-06-06 22:48:46.0,26.933333333333334
2021-06-06 22:48:49.0,26.933333333333334
2021-06-06 22:48:52.0,26.4
2021-06-06 22:48:55.0,26.4
2021-06-06 22:48:58.0,26.4
2021-06-06 22:49:01.0,24.933333333333337
2021-06-06 22:49:04.0,24.933333333333334
2021-06-06 22:49:07.0,26.200000000000003
2021-06-06 22:49:10.0,26.200000000000003
2021-06-06 22:49:13.0,26.200000000000003
2021-06-06 22:49:16.0,27.200000000000003
2021-06-06 22:49:19.0,27.200000000000003
2021-06-06 22:49:22.0,25.733333333333334
2021-06-06 22:49:25.0,25.733333333333334
2021-06-06 22:49:28.0,25.733333333333334
2021-06-06 22:49:31.0,25.933333333333334
2021-06-06 22:49:34.0,25.933333333333334
2021-06-06 22:49:37.0,26.266666666666666
2021-06-06 22:49:40.0,26.266666666666666
2021-06-06 22:49:43.0,26.26666666666667
2021-06-06 22:49:46.0,25.933333333333337
2021-06-06 22:49:49.0,25.93333333333333
2021-06-06 22:49:52.0,25.0
2021-06-06 22:49:55.0,25.0
2021-06-06 22:49:58.0,25.0
2021-06-06 22:50:01.0,23.8
2021-06-06 22:50:04.0,23.8
2021-06-06 22:50:07.0,22.333333333333336
2021-06-06 22:50:10.0,22.333333333333336
2021-06-06 22:50:13.0,22.333333333333336
2021-06-06 22:50:16.0,22.0
2021-06-06 22:50:19.0,22.0
2021-06-06 22:50:22.0,21.666666666666664
2021-06-06 22:50:25.0,21.666666666666664
2021-06-06 22:50:28.0,21.666666666666664
2021-06-06 22:50:31.0,19.4
2021-06-06 22:50:34.0,19.4
2021-06-06 22:50:37.0,15.600000000000001
2021-06-06 22:50:40.0,15.600000000000001
2021-06-06 22:50:43.0,15.600000000000001
2021-06-06 22:50:46.0,13.8
2021-06-06 22:50:49.0,13.8
2021-06-06 22:50:52.0,9.333333333333332
2021-06-06 22:50:55.0,9.333333333333332
2021-06-06 22:50:58.0,9.333333333333332
2021-06-06 22:51:01.0,8.733333333333334
2021-06-06 22:51:04.0,8.733333333333334
2021-06-06 22:51:07.0,7.0
2021-06-06 22:51:10.0,7.0
2021-06-06 22:51:13.0,7.0
2021-06-06 22:51:16.0,3.533333333333333
2021-06-06 22:51:19.0,3.533333333333334
2021-06-06 22:51:22.0,3.533333333333333
2021-06-06 22:51:25.0,3.533333333333333
2021-06-06 22:51:28.0,3.533333333333333
2021-06-06 22:51:31.0,0.39999999999999997
2021-06-06 22:51:34.0,0.4
2021-06-06 22:51:37.0,0.4
2021-06-06 22:51:40.0,0.4
2021-06-06 22:51:43.0,0.4
2021-06-06 22:51:46.0,0.0
2021-06-06 22:51:49.0,0.0
2021-06-06 22:51:52.0,0.0
2021-06-06 22:51:55.0,0.0
2021-06-06 22:51:59.0,0.0
2021-06-06 22:52:02.0,2.733333333333333
2021-06-06 22:52:05.0,2.733333333333333
2021-06-06 22:52:08.0,2.7333333333333334
2021-06-06 22:52:11.0,2.7333333333333334
2021-06-06 22:52:14.0,2.7333333333333334
2021-06-06 22:52:17.0,4.066666666666666
2021-06-06 22:52:20.0,4.066666666666667
2021-06-06 22:52:23.0,4.066666666666666
2021-06-06 22:52:26.0,4.066666666666666
2021-06-06 22:52:29.0,4.066666666666666
2021-06-06 22:52:32.0,4.066666666666666
2021-06-06 22:52:35.0,4.066666666666666
2021-06-06 22:52:38.0,4.066666666666666
2021-06-06 22:52:41.0,4.066666666666666
2021-06-06 22:52:44.0,4.066666666666666
2021-06-06 22:52:47.0,3.8
2021-06-06 22:52:50.0,3.8
2021-06-06 22:52:53.0,3.8
2021-06-06 22:52:56.0,3.8
2021-06-06 22:52:59.0,3.8
2021-06-06 22:53:02.0,6.799999999999999
2021-06-06 22:53:05.0,6.8
2021-06-06 22:53:08.0,6.8
2021-06-06 22:53:11.0,6.8
2021-06-06 22:53:14.0,6.8
2021-06-06 22:53:17.0,12.266666666666664
2021-06-06 22:53:20.0,12.266666666666667
2021-06-06 22:53:23.0,12.266666666666667
2021-06-06 22:53:26.0,12.266666666666667
2021-06-06 22:53:29.0,12.266666666666667
2021-06-06 22:53:32.0,16.066666666666666
2021-06-06 22:53:35.0,16.066666666666666
2021-06-06 22:53:38.0,16.066666666666666
2021-06-06 22:53:41.0,16.066666666666666
2021-06-06 22:53:44.0,16.066666666666666
2021-06-06 22:53:47.0,16.65223472990075
2021-06-06 22:53:50.0,16.65223472990075
2021-06-06 22:53:53.0,16.65223472990075
2021-06-06 22:53:56.0,16.65223472990075
2021-06-06 22:53:59.0,16.65223472990075
2021-06-06 22:54:02.0,13.344898912390741
2021-06-06 22:54:05.0,13.344898912390738
2021-06-06 22:54:08.0,13.344898912390738
2021-06-06 22:54:11.0,13.344898912390738
2021-06-06 22:54:14.0,13.344898912390738
2021-06-06 22:54:17.0,9.174326666666667
2021-06-06 22:54:20.0,9.506731111111112
2021-06-06 22:54:23.0,13.392228888888889
2021-06-06 22:54:26.0,14.148575555555555
2021-06-06 22:54:29.0,16.97258
2021-06-06 22:54:32.0,15.55602888888889
2021-06-06 22:54:35.0,18.473631111111114
2021-06-06 22:54:38.0,19.269586666666665
2021-06-06 22:54:41.0,20.606031111111108
2021-06-06 22:54:44.0,23.023257777777776
2021-06-06 22:54:47.0,27.158362222222223
2021-06-06 22:54:50.0,28.50569777777778
2021-06-06 22:54:53.0,28.8
2021-06-06 22:54:56.0,28.8
2021-06-06 22:54:59.0,30.933333333333334
2021-06-06 22:55:02.0,32.599999999999994
2021-06-06 22:55:05.0,32.199999999999996
2021-06-06 22:55:08.0,34.0
2021-06-06 22:55:11.0,34.0
2021-06-06 22:55:14.0,34.199999999999996
2021-06-06 22:55:17.0,36.06666666666667
2021-06-06 22:55:20.0,37.8
2021-06-06 22:55:23.0,38.400000000000006
2021-06-06 22:55:26.0,38.400000000000006
2021-06-06 22:55:29.0,38.866666666666674
2021-06-06 22:55:32.0,39.599999999999994
2021-06-06 22:55:35.0,39.66666666666666
2021-06-06 22:55:38.0,40.93229354129174
2021-06-06 22:55:41.0,40.93229354129174
2021-06-06 22:55:45.0,41.39896020795841
2021-06-06 22:55:48.0,41.53229354129174
2021-06-06 22:55:51.0,40.19896020795841
2021-06-06 22:55:54.0,39.06758685070348
2021-06-06 22:55:57.0,39.06758685070348
2021-06-06 22:56:00.0,40.73425351737014
2021-06-06 22:56:03.0,41.46758685070347
2021-06-06 22:56:06.0,42.400920184036806
2021-06-06 22:56:09.0,42.53333333333333
2021-06-06 22:56:12.0,42.53333333333333
2021-06-06 22:56:15.0,41.93333333333334
2021-06-06 22:56:18.0,41.199999999999996
2021-06-06 22:56:21.0,41.199999999999996
2021-06-06 22:56:24.0,42.0
2021-06-06 22:56:27.0,42.0
2021-06-06 22:56:30.0,41.86666666666666
2021-06-06 22:56:33.0,41.0
2021-06-06 22:56:36.0,41.0
2021-06-06 22:56:39.0,41.33333333333333
2021-06-06 22:56:42.0,41.00000000000001
2021-06-06 22:56:45.0,41.66666666666667
2021-06-06 22:56:48.0,42.93333333333334
2021-06-06 22:56:51.0,42.93333333333334
2021-06-06 22:56:54.0,43.53333333333334
2021-06-06 22:56:57.0,42.46666666666667
2021-06-06 22:57:00.0,41.266666666666666
2021-06-06 22:57:03.0,41.93333333333333
2021-06-06 22:57:06.0,41.93333333333333
2021-06-06 22:57:09.0,41.86666666666666
2021-06-06 22:57:12.0,42.66666666666667
2021-06-06 22:57:15.0,41.93333333333334
2021-06-06 22:57:18.0,40.733333333333334
2021-06-06 22:57:21.0,40.733333333333334
2021-06-06 22:57:24.0,40.800000000000004
2021-06-06 22:57:27.0,40.86666666666667
2021-06-06 22:57:30.0,43.53333333333333
2021-06-06 22:57:33.0,42.86666666666667
2021-06-06 22:57:36.0,42.86666666666667
2021-06-06 22:57:39.0,45.33333333333333
2021-06-06 22:57:42.0,40.06666666666666
2021-06-06 22:57:45.0,43.6
2021-06-06 22:57:48.0,39.733333333333334
2021-06-06 22:57:51.0,39.733333333333334
2021-06-06 22:57:54.0,38.93333333333333
2021-06-06 22:57:57.0,38.93333333333333
2021-06-06 22:58:00.0,37.93333333333334
2021-06-06 22:58:03.0,38.733333333333334
2021-06-06 22:58:06.0,38.733333333333334
2021-06-06 22:58:09.0,37.8
2021-06-06 22:58:12.0,37.800000000000004
2021-06-06 22:58:15.0,35.866666666666674
2021-06-06 22:58:18.0,33.800000000000004
2021-06-06 22:58:21.0,33.8
2021-06-06 22:58:24.0,32.06666666666667
2021-06-06 22:58:27.0,32.06666666666667
2021-06-06 22:58:30.0,27.933333333333337
2021-06-06 22:58:33.0,28.66666666666667
2021-06-06 22:58:36.0,28.66666666666667
2021-06-06 22:58:39.0,28.333333333333336
2021-06-06 22:58:42.0,28.333333333333336
2021-06-06 22:58:45.0,26.599999999999998
2021-06-06 22:58:48.0,26.599999999999998
2021-06-06 22:58:51.0,26.599999999999998
2021-06-06 22:58:54.0,27.200000000000003
2021-06-06 22:58:57.0,27.2
2021-06-06 22:59:00.0,26.866666666666667
2021-06-06 22:59:03.0,27.53333333333333
2021-06-06 22:59:06.0,27.53333333333333
2021-06-06 22:59:09.0,27.733333333333334
2021-06-06 22:59:12.0,27.733333333333334
2021-06-06 22:59:15.0,28.933333333333334
2021-06-06 22:59:18.0,24.333333333333336
2021-06-06 22:59:21.0,24.333333333333336
2021-06-06 22:59:24.0,28.066666666666666
2021-06-06 22:59:27.0,28.066666666666666
2021-06-06 22:59:30.0,30.333333333333332
2021-06-06 22:59:33.0,28.86666666666667
2021-06-06 22:59:36.0,28.866666666666667
2021-06-06 22:59:39.0,29.599999999999998
2021-06-06 22:59:42.0,29.599999999999998
2021-06-06 22:59:46.0,31.4
2021-06-06 22:59:49.0,31.4
2021-06-06 22:59:52.0,31.4
2021-06-06 22:59:55.0,33.733333333333334
2021-06-06 22:59:58.0,33.733333333333334
2021-06-06 23:00:01.0,37.266666666666666
2021-06-06 23:00:04.0,37.266666666666666
2021-06-06 23:00:07.0,37.266666666666666
2021-06-06 23:00:10.0,39.0
2021-06-06 23:00:13.0,39.0
2021-06-06 23:00:16.0,37.4
2021-06-06 23:00:19.0,37.4
2021-06-06 23:00:22.0,37.4
2021-06-06 23:00:25.0,35.333333333333336
2021-06-06 23:00:28.0,35.33333333333333
2021-06-06 23:00:31.0,32.400000000000006
2021-06-06 23:00:34.0,32.4
2021-06-06 23:00:37.0,32.400000000000006
2021-06-06 23:00:40.0,33.599999999999994
2021-06-06 23:00:43.0,33.599999999999994
2021-06-06 23:00:46.0,33.400000000000006
2021-06-06 23:00:49.0,33.4
2021-06-06 23:00:52.0,33.4
2021-06-06 23:00:55.0,32.13333333333334
2021-06-06 23:00:58.0,32.13333333333334
2021-06-06 23:01:01.0,33.13333333333333
2021-06-06 23:01:04.0,33.13333333333334
2021-06-06 23:01:07.0,33.13333333333334
2021-06-06 23:01:10.0,32.6
2021-06-06 23:01:13.0,32.6
2021-06-06 23:01:16.0,32.13333333333333
2021-06-06 23:01:19.0,32.13333333333333
2021-06-06 23:01:22.0,32.13333333333333
2021-06-06 23:01:25.0,32.0
2021-06-06 23:01:28.0,32.0
2021-06-06 23:01:31.0,31.133333333333333
2021-06-06 23:01:34.0,31.133333333333333
2021-06-06 23:01:37.0,31.133333333333333
2021-06-06 23:01:40.0,30.200000000000003
2021-06-06 23:01:43.0,30.200000000000003
2021-06-06 23:01:46.0,29.265333599946675
2021-06-06 23:01:49.0,29.265333599946675
2021-06-06 23:01:52.0,29.265333599946675
2021-06-06 23:01:55.0,28.99866693328001
2021-06-06 23:01:58.0,28.99866693328001
2021-06-06 23:02:01.0,30.268106954724278
2021-06-06 23:02:04.0,30.268106954724278
2021-06-06 23:02:07.0,30.268106954724278
2021-06-06 23:02:10.0,30.001440288057612
2021-06-06 23:02:13.0,30.001440288057612
2021-06-06 23:02:16.0,31.2
2021-06-06 23:02:19.0,31.2
2021-06-06 23:02:22.0,31.333333333333332
2021-06-06 23:02:25.0,32.53333333333333
2021-06-06 23:02:28.0,32.53333333333333
2021-06-06 23:02:31.0,33.53333333333333
2021-06-06 23:02:34.0,33.53333333333333
2021-06-06 23:02:37.0,26.466666666666665
2021-06-06 23:02:40.0,35.2
2021-06-06 23:02:43.0,35.2
2021-06-06 23:02:46.0,32.0
2021-06-06 23:02:49.0,32.0
2021-06-06 23:02:52.0,30.466666666666665
2021-06-06 23:02:55.0,31.666666666666668
2021-06-06 23:02:58.0,31.666666666666668
2021-06-06 23:03:01.0,38.0
2021-06-06 23:03:04.0,38.0
2021-06-06 23:03:07.0,38.0
2021-06-06 23:03:10.0,39.2
2021-06-06 23:03:13.0,39.2
2021-06-06 23:03:16.0,34.800000000000004
2021-06-06 23:03:19.0,34.800000000000004
2021-06-06 23:03:22.0,32.93333333333334
2021-06-06 23:03:25.0,31.200000000000003
2021-06-06 23:03:28.0,31.200000000000003
2021-06-06 23:03:31.0,29.733333333333334
2021-06-06 23:03:34.0,29.733333333333334
2021-06-06 23:03:37.0,28.933333333333334
2021-06-06 23:03:40.0,27.8
2021-06-06 23:03:43.0,27.8
2021-06-06 23:03:46.0,26.266666666666666
2021-06-06 23:03:49.0,26.266666666666666
2021-06-06 23:03:52.0,20.333333333333332
2021-06-06 23:03:55.0,25.666666666666664
2021-06-06 23:03:58.0,25.666666666666664
2021-06-06 23:04:01.0,26.266666666666666
2021-06-06 23:04:04.0,26.266666666666666
2021-06-06 23:04:08.0,26.266666666666666
2021-06-06 23:04:11.0,25.6
2021-06-06 23:04:14.0,25.6
2021-06-06 23:04:17.0,25.200000000000003
2021-06-06 23:04:20.0,25.200000000000003
2021-06-06 23:04:23.0,25.200000000000003
2021-06-06 23:04:26.0,26.733333333333334
2021-06-06 23:04:29.0,26.733333333333334
2021-06-06 23:04:32.0,26.6
2021-06-06 23:04:35.0,26.6
2021-06-06 23:04:38.0,26.6
2021-06-06 23:04:41.0,25.666666666666664
2021-06-06 23:04:44.0,25.666666666666668
2021-06-06 23:04:47.0,23.0
2021-06-06 23:04:50.0,23.0
2021-06-06 23:04:53.0,22.46666666666667
2021-06-06 23:04:56.0,23.09374
2021-06-06 23:04:59.0,23.207753333333336
2021-06-06 23:05:02.0,23.38847111111111
2021-06-06 23:05:05.0,23.502144444444443
2021-06-06 23:05:08.0,20.94949111111111
2021-06-06 23:05:11.0,24.91571111111111
2021-06-06 23:05:14.0,25.724797777777777
2021-06-06 23:05:17.0,24.66614222222222
2021-06-06 23:05:20.0,25.474691111111113
2021-06-06 23:05:23.0,25.866666666666664
2021-06-06 23:05:26.0,25.599999999999998
2021-06-06 23:05:29.0,25.599999999999998
2021-06-06 23:05:32.0,25.866666666666667
2021-06-06 23:05:35.0,25.866666666666667
2021-06-06 23:05:38.0,23.333333333333332
2021-06-06 23:05:41.0,23.466666666666665
2021-06-06 23:05:44.0,23.46666666666667
2021-06-06 23:05:47.0,20.733333333333334
2021-06-06 23:05:50.0,20.733333333333334
2021-06-06 23:05:53.0,20.133333333333333
2021-06-06 23:05:56.0,17.8
2021-06-06 23:05:59.0,17.799999999999997
2021-06-06 23:06:02.0,16.799999999999997
2021-06-06 23:06:05.0,16.799999999999997
2021-06-06 23:06:08.0,16.53333333333333
2021-06-06 23:06:11.0,11.266666666666667
2021-06-06 23:06:14.0,11.266666666666667
2021-06-06 23:06:17.0,10.333333333333334
2021-06-06 23:06:20.0,10.333333333333334
2021-06-06 23:06:23.0,8.533333333333333
2021-06-06 23:06:26.0,8.2
2021-06-06 23:06:29.0,8.2
2021-06-06 23:06:32.0,6.933333333333334
2021-06-06 23:06:35.0,6.933333333333334
2021-06-06 23:06:38.0,4.666666666666666
2021-06-06 23:06:41.0,4.666666666666667
2021-06-06 23:06:44.0,4.666666666666667
2021-06-06 23:06:47.0,2.9333333333333336
2021-06-06 23:06:50.0,2.9333333333333336
2021-06-06 23:06:53.0,1.3333333333333333
2021-06-06 23:06:56.0,1.3333333333333333
2021-06-06 23:06:59.0,1.3333333333333333
2021-06-06 23:07:02.0,0.06666666666666667
2021-06-06 23:07:05.0,0.06666666666666667
2021-06-06 23:07:08.0,0.0
2021-06-06 23:07:11.0,0.0
2021-06-06 23:07:14.0,0.0
2021-06-06 23:07:17.0,1.6666666666666667
2021-06-06 23:07:20.0,1.6666666666666667
2021-06-06 23:07:23.0,1.6666666666666667
2021-06-06 23:07:26.0,1.6666666666666667
2021-06-06 23:07:29.0,4.333333333333333
2021-06-06 23:07:32.0,4.333333333333333
2021-06-06 23:07:35.0,4.333333333333333
2021-06-06 23:07:38.0,4.333333333333333
2021-06-06 23:07:41.0,4.333333333333333
2021-06-06 23:07:44.0,3.800000000000001
2021-06-06 23:07:47.0,3.8
2021-06-06 23:07:50.0,3.8
2021-06-06 23:07:53.0,3.8
2021-06-06 23:07:57.0,3.8
2021-06-06 23:08:00.0,4.2666666666666675
2021-06-06 23:08:03.0,4.266666666666667
2021-06-06 23:08:06.0,4.266666666666667
2021-06-06 23:08:09.0,4.266666666666667
2021-06-06 23:08:12.0,4.266666666666667
2021-06-06 23:08:15.0,5.333333333333333
2021-06-06 23:08:18.0,5.333333333333332
2021-06-06 23:08:21.0,5.333333333333333
2021-06-06 23:08:24.0,5.333333333333333
2021-06-06 23:08:27.0,5.333333333333333
2021-06-06 23:08:30.0,9.866666666666667
2021-06-06 23:08:33.0,9.866666666666667
2021-06-06 23:08:36.0,9.866666666666667
2021-06-06 23:08:39.0,9.866666666666667
2021-06-06 23:08:42.0,9.866666666666667
2021-06-06 23:08:45.0,14.4
2021-06-06 23:08:48.0,14.4
2021-06-06 23:08:51.0,14.4
2021-06-06 23:08:54.0,14.4
2021-06-06 23:08:57.0,14.4
2021-06-06 23:09:00.0,15.933333333333334
2021-06-06 23:09:03.0,15.933333333333334
2021-06-06 23:09:06.0,15.933333333333334
2021-06-06 23:09:09.0,15.933333333333334
2021-06-06 23:09:12.0,15.933333333333334
2021-06-06 23:09:15.0,12.866666666666667
2021-06-06 23:09:18.0,12.866666666666667
2021-06-06 23:09:21.0,12.866666666666667
2021-06-06 23:09:24.0,12.866666666666667
2021-06-06 23:09:27.0,12.866666666666667
2021-06-06 23:09:30.0,12.466666666666667
2021-06-06 23:09:33.0,12.466666666666667
2021-06-06 23:09:36.0,13.406362222222223
2021-06-06 23:09:39.0,16.608175555555555
2021-06-06 23:09:42.0,18.876904444444445
2021-06-06 23:09:45.0,13.649891111111112
2021-06-06 23:09:48.0,14.914931111111109
2021-06-06 23:09:51.0,19.601588888888887
2021-06-06 23:09:54.0,19.774051111111113
2021-06-06 23:09:57.0,22.231473333333334
2021-06-06 23:10:00.0,24.70262222222222
2021-06-06 23:10:03.0,26.277884444444446
2021-06-06 23:10:06.0,26.264293333333335
2021-06-06 23:10:09.0,26.33333333333333
2021-06-06 23:10:12.0,26.73333333333333
2021-06-06 23:10:15.0,27.599999999999998
2021-06-06 23:10:18.0,28.2
2021-06-06 23:10:21.0,29.533333333333335
2021-06-06 23:10:24.0,30.6
2021-06-06 23:10:27.0,31.200000000000003
2021-06-06 23:10:30.0,34.13333333333333
2021-06-06 23:10:33.0,35.2
2021-06-06 23:10:36.0,35.06666666666667
2021-06-06 23:10:39.0,36.733333333333334
2021-06-06 23:10:42.0,36.800000000000004
2021-06-06 23:10:45.0,37.800000000000004
2021-06-06 23:10:48.0,38.66666666666667
2021-06-06 23:10:51.0,39.2
2021-06-06 23:10:54.0,39.800000000000004
2021-06-06 23:10:57.0,40.93333333333334
2021-06-06 23:11:00.0,40.66666666666667
2021-06-06 23:11:03.0,40.93333333333334
2021-06-06 23:11:06.0,41.400000000000006
2021-06-06 23:11:09.0,41.06666666666667
2021-06-06 23:11:12.0,41.06666666666667
2021-06-06 23:11:15.0,41.333333333333336
2021-06-06 23:11:18.0,40.6
2021-06-06 23:11:21.0,41.13333333333333
2021-06-06 23:11:24.0,40.733333333333334
2021-06-06 23:11:27.0,40.733333333333334
2021-06-06 23:11:30.0,40.599999999999994
2021-06-06 23:11:33.0,40.133333333333326
2021-06-06 23:11:36.0,40.06666666666666
2021-06-06 23:11:39.0,39.66666666666667
2021-06-06 23:11:42.0,39.66666666666667
2021-06-06 23:11:45.0,40.333333333333336
2021-06-06 23:11:48.0,40.8
2021-06-06 23:11:51.0,40.266666666666666
2021-06-06 23:11:55.0,40.4
2021-06-06 23:11:58.0,40.4
2021-06-06 23:12:01.0,38.66666666666667
2021-06-06 23:12:04.0,38.93333333333334
2021-06-06 23:12:07.0,40.6
2021-06-06 23:12:10.0,40.400000000000006
2021-06-06 23:12:13.0,40.53333333333333
2021-06-06 23:12:16.0,40.266666666666666
2021-06-06 23:12:19.0,39.599999999999994
2021-06-06 23:12:22.0,38.266666666666666
2021-06-06 23:12:25.0,39.333333333333336
2021-06-06 23:12:28.0,39.53333333333333
2021-06-06 23:12:31.0,40.6
2021-06-06 23:12:34.0,42.199999999999996
2021-06-06 23:12:37.0,41.4
2021-06-06 23:12:40.0,41.13333333333333
2021-06-06 23:12:43.0,41.8
2021-06-06 23:12:46.0,41.06666666666667
2021-06-06 23:12:49.0,40.06666666666666
2021-06-06 23:12:52.0,42.26666666666667
2021-06-06 23:12:55.0,43.400000000000006
2021-06-06 23:12:58.0,41.53333333333333
2021-06-06 23:13:01.0,42.46666666666667
2021-06-06 23:13:04.0,43.0
2021-06-06 23:13:07.0,41.6
2021-06-06 23:13:10.0,40.06666666666667
2021-06-06 23:13:13.0,40.66666666666667
2021-06-06 23:13:16.0,40.2
2021-06-06 23:13:19.0,38.800000000000004
2021-06-06 23:13:22.0,38.33333333333334
2021-06-06 23:13:25.0,38.6
2021-06-06 23:13:28.0,37.733333333333334
2021-06-06 23:13:31.0,35.93333333333334
2021-06-06 23:13:34.0,35.800000000000004
2021-06-06 23:13:37.0,34.06666666666667
2021-06-06 23:13:40.0,31.933333333333334
2021-06-06 23:13:43.0,32.266666666666666
2021-06-06 23:13:46.0,32.86666666666667
2021-06-06 23:13:49.0,31.4
2021-06-06 23:13:52.0,30.2
2021-06-06 23:13:55.0,30.066666666666666
2021-06-06 23:13:58.0,28.133333333333333
2021-06-06 23:14:01.0,28.0
2021-06-06 23:14:04.0,27.93333333333333
2021-06-06 23:14:07.0,26.666666666666668
2021-06-06 23:14:10.0,27.46666666666667
2021-06-06 23:14:13.0,28.666666666666664
2021-06-06 23:14:16.0,28.199999999999996
2021-06-06 23:14:19.0,23.866666666666667
2021-06-06 23:14:22.0,26.266666666666666
2021-06-06 23:14:25.0,26.4
2021-06-06 23:14:28.0,26.599999999999998
2021-06-06 23:14:31.0,27.6
2021-06-06 23:14:34.0,27.6
2021-06-06 23:14:37.0,26.93333333333333
2021-06-06 23:14:40.0,27.33333333333333
2021-06-06 23:14:43.0,27.6
2021-06-06 23:14:46.0,27.066666666666663
2021-06-06 23:14:49.0,27.06666666666667
2021-06-06 23:14:52.0,28.0
2021-06-06 23:14:55.0,27.6
2021-06-06 23:14:58.0,28.400000000000002
2021-06-06 23:15:01.0,29.2
2021-06-06 23:15:04.0,29.2
2021-06-06 23:15:07.0,31.400000000000002
2021-06-06 23:15:10.0,33.8
2021-06-06 23:15:13.0,35.266666666666666
2021-06-06 23:15:16.0,37.06666666666667
2021-06-06 23:15:19.0,37.06666666666667
2021-06-06 23:15:22.0,40.133333333333326
2021-06-06 23:15:25.0,40.0
2021-06-06 23:15:28.0,40.0
2021-06-06 23:15:31.0,40.733333333333334
2021-06-06 23:15:34.0,40.733333333333334
2021-06-06 23:15:37.0,41.93333333333333
2021-06-06 23:15:40.0,42.53333333333333
2021-06-06 23:15:43.0,41.4
2021-06-06 23:15:46.0,40.665626805314844
2021-06-06 23:15:49.0,40.66562680531485
2021-06-06 23:15:53.0,36.13229347198151
2021-06-06 23:15:56.0,35.46562680531485
2021-06-06 23:15:59.0,36.06562680531485
2021-06-06 23:16:02.0,34.40081788682936
2021-06-06 23:16:05.0,34.40081788682936
2021-06-06 23:16:08.0,37.667484553496024
2021-06-06 23:16:11.0,38.46748455349602
2021-06-06 23:16:14.0,39.00081788682935
2021-06-06 23:16:17.0,41.333333333333336
2021-06-06 23:16:20.0,41.333333333333336
2021-06-06 23:16:23.0,39.8
2021-06-06 23:16:26.0,37.53333333333333
2021-06-06 23:16:29.0,36.733333333333334
2021-06-06 23:16:32.0,35.46666666666667
2021-06-06 23:16:35.0,35.46666666666667
2021-06-06 23:16:38.0,35.13333333333333
2021-06-06 23:16:41.0,37.53333333333333
2021-06-06 23:16:44.0,38.0
2021-06-06 23:16:47.0,39.53333333333333
2021-06-06 23:16:50.0,39.53333333333333
2021-06-06 23:16:53.0,39.46666666666667
2021-06-06 23:16:56.0,38.0
2021-06-06 23:16:59.0,37.333333333333336
2021-06-06 23:17:02.0,35.46666666666667
2021-06-06 23:17:05.0,35.46666666666667
2021-06-06 23:17:08.0,34.46666666666666
2021-06-06 23:17:11.0,33.733333333333334
2021-06-06 23:17:14.0,34.4
2021-06-06 23:17:17.0,35.60023111111111
2021-06-06 23:17:20.0,35.99500666666666
2021-06-06 23:17:23.0,34.45592444444444
2021-06-06 23:17:26.0,34.71762888888889
2021-06-06 23:17:29.0,33.24508222222222
2021-06-06 23:17:32.0,35.63024888888889
2021-06-06 23:17:35.0,36.247057777777776
2021-06-06 23:17:38.0,38.86666666666667
2021-06-06 23:17:41.0,39.8
2021-06-06 23:17:44.0,40.13333333333333
2021-06-06 23:17:47.0,41.13333333333333
2021-06-06 23:17:50.0,41.13333333333333
2021-06-06 23:17:53.0,42.93333333333333
2021-06-06 23:17:56.0,43.13333333333333
2021-06-06 23:17:59.0,43.13333333333333
2021-06-06 23:18:02.0,43.6
2021-06-06 23:18:05.0,42.53333333333334
2021-06-06 23:18:08.0,42.6
2021-06-06 23:18:11.0,43.13333333333333
2021-06-06 23:18:14.0,43.86666666666667
2021-06-06 23:18:17.0,44.733333333333334
2021-06-06 23:18:20.0,43.66666666666667
2021-06-06 23:18:23.0,42.33333333333333
2021-06-06 23:18:26.0,42.733333333333334
2021-06-06 23:18:29.0,41.2
2021-06-06 23:18:32.0,37.666666666666664
2021-06-06 23:18:35.0,37.266666666666666
2021-06-06 23:18:38.0,36.4
2021-06-06 23:18:41.0,33.2
2021-06-06 23:18:44.0,33.8
2021-06-06 23:18:47.0,31.666666666666664
2021-06-06 23:18:50.0,29.0
2021-06-06 23:18:53.0,30.46666666666667
2021-06-06 23:18:56.0,32.733333333333334
2021-06-06 23:18:59.0,26.933333333333334
2021-06-06 23:19:02.0,26.400000000000002
2021-06-06 23:19:05.0,23.866666666666667
2021-06-06 23:19:08.0,27.266666666666666
2021-06-06 23:19:11.0,28.333333333333332
2021-06-06 23:19:14.0,28.133333333333333
2021-06-06 23:19:17.0,28.0
2021-06-06 23:19:20.0,28.0
2021-06-06 23:19:23.0,26.799999999999997
2021-06-06 23:19:26.0,26.93333333333333
2021-06-06 23:19:29.0,26.866666666666667
2021-06-06 23:19:32.0,26.866666666666667
2021-06-06 23:19:35.0,26.866666666666667
2021-06-06 23:19:38.0,26.133333333333333
2021-06-06 23:19:41.0,27.333333333333336
2021-06-06 23:19:44.0,27.133333333333333
2021-06-06 23:19:47.0,27.133333333333333
2021-06-06 23:19:50.0,27.133333333333333
2021-06-06 23:19:54.0,28.200000000000003
2021-06-06 23:19:57.0,28.8
2021-06-06 23:20:00.0,28.400000000000002
2021-06-06 23:20:03.0,28.400000000000002
2021-06-06 23:20:06.0,28.400000000000002
2021-06-06 23:20:09.0,28.2
2021-06-06 23:20:12.0,28.266666666666666
2021-06-06 23:20:15.0,28.466666666666665
2021-06-06 23:20:18.0,28.466666666666665
2021-06-06 23:20:21.0,28.466666666666665
2021-06-06 23:20:24.0,26.93333333333333
2021-06-06 23:20:27.0,25.599999999999998
2021-06-06 23:20:30.0,26.866666666666667
2021-06-06 23:20:33.0,26.866666666666667
2021-06-06 23:20:36.0,26.866666666666667
2021-06-06 23:20:39.0,27.533333333333335
2021-06-06 23:20:42.0,27.666666666666668
2021-06-06 23:20:45.0,25.86666666666667
2021-06-06 23:20:48.0,25.866666666666667
2021-06-06 23:20:51.0,25.866666666666667
2021-06-06 23:20:54.0,25.133333333333333
2021-06-06 23:20:57.0,24.333333333333332
2021-06-06 23:21:00.0,24.0
2021-06-06 23:21:03.0,24.0
2021-06-06 23:21:06.0,24.0
2021-06-06 23:21:09.0,22.0
2021-06-06 23:21:12.0,19.733333333333334
2021-06-06 23:21:15.0,18.4
2021-06-06 23:21:18.0,18.400000000000002
2021-06-06 23:21:21.0,18.400000000000002
2021-06-06 23:21:24.0,17.333333333333332
2021-06-06 23:21:27.0,12.866666666666665
2021-06-06 23:21:30.0,12.066666666666665
2021-06-06 23:21:33.0,12.066666666666668
2021-06-06 23:21:36.0,12.066666666666666
2021-06-06 23:21:39.0,11.333333333333334
2021-06-06 23:21:42.0,9.933333333333332
2021-06-06 23:21:45.0,8.133333333333333
2021-06-06 23:21:48.0,8.133333333333335
2021-06-06 23:21:51.0,8.133333333333333
2021-06-06 23:21:54.0,6.7333333333333325
2021-06-06 23:21:57.0,6.7333333333333325
2021-06-06 23:22:00.0,4.6000000000000005
2021-06-06 23:22:03.0,4.6
2021-06-06 23:22:06.0,4.6
2021-06-06 23:22:09.0,2.2
2021-06-06 23:22:12.0,2.2
2021-06-06 23:22:15.0,0.6666666666666667
2021-06-06 23:22:18.0,0.6666666666666666
2021-06-06 23:22:21.0,0.6666666666666666
2021-06-06 23:22:24.0,0.13333333333333333
2021-06-06 23:22:27.0,0.13333333333333333
2021-06-06 23:22:30.0,0.0
2021-06-06 23:22:33.0,0.0
2021-06-06 23:22:36.0,0.0
2021-06-06 23:22:39.0,0.0
