2021-06-06 22:36:09.0,NaN
2021-06-06 22:36:12.0,NaN
2021-06-06 22:36:15.0,NaN
2021-06-06 22:36:18.0,NaN
2021-06-06 22:36:21.0,NaN
2021-06-06 22:36:24.0,NaN
2021-06-06 22:36:27.0,NaN
2021-06-06 22:36:30.0,100.0
2021-06-06 22:36:33.0,100.0
2021-06-06 22:36:37.0,100.0
2021-06-06 22:36:40.0,100.0
2021-06-06 22:36:43.0,100.0
2021-06-06 22:36:46.0,100.0
2021-06-06 22:36:49.0,100.0
2021-06-06 22:36:52.0,100.0
2021-06-06 22:36:55.0,100.0
2021-06-06 22:36:58.0,100.0
2021-06-06 22:37:01.0,100.0
2021-06-06 22:37:04.0,100.0
2021-06-06 22:37:07.0,100.0
2021-06-06 22:37:10.0,100.0
2021-06-06 22:37:13.0,100.0
2021-06-06 22:37:16.0,100.0
2021-06-06 22:37:19.0,100.0
2021-06-06 22:37:22.0,100.0
2021-06-06 22:37:25.0,100.0
2021-06-06 22:37:28.0,100.0
2021-06-06 22:37:31.0,100.0
2021-06-06 22:37:34.0,100.0
2021-06-06 22:37:37.0,100.0
2021-06-06 22:37:40.0,100.0
2021-06-06 22:37:43.0,100.0
2021-06-06 22:37:46.0,100.0
2021-06-06 22:37:49.0,100.0
2021-06-06 22:37:52.0,100.0
2021-06-06 22:37:55.0,100.0
2021-06-06 22:37:58.0,100.0
2021-06-06 22:38:01.0,100.0
2021-06-06 22:38:04.0,100.0
2021-06-06 22:38:07.0,100.0
2021-06-06 22:38:10.0,100.0
2021-06-06 22:38:13.0,100.0
2021-06-06 22:38:16.0,100.0
2021-06-06 22:38:19.0,100.0
2021-06-06 22:38:22.0,100.0
2021-06-06 22:38:25.0,100.0
2021-06-06 22:38:28.0,100.0
2021-06-06 22:38:31.0,100.0
2021-06-06 22:38:34.0,100.0
2021-06-06 22:38:37.0,100.0
2021-06-06 22:38:40.0,100.0
2021-06-06 22:38:43.0,100.0
2021-06-06 22:38:46.0,100.0
2021-06-06 22:38:49.0,100.0
2021-06-06 22:38:52.0,100.0
2021-06-06 22:38:55.0,100.0
2021-06-06 22:38:58.0,100.0
2021-06-06 22:39:01.0,100.0
2021-06-06 22:39:04.0,100.0
2021-06-06 22:39:07.0,100.0
2021-06-06 22:39:10.0,100.0
2021-06-06 22:39:13.0,100.0
2021-06-06 22:39:16.0,100.0
2021-06-06 22:39:19.0,100.0
2021-06-06 22:39:22.0,100.0
2021-06-06 22:39:25.0,100.0
2021-06-06 22:39:28.0,100.0
2021-06-06 22:39:31.0,100.0
2021-06-06 22:39:34.0,100.0
2021-06-06 22:39:37.0,100.0
2021-06-06 22:39:40.0,100.0
2021-06-06 22:39:43.0,100.0
2021-06-06 22:39:46.0,100.0
2021-06-06 22:39:49.0,100.0
2021-06-06 22:39:52.0,100.0
2021-06-06 22:39:55.0,100.0
2021-06-06 22:39:58.0,100.0
2021-06-06 22:40:01.0,100.0
2021-06-06 22:40:04.0,100.0
2021-06-06 22:40:07.0,100.0
2021-06-06 22:40:10.0,100.0
2021-06-06 22:40:13.0,100.0
2021-06-06 22:40:16.0,100.0
2021-06-06 22:40:19.0,100.0
2021-06-06 22:40:22.0,100.0
2021-06-06 22:40:25.0,100.0
2021-06-06 22:40:28.0,100.0
2021-06-06 22:40:31.0,100.0
2021-06-06 22:40:34.0,100.0
2021-06-06 22:40:37.0,100.0
2021-06-06 22:40:40.0,100.0
2021-06-06 22:40:44.0,100.0
2021-06-06 22:40:47.0,100.0
2021-06-06 22:40:50.0,100.0
2021-06-06 22:40:53.0,100.0
2021-06-06 22:40:56.0,100.0
2021-06-06 22:40:59.0,100.0
2021-06-06 22:41:02.0,100.0
2021-06-06 22:41:05.0,100.0
2021-06-06 22:41:08.0,100.0
2021-06-06 22:41:11.0,100.0
2021-06-06 22:41:14.0,100.0
2021-06-06 22:41:17.0,100.0
2021-06-06 22:41:20.0,100.0
2021-06-06 22:41:23.0,100.0
2021-06-06 22:41:26.0,100.0
2021-06-06 22:41:29.0,100.0
2021-06-06 22:41:32.0,100.0
2021-06-06 22:41:35.0,100.0
2021-06-06 22:41:38.0,100.0
2021-06-06 22:41:41.0,100.0
2021-06-06 22:41:44.0,100.0
2021-06-06 22:41:47.0,100.0
2021-06-06 22:41:50.0,100.0
2021-06-06 22:41:53.0,100.0
2021-06-06 22:41:56.0,100.0
2021-06-06 22:41:59.0,100.0
2021-06-06 22:42:02.0,100.0
2021-06-06 22:42:05.0,100.0
2021-06-06 22:42:08.0,100.0
2021-06-06 22:42:11.0,100.0
2021-06-06 22:42:14.0,100.0
2021-06-06 22:42:17.0,100.0
2021-06-06 22:42:20.0,100.0
2021-06-06 22:42:23.0,100.0
2021-06-06 22:42:26.0,100.0
2021-06-06 22:42:29.0,100.0
2021-06-06 22:42:32.0,100.0
2021-06-06 22:42:35.0,100.0
2021-06-06 22:42:38.0,100.0
2021-06-06 22:42:41.0,100.0
2021-06-06 22:42:44.0,100.0
2021-06-06 22:42:47.0,100.0
2021-06-06 22:42:50.0,100.0
2021-06-06 22:42:53.0,100.0
2021-06-06 22:42:56.0,100.0
2021-06-06 22:42:59.0,100.0
2021-06-06 22:43:02.0,100.0
2021-06-06 22:43:05.0,100.0
2021-06-06 22:43:08.0,100.0
2021-06-06 22:43:11.0,100.0
2021-06-06 22:43:14.0,100.0
2021-06-06 22:43:17.0,100.0
2021-06-06 22:43:20.0,100.0
2021-06-06 22:43:23.0,100.0
2021-06-06 22:43:26.0,100.0
2021-06-06 22:43:29.0,100.0
2021-06-06 22:43:32.0,100.0
2021-06-06 22:43:35.0,100.0
2021-06-06 22:43:38.0,100.0
2021-06-06 22:43:41.0,100.0
2021-06-06 22:43:44.0,100.0
2021-06-06 22:43:47.0,100.0
2021-06-06 22:43:50.0,100.0
2021-06-06 22:43:53.0,100.0
2021-06-06 22:43:56.0,100.0
2021-06-06 22:43:59.0,100.0
2021-06-06 22:44:02.0,100.0
2021-06-06 22:44:05.0,100.0
2021-06-06 22:44:08.0,100.0
2021-06-06 22:44:11.0,100.0
2021-06-06 22:44:14.0,100.0
2021-06-06 22:44:17.0,100.0
2021-06-06 22:44:20.0,100.0
2021-06-06 22:44:23.0,100.0
2021-06-06 22:44:26.0,100.0
2021-06-06 22:44:29.0,100.0
2021-06-06 22:44:32.0,100.0
2021-06-06 22:44:35.0,100.0
2021-06-06 22:44:38.0,100.0
2021-06-06 22:44:41.0,100.0
2021-06-06 22:44:44.0,100.0
2021-06-06 22:44:47.0,100.0
2021-06-06 22:44:50.0,100.0
2021-06-06 22:44:53.0,99.95865114578277
2021-06-06 22:44:56.0,99.95847462234593
2021-06-06 22:44:59.0,99.95868298237664
2021-06-06 22:45:02.0,99.9585094058266
2021-06-06 22:45:05.0,99.93174040928938
2021-06-06 22:45:08.0,99.72721176912987
2021-06-06 22:45:11.0,99.72593586409296
2021-06-06 22:45:14.0,99.72699162510561
2021-06-06 22:45:18.0,99.72590622658338
2021-06-06 22:45:21.0,99.72641384581755
2021-06-06 22:45:24.0,99.31617924197353
2021-06-06 22:45:27.0,99.31356490119005
2021-06-06 22:45:30.0,99.31622884646056
2021-06-06 22:45:33.0,99.31365325121871
2021-06-06 22:45:36.0,98.95667703109372
2021-06-06 22:45:39.0,98.95528877417047
2021-06-06 22:45:42.0,98.95150386431067
2021-06-06 22:45:45.0,98.95552695846784
2021-06-06 22:45:48.0,98.9517987210907
2021-06-06 22:45:51.0,98.6708789005985
2021-06-06 22:45:54.0,98.66964860060244
2021-06-06 22:45:57.0,98.66506785232173
2021-06-06 22:46:00.0,98.6704657513814
2021-06-06 22:46:03.0,98.66594687433111
2021-06-06 22:46:06.0,98.59487653696146
2021-06-06 22:46:09.0,98.59324756493915
2021-06-06 22:46:12.0,98.5878870525817
2021-06-06 22:46:15.0,98.59307050810249
2021-06-06 22:46:18.0,98.58851746027389
2021-06-06 22:46:21.0,98.63098953389556
2021-06-06 22:46:24.0,98.26902278115284
2021-06-06 22:46:27.0,98.26367235786509
2021-06-06 22:46:30.0,98.27045418442295
2021-06-06 22:46:33.0,98.2651742318436
2021-06-06 22:46:36.0,98.30933627240579
2021-06-06 22:46:39.0,98.23092633644467
2021-06-06 22:46:42.0,98.22571367722594
2021-06-06 22:46:45.0,98.13909326593124
2021-06-06 22:46:48.0,98.13425349249333
2021-06-06 22:46:51.0,97.86592688495367
2021-06-06 22:46:54.0,97.87449937490835
2021-06-06 22:46:57.0,97.8690394078937
2021-06-06 22:47:00.0,97.87812651181667
2021-06-06 22:47:03.0,97.87271542334857
2021-06-06 22:47:06.0,97.82563781581294
2021-06-06 22:47:09.0,97.83778941609853
2021-06-06 22:47:12.0,97.83167316886279
2021-06-06 22:47:15.0,97.841284515254
2021-06-06 22:47:18.0,97.83600280544933
2021-06-06 22:47:21.0,97.82555832909345
2021-06-06 22:47:24.0,97.8352855356704
2021-06-06 22:47:27.0,97.83013653248561
2021-06-06 22:47:30.0,97.8426825991978
2021-06-06 22:47:33.0,97.8375754660962
2021-06-06 22:47:36.0,97.90090122721503
2021-06-06 22:47:39.0,97.89606373528648
2021-06-06 22:47:42.0,97.8912598386567
2021-06-06 22:47:45.0,97.90022073621077
2021-06-06 22:47:48.0,97.89546402111607
2021-06-06 22:47:51.0,97.95620194873732
2021-06-06 22:47:54.0,97.95168816182283
2021-06-06 22:47:57.0,97.94719928281708
2021-06-06 22:48:00.0,97.95326470196983
2021-06-06 22:48:03.0,97.94880838463418
2021-06-06 22:48:06.0,97.99908107434736
2021-06-06 22:48:09.0,97.99480849533641
2021-06-06 22:48:12.0,97.98994950975916
2021-06-06 22:48:15.0,97.99581594838476
2021-06-06 22:48:18.0,97.99162282295704
2021-06-06 22:48:21.0,98.03232787751298
2021-06-06 22:48:24.0,98.02826584153482
2021-06-06 22:48:27.0,98.02423071260135
2021-06-06 22:48:30.0,98.0380648620614
2021-06-06 22:48:33.0,98.03406387035946
2021-06-06 22:48:36.0,98.06752837943617
2021-06-06 22:48:39.0,98.0636258119079
2021-06-06 22:48:42.0,98.05974594361709
2021-06-06 22:48:45.0,98.07391071796839
2021-06-06 22:48:48.0,98.07006623059145
2021-06-06 22:48:51.0,98.09025013683386
2021-06-06 22:48:54.0,98.09411945831259
2021-06-06 22:48:57.0,98.09421655609319
2021-06-06 22:49:00.0,98.11032407926041
2021-06-06 22:49:03.0,98.11040578323336
2021-06-06 22:49:06.0,98.127310219803
2021-06-06 22:49:09.0,98.12745308235485
2021-06-06 22:49:12.0,98.1270570062152
2021-06-06 22:49:15.0,98.1439617090579
2021-06-06 22:49:18.0,98.1440879247804
2021-06-06 22:49:21.0,98.15837978377796
2021-06-06 22:49:24.0,98.15855612400442
2021-06-06 22:49:27.0,98.15873219066947
2021-06-06 22:49:30.0,98.17487140939761
2021-06-06 22:49:33.0,98.17503021166638
2021-06-06 22:49:36.0,98.18955474688867
2021-06-06 22:49:39.0,98.18976248667003
2021-06-06 22:49:42.0,98.18997031882164
2021-06-06 22:49:45.0,98.20591385799118
2021-06-06 22:49:48.0,98.20610476462905
2021-06-06 22:49:51.0,98.21842984807516
2021-06-06 22:49:54.0,98.21866053611316
2021-06-06 22:49:57.0,98.21889079154738
2021-06-06 22:50:00.0,98.23242297698154
2021-06-06 22:50:03.0,98.23263801650708
2021-06-06 22:50:07.0,98.24361202714041
2021-06-06 22:50:10.0,98.24338760112134
2021-06-06 22:50:13.0,98.24363794537041
2021-06-06 22:50:16.0,98.25695389863198
2021-06-06 22:50:19.0,98.25718935130621
2021-06-06 22:50:22.0,98.26670154898673
2021-06-06 22:50:25.0,98.26696542699146
2021-06-06 22:50:28.0,98.26722934093142
2021-06-06 22:50:31.0,98.27738615075904
2021-06-06 22:50:34.0,98.2776383884233
2021-06-06 22:50:37.0,98.2831737172728
2021-06-06 22:50:40.0,98.2834412057586
2021-06-06 22:50:43.0,98.28370909368222
2021-06-06 22:50:46.0,98.29201486785917
2021-06-06 22:50:49.0,98.29227312429879
2021-06-06 22:50:52.0,98.29329969176894
2021-06-06 22:50:55.0,98.29356000798785
2021-06-06 22:50:58.0,98.29381959880024
2021-06-06 22:51:01.0,98.30147438973697
2021-06-06 22:51:04.0,98.30172560014461
2021-06-06 22:51:07.0,98.30072086282027
2021-06-06 22:51:10.0,98.30054326114451
2021-06-06 22:51:13.0,98.30079038581857
2021-06-06 22:51:16.0,98.30481220049465
2021-06-06 22:51:19.0,98.30505576085436
2021-06-06 22:51:22.0,98.30529849335858
2021-06-06 22:51:25.0,98.30462848202993
2021-06-06 22:51:28.0,98.30462848202993
2021-06-06 22:51:31.0,98.30510802315099
2021-06-06 22:51:34.0,98.30510802315099
2021-06-06 22:51:37.0,98.30510802315099
2021-06-06 22:51:40.0,98.30510802315099
2021-06-06 22:51:43.0,98.30510802315099
2021-06-06 22:51:46.0,98.30510802315099
2021-06-06 22:51:49.0,98.30510802315099
2021-06-06 22:51:52.0,98.30510802315099
2021-06-06 22:51:55.0,98.30510802315099
2021-06-06 22:51:58.0,98.30510802315099
2021-06-06 22:52:01.0,98.30777479399376
2021-06-06 22:52:04.0,98.30777479399376
2021-06-06 22:52:07.0,98.30777479399376
2021-06-06 22:52:10.0,98.30739765008278
2021-06-06 22:52:13.0,98.30739765008278
2021-06-06 22:52:16.0,98.31155010536887
2021-06-06 22:52:19.0,98.31155010536887
2021-06-06 22:52:22.0,98.31155010536887
2021-06-06 22:52:25.0,98.31155010536887
2021-06-06 22:52:28.0,98.31155010536887
2021-06-06 22:52:31.0,98.31568223610971
2021-06-06 22:52:34.0,98.31568223610971
2021-06-06 22:52:37.0,98.31568223610971
2021-06-06 22:52:40.0,98.31568223610971
2021-06-06 22:52:43.0,98.31568223610971
2021-06-06 22:52:46.0,98.319525169966
2021-06-06 22:52:49.0,98.319525169966
2021-06-06 22:52:52.0,98.319525169966
2021-06-06 22:52:55.0,98.319525169966
2021-06-06 22:52:58.0,98.319525169966
2021-06-06 22:53:01.0,98.32615822532588
2021-06-06 22:53:04.0,98.32615822532588
2021-06-06 22:53:07.0,98.32615822532588
2021-06-06 22:53:10.0,98.32581603861114
2021-06-06 22:53:13.0,98.32581603861114
2021-06-06 22:53:16.0,98.33786990019445
2021-06-06 22:53:19.0,98.33786990019445
2021-06-06 22:53:22.0,98.33786990019445
2021-06-06 22:53:25.0,98.33786990019445
2021-06-06 22:53:28.0,98.33786990019445
2021-06-06 22:53:31.0,98.3533731867757
2021-06-06 22:53:34.0,98.3533731867757
2021-06-06 22:53:37.0,98.3533731867757
2021-06-06 22:53:40.0,98.3533731867757
2021-06-06 22:53:43.0,98.3533731867757
2021-06-06 22:53:46.0,98.36947100861838
2021-06-06 22:53:49.0,98.36947100861838
2021-06-06 22:53:52.0,98.36947100861838
2021-06-06 22:53:55.0,98.36947100861838
2021-06-06 22:53:58.0,98.36947100861838
2021-06-06 22:54:01.0,98.38178481286694
2021-06-06 22:54:04.0,98.38178481286694
2021-06-06 22:54:07.0,98.38178481286694
2021-06-06 22:54:10.0,98.38146062931943
2021-06-06 22:54:13.0,98.38146062931943
2021-06-06 22:54:16.0,98.3901366014546
2021-06-06 22:54:19.0,98.3909857380198
2021-06-06 22:54:22.0,98.39305529411922
2021-06-06 22:54:25.0,98.35952351707566
2021-06-06 22:54:28.0,98.35595541945573
2021-06-06 22:54:31.0,98.36179400384452
2021-06-06 22:54:34.0,98.36355734276503
2021-06-06 22:54:37.0,98.36207773357685
2021-06-06 22:54:40.0,98.38980023740362
2021-06-06 22:54:43.0,98.39161709984636
2021-06-06 22:54:46.0,98.397240378597
2021-06-06 22:54:50.0,98.40150206851057
2021-06-06 22:54:53.0,98.40242500098356
2021-06-06 22:54:56.0,98.41788491588433
2021-06-06 22:54:59.0,98.42104325601944
2021-06-06 22:55:02.0,98.42855053567084
2021-06-06 22:55:05.0,98.43273250861245
2021-06-06 22:55:08.0,98.43531003540653
2021-06-06 22:55:11.0,98.4476270603413
2021-06-06 22:55:14.0,98.45162081858173
2021-06-06 22:55:17.0,98.46134043156984
2021-06-06 22:55:20.0,98.46691401758052
2021-06-06 22:55:23.0,98.47084280223997
2021-06-06 22:55:26.0,98.48070198386245
2021-06-06 22:55:29.0,98.48420687743067
2021-06-06 22:55:32.0,98.49284912743055
2021-06-06 22:55:35.0,98.5000780925283
2021-06-06 22:55:38.0,98.50421483740793
2021-06-06 22:55:41.0,98.5135088218124
2021-06-06 22:55:44.0,98.5176548620203
2021-06-06 22:55:47.0,98.52622375089113
2021-06-06 22:55:50.0,98.53151826091276
2021-06-06 22:55:53.0,98.54058365521556
2021-06-06 22:55:56.0,98.5439042712726
2021-06-06 22:55:59.0,98.5484139520662
2021-06-06 22:56:02.0,98.55932558865679
2021-06-06 22:56:05.0,98.56361660043332
2021-06-06 22:56:08.0,98.57132466321875
2021-06-06 22:56:11.0,98.57452804693084
2021-06-06 22:56:14.0,98.57933000656135
2021-06-06 22:56:17.0,98.5882098076409
2021-06-06 22:56:20.0,98.59269864295278
2021-06-06 22:56:23.0,98.60048746277154
2021-06-06 22:56:26.0,98.60396220070928
2021-06-06 22:56:29.0,98.60855269051522
2021-06-06 22:56:32.0,98.61637337138815
2021-06-06 22:56:35.0,98.62085532380806
2021-06-06 22:56:38.0,98.62862987151352
2021-06-06 22:56:41.0,98.63209803621558
2021-06-06 22:56:44.0,98.63651787836875
2021-06-06 22:56:47.0,98.64500886865525
2021-06-06 22:56:50.0,98.64909573637249
2021-06-06 22:56:53.0,98.6560874638759
2021-06-06 22:56:56.0,98.65954115422636
2021-06-06 22:56:59.0,98.66379762848443
2021-06-06 22:57:02.0,98.6701668428853
2021-06-06 22:57:05.0,98.67514205536986
2021-06-06 22:57:08.0,98.68215940428694
2021-06-06 22:57:11.0,98.68540239633474
2021-06-06 22:57:14.0,98.68905082703291
2021-06-06 22:57:17.0,98.69518523640262
2021-06-06 22:57:20.0,98.69954573268707
2021-06-06 22:57:23.0,98.70601402927961
2021-06-06 22:57:26.0,98.70936490687286
2021-06-06 22:57:29.0,98.71368545260242
2021-06-06 22:57:32.0,98.72116352939915
2021-06-06 22:57:35.0,98.72407363051501
2021-06-06 22:57:38.0,98.73162980641622
2021-06-06 22:57:41.0,98.73493679438455
2021-06-06 22:57:44.0,98.73687106275763
2021-06-06 22:57:47.0,98.7461112493478
2021-06-06 22:57:50.0,98.74677113509227
2021-06-06 22:57:53.0,98.75325286475528
2021-06-06 22:57:56.0,98.75644937035025
2021-06-06 22:57:59.0,98.75883276650227
2021-06-06 22:58:02.0,98.76684093099965
2021-06-06 22:58:05.0,98.76802904637871
2021-06-06 22:58:08.0,98.77282658943813
2021-06-06 22:58:11.0,98.77495940204668
2021-06-06 22:58:14.0,98.77779059186719
2021-06-06 22:58:17.0,98.78327987021035
2021-06-06 22:58:20.0,98.78552637895554
2021-06-06 22:58:23.0,98.78932050769487
2021-06-06 22:58:26.0,98.79156101018367
2021-06-06 22:58:29.0,98.79176562038558
2021-06-06 22:58:32.0,98.79807097758271
2021-06-06 22:58:35.0,98.80026927517744
2021-06-06 22:58:38.0,98.80367529519614
2021-06-06 22:58:41.0,98.80586469800522
2021-06-06 22:58:44.0,98.80571622718412
2021-06-06 22:58:47.0,98.81125945360068
2021-06-06 22:58:50.0,98.81340034753894
2021-06-06 22:58:53.0,98.81698449943313
2021-06-06 22:58:56.0,98.81911398984803
2021-06-06 22:58:59.0,98.821235709028
2021-06-06 22:59:02.0,98.82527458183938
2021-06-06 22:59:05.0,98.82695481425604
2021-06-06 22:59:08.0,98.82999676114835
2021-06-06 22:59:11.0,98.83156070041039
2021-06-06 22:59:14.0,98.83582294236226
2021-06-06 22:59:17.0,98.83674877622201
2021-06-06 22:59:20.0,98.83840273424201
2021-06-06 22:59:23.0,98.84306633613014
2021-06-06 22:59:26.0,98.8447268680734
2021-06-06 22:59:29.0,98.84980535649602
2021-06-06 22:59:32.0,98.85012623957083
2021-06-06 22:59:35.0,98.8517570952053
2021-06-06 22:59:39.0,98.85656453283251
2021-06-06 22:59:42.0,98.85820787910282
2021-06-06 22:59:45.0,98.86297235418276
2021-06-06 22:59:48.0,98.8662283028969
2021-06-06 22:59:51.0,98.86636955894195
2021-06-06 22:59:54.0,98.87159791957319
2021-06-06 22:59:57.0,98.87284867937049
2021-06-06 23:00:00.0,98.87864215163013
2021-06-06 23:00:03.0,98.88160041445595
2021-06-06 23:00:06.0,98.88284710827799
2021-06-06 23:00:09.0,98.88838620285098
2021-06-06 23:00:12.0,98.88954607602578
2021-06-06 23:00:15.0,98.8946781608566
2021-06-06 23:00:18.0,98.89733015982087
2021-06-06 23:00:21.0,98.89858557816078
2021-06-06 23:00:24.0,98.90057524766918
2021-06-06 23:00:27.0,98.90182596436138
2021-06-06 23:00:30.0,98.90621189994701
2021-06-06 23:00:33.0,98.89836946525318
2021-06-06 23:00:36.0,98.89954125572224
2021-06-06 23:00:39.0,98.84704039812489
2021-06-06 23:00:42.0,98.84786087725168
2021-06-06 23:00:45.0,98.85193131954699
2021-06-06 23:00:48.0,98.8537177459469
2021-06-06 23:00:51.0,98.85453212079372
2021-06-06 23:00:54.0,98.69266850484553
2021-06-06 23:00:57.0,98.69248666945516
2021-06-06 23:01:00.0,98.69753385929627
2021-06-06 23:01:03.0,98.69735283596042
2021-06-06 23:01:06.0,98.69717210666207
2021-06-06 23:01:09.0,98.58858709214016
2021-06-06 23:01:12.0,98.58765019000433
2021-06-06 23:01:15.0,98.59228865733982
2021-06-06 23:01:18.0,98.59148805792562
2021-06-06 23:01:21.0,98.59069114697742
2021-06-06 23:01:24.0,98.42933490377155
2021-06-06 23:01:27.0,98.42765040042666
2021-06-06 23:01:30.0,98.4311917449513
2021-06-06 23:01:33.0,98.42951865484976
2021-06-06 23:01:36.0,98.4278477378971
2021-06-06 23:01:39.0,98.23640876831135
2021-06-06 23:01:42.0,98.23373132684151
2021-06-06 23:01:45.0,98.23646283948393
2021-06-06 23:01:48.0,98.23381488239303
2021-06-06 23:01:51.0,98.23116331729926
2021-06-06 23:01:54.0,98.0941176762581
2021-06-06 23:01:57.0,98.09079304841092
2021-06-06 23:02:00.0,98.0368894829394
2021-06-06 23:02:03.0,98.03330312896153
2021-06-06 23:02:06.0,98.02973085931106
2021-06-06 23:02:09.0,98.05721376002491
2021-06-06 23:02:12.0,98.05364778740618
2021-06-06 23:02:15.0,97.93891053375407
2021-06-06 23:02:18.0,97.93499981083895
2021-06-06 23:02:21.0,97.93109536795102
2021-06-06 23:02:24.0,97.94265934094733
2021-06-06 23:02:27.0,97.93885737765291
2021-06-06 23:02:30.0,97.90529440420674
2021-06-06 23:02:33.0,97.90135931553456
2021-06-06 23:02:36.0,97.89743310474532
2021-06-06 23:02:39.0,97.89900886050702
2021-06-06 23:02:42.0,97.8951199245381
2021-06-06 23:02:45.0,97.90358468061304
2021-06-06 23:02:48.0,97.89976016159653
2021-06-06 23:02:51.0,97.8959531382526
2021-06-06 23:02:54.0,97.90407567496682
2021-06-06 23:02:57.0,97.90034382744645
2021-06-06 23:03:00.0,97.91241082153314
2021-06-06 23:03:03.0,97.90873105498741
2021-06-06 23:03:06.0,97.90507421019325
2021-06-06 23:03:09.0,97.93132135870756
2021-06-06 23:03:12.0,97.92765437146062
2021-06-06 23:03:15.0,97.93712306072948
2021-06-06 23:03:18.0,97.933665514765
2021-06-06 23:03:21.0,97.93022493124535
2021-06-06 23:03:24.0,97.95303628151453
2021-06-06 23:03:27.0,97.9497268897843
2021-06-06 23:03:30.0,97.95788206127158
2021-06-06 23:03:33.0,97.95460215173894
2021-06-06 23:03:36.0,97.9513317676223
2021-06-06 23:03:39.0,97.97184411272762
2021-06-06 23:03:42.0,97.96869019688201
2021-06-06 23:03:45.0,97.97548272381222
2021-06-06 23:03:48.0,97.97234824879273
2021-06-06 23:03:51.0,97.96920722483247
2021-06-06 23:03:54.0,97.98873540228404
2021-06-06 23:03:57.0,97.98571564581627
2021-06-06 23:04:00.0,97.99275529099283
2021-06-06 23:04:03.0,97.9897573452035
2021-06-06 23:04:06.0,97.98675790207946
2021-06-06 23:04:09.0,98.00144480586475
2021-06-06 23:04:12.0,98.00072560763095
2021-06-06 23:04:15.0,98.0086699247079
2021-06-06 23:04:18.0,98.00887113196316
2021-06-06 23:04:21.0,98.0083946027318
2021-06-06 23:04:25.0,98.01868036875219
2021-06-06 23:04:28.0,98.01825507374845
2021-06-06 23:04:31.0,98.0260151743316
2021-06-06 23:04:34.0,98.02558845380597
2021-06-06 23:04:37.0,98.02516225649404
2021-06-06 23:04:40.0,98.03478049336249
2021-06-06 23:04:43.0,98.03439837563295
2021-06-06 23:04:46.0,98.04070412939642
2021-06-06 23:04:49.0,98.04032135632856
2021-06-06 23:04:52.0,98.03993791246758
2021-06-06 23:04:55.0,98.04964809197678
2021-06-06 23:04:58.0,98.04941311758121
2021-06-06 23:05:01.0,98.05572207523628
2021-06-06 23:05:04.0,98.0554843994679
2021-06-06 23:05:07.0,98.05524736065546
2021-06-06 23:05:10.0,98.0664508421865
2021-06-06 23:05:13.0,98.06667079622667
2021-06-06 23:05:16.0,98.07203354649914
2021-06-06 23:05:19.0,98.07224837718951
2021-06-06 23:05:22.0,98.07246282339712
2021-06-06 23:05:25.0,98.08178866812439
2021-06-06 23:05:28.0,98.08216283833214
2021-06-06 23:05:31.0,98.08787305874816
2021-06-06 23:05:34.0,98.08824073916713
2021-06-06 23:05:37.0,98.08860758994756
2021-06-06 23:05:40.0,98.095828168995
2021-06-06 23:05:43.0,98.09628541404565
2021-06-06 23:05:46.0,98.10044297656069
2021-06-06 23:05:49.0,98.10089488880335
2021-06-06 23:05:52.0,98.10134590090986
2021-06-06 23:05:55.0,98.10622451939507
2021-06-06 23:05:58.0,98.10667669625215
2021-06-06 23:06:01.0,98.11009891939119
2021-06-06 23:06:04.0,98.11054514764855
2021-06-06 23:06:07.0,98.11099168656426
2021-06-06 23:06:10.0,98.11262233187557
2021-06-06 23:06:13.0,98.1129780223829
2021-06-06 23:06:16.0,98.11590214562261
2021-06-06 23:06:19.0,98.11625469785646
2021-06-06 23:06:22.0,98.11660695312506
2021-06-06 23:06:25.0,98.1175436143232
2021-06-06 23:06:28.0,98.11782579245951
2021-06-06 23:06:31.0,98.11974832886425
2021-06-06 23:06:34.0,98.12002933462749
2021-06-06 23:06:37.0,98.1203092931223
2021-06-06 23:06:40.0,98.12268121799886
2021-06-06 23:06:43.0,98.12108064049598
2021-06-06 23:06:46.0,98.12166581860325
2021-06-06 23:06:49.0,98.1214521610816
2021-06-06 23:06:52.0,98.1212389711836
2021-06-06 23:06:55.0,98.12213088956973
2021-06-06 23:06:58.0,98.12192091659388
2021-06-06 23:07:01.0,98.1217120947669
2021-06-06 23:07:04.0,98.12150282405436
2021-06-06 23:07:07.0,98.12129379972701
2021-06-06 23:07:10.0,98.12201033568107
2021-06-06 23:07:13.0,98.12180477605786
2021-06-06 23:07:16.0,98.12247384137487
2021-06-06 23:07:19.0,98.12226801460052
2021-06-06 23:07:22.0,98.12206304015538
2021-06-06 23:07:25.0,98.12253534287777
2021-06-06 23:07:28.0,98.12253534287777
2021-06-06 23:07:31.0,98.12500187983396
2021-06-06 23:07:34.0,98.12500187983396
2021-06-06 23:07:37.0,98.12500187983396
2021-06-06 23:07:40.0,98.12500187983396
2021-06-06 23:07:43.0,98.12500187983396
2021-06-06 23:07:46.0,98.12715951565878
2021-06-06 23:07:49.0,98.12715951565878
2021-06-06 23:07:52.0,98.12715951565878
2021-06-06 23:07:55.0,98.12715951565878
2021-06-06 23:07:58.0,98.12715951565878
2021-06-06 23:08:01.0,98.1295762139934
2021-06-06 23:08:04.0,98.1295762139934
2021-06-06 23:08:07.0,98.1295762139934
2021-06-06 23:08:10.0,98.12946251466268
2021-06-06 23:08:13.0,98.12946251466268
2021-06-06 23:08:16.0,98.13239911857133
2021-06-06 23:08:19.0,98.13239911857133
2021-06-06 23:08:22.0,98.13239911857133
2021-06-06 23:08:25.0,98.13239911857133
2021-06-06 23:08:28.0,98.13239911857133
2021-06-06 23:08:31.0,98.1378711293387
2021-06-06 23:08:34.0,98.1378711293387
2021-06-06 23:08:37.0,98.1378711293387
2021-06-06 23:08:40.0,98.1378711293387
2021-06-06 23:08:43.0,98.1378711293387
2021-06-06 23:08:46.0,98.14579699853012
2021-06-06 23:08:49.0,98.14579699853012
2021-06-06 23:08:52.0,98.14579699853012
2021-06-06 23:08:55.0,98.14579699853012
2021-06-06 23:08:58.0,98.14579699853012
2021-06-06 23:09:01.0,98.15453699491691
2021-06-06 23:09:04.0,98.15453699491691
2021-06-06 23:09:07.0,98.15453699491691
2021-06-06 23:09:10.0,98.15442743458398
2021-06-06 23:09:13.0,98.15442743458398
2021-06-06 23:09:16.0,98.16148347179676
2021-06-06 23:09:19.0,98.16148347179676
2021-06-06 23:09:23.0,98.16148347179676
2021-06-06 23:09:26.0,98.16148347179676
2021-06-06 23:09:29.0,98.16148347179676
2021-06-06 23:09:32.0,98.16866645858737
2021-06-06 23:09:35.0,98.16878460763469
2021-06-06 23:09:38.0,98.17250936438158
2021-06-06 23:09:41.0,98.17471787935366
2021-06-06 23:09:44.0,98.17731320155116
2021-06-06 23:09:47.0,98.1808034594679
2021-06-06 23:09:50.0,98.18371203095862
2021-06-06 23:09:53.0,98.18621666551643
2021-06-06 23:09:56.0,98.18864014538222
2021-06-06 23:09:59.0,98.19188738845119
2021-06-06 23:10:02.0,98.19570308103158
2021-06-06 23:10:05.0,98.19877629264975
2021-06-06 23:10:08.0,98.2007432134728
2021-06-06 23:10:11.0,98.20316385831902
2021-06-06 23:10:14.0,98.20626611324468
2021-06-06 23:10:17.0,98.21083877607151
2021-06-06 23:10:20.0,98.21398611798311
2021-06-06 23:10:23.0,98.21728843544754
2021-06-06 23:10:26.0,98.21991687129498
2021-06-06 23:10:29.0,98.22317401665185
2021-06-06 23:10:32.0,98.22889911337148
2021-06-06 23:10:35.0,98.23217263677712
2021-06-06 23:10:38.0,98.23603655077574
2021-06-06 23:10:41.0,98.23877583734169
2021-06-06 23:10:44.0,98.24226704383095
2021-06-06 23:10:47.0,98.24792668587381
2021-06-06 23:10:50.0,98.2517674499567
2021-06-06 23:10:53.0,98.25607671618741
2021-06-06 23:10:56.0,98.25928408274619
2021-06-06 23:10:59.0,98.26315761830801
2021-06-06 23:11:02.0,98.26882216089847
2021-06-06 23:11:05.0,98.27249208633259
2021-06-06 23:11:08.0,98.2764308030035
2021-06-06 23:11:11.0,98.27947666935532
2021-06-06 23:11:14.0,98.28262173045803
2021-06-06 23:11:17.0,98.28852919677685
2021-06-06 23:11:20.0,98.29185281489383
2021-06-06 23:11:23.0,98.29552827197993
2021-06-06 23:11:26.0,98.2988270660613
2021-06-06 23:11:29.0,98.30226730305215
2021-06-06 23:11:32.0,98.307807015633
2021-06-06 23:11:35.0,98.31063755329849
2021-06-06 23:11:38.0,98.31412650074715
2021-06-06 23:11:41.0,98.31725940561088
2021-06-06 23:11:44.0,98.32028229604354
2021-06-06 23:11:47.0,98.32633316347017
2021-06-06 23:11:50.0,98.32947745494299
2021-06-06 23:11:53.0,98.33279669660261
2021-06-06 23:11:56.0,98.33545610704351
2021-06-06 23:11:59.0,98.33872724230717
2021-06-06 23:12:02.0,98.34391042671525
2021-06-06 23:12:05.0,98.34702460083216
2021-06-06 23:12:08.0,98.35127297879747
2021-06-06 23:12:11.0,98.35356671348909
2021-06-06 23:12:14.0,98.35669658844024
2021-06-06 23:12:17.0,98.36161483937255
2021-06-06 23:12:20.0,98.3653880187308
2021-06-06 23:12:23.0,98.36781007193831
2021-06-06 23:12:26.0,98.37078101329845
2021-06-06 23:12:29.0,98.37379616672709
2021-06-06 23:12:32.0,98.37902017021482
2021-06-06 23:12:35.0,98.38292356195792
2021-06-06 23:12:38.0,98.38536238575625
2021-06-06 23:12:41.0,98.38820901541565
2021-06-06 23:12:44.0,98.39168485395629
2021-06-06 23:12:47.0,98.3967367352778
2021-06-06 23:12:50.0,98.40047935279499
2021-06-06 23:12:53.0,98.40329373634613
2021-06-06 23:12:56.0,98.40639734410708
2021-06-06 23:12:59.0,98.40881846014727
2021-06-06 23:13:02.0,98.41406600611175
2021-06-06 23:13:05.0,98.41743362269192
2021-06-06 23:13:08.0,98.42002818392973
2021-06-06 23:13:11.0,98.42250474517093
2021-06-06 23:13:14.0,98.42508531040617
2021-06-06 23:13:17.0,98.42997475181149
2021-06-06 23:13:20.0,98.43278334843349
2021-06-06 23:13:23.0,98.43537230405954
2021-06-06 23:13:26.0,98.43783173258944
2021-06-06 23:13:29.0,98.44030994146547
2021-06-06 23:13:32.0,98.44455180203585
2021-06-06 23:13:35.0,98.44662117363131
2021-06-06 23:13:38.0,98.44889865699935
2021-06-06 23:13:41.0,98.45062586632173
2021-06-06 23:13:44.0,98.45494389488464
2021-06-06 23:13:47.0,98.4572268520858
2021-06-06 23:13:50.0,98.45839280773457
2021-06-06 23:13:53.0,98.46028536766518
2021-06-06 23:13:56.0,98.46177739694934
2021-06-06 23:13:59.0,98.46538516972765
2021-06-06 23:14:03.0,98.4676072478973
2021-06-06 23:14:06.0,98.46875907236199
2021-06-06 23:14:09.0,98.47039196359098
2021-06-06 23:14:12.0,98.47223353757462
2021-06-06 23:14:15.0,98.47602353669426
2021-06-06 23:14:18.0,98.47819059557068
2021-06-06 23:14:21.0,98.47811144754087
2021-06-06 23:14:24.0,98.48019261185436
2021-06-06 23:14:27.0,98.4820631423021
2021-06-06 23:14:30.0,98.48617798314308
2021-06-06 23:14:33.0,98.48828401638276
2021-06-06 23:14:36.0,98.48872490149299
2021-06-06 23:14:39.0,98.49024983224052
2021-06-06 23:14:42.0,98.49189041202357
2021-06-06 23:14:45.0,98.49554974194363
2021-06-06 23:14:48.0,98.4972282066689
2021-06-06 23:14:51.0,98.49892128861983
2021-06-06 23:14:54.0,98.50052439402857
2021-06-06 23:14:57.0,98.50200077350529
2021-06-06 23:15:00.0,98.50616239561609
2021-06-06 23:15:03.0,98.50781752085564
2021-06-06 23:15:06.0,98.50991303981418
2021-06-06 23:15:09.0,98.51190509804628
2021-06-06 23:15:12.0,98.51417153952313
2021-06-06 23:15:15.0,98.51916528971472
2021-06-06 23:15:18.0,98.52081582812296
2021-06-06 23:15:21.0,98.52369962696903
2021-06-06 23:15:24.0,98.52571273544947
2021-06-06 23:15:27.0,98.52787536152111
2021-06-06 23:15:30.0,98.5334161130346
2021-06-06 23:15:33.0,98.5350554926452
2021-06-06 23:15:36.0,98.53737547669475
2021-06-06 23:15:39.0,98.54050184073718
2021-06-06 23:15:42.0,98.54129121724228
2021-06-06 23:15:45.0,98.54603243724458
2021-06-06 23:15:48.0,98.54765716983174
2021-06-06 23:15:51.0,98.54910556702782
2021-06-06 23:15:54.0,98.49358775857989
2021-06-06 23:15:57.0,98.49382418790637
2021-06-06 23:16:00.0,98.4976391475113
2021-06-06 23:16:03.0,98.49886084934816
2021-06-06 23:16:06.0,98.49776077656908
2021-06-06 23:16:09.0,98.50189131967818
2021-06-06 23:16:12.0,98.50382060119559
2021-06-06 23:16:15.0,98.50862344129632
2021-06-06 23:16:18.0,98.50983989197297
2021-06-06 23:16:21.0,98.51142728964561
2021-06-06 23:16:24.0,98.46325390384705
2021-06-06 23:16:27.0,98.46437582791638
2021-06-06 23:16:30.0,98.46816482648848
2021-06-06 23:16:33.0,98.46906997514921
2021-06-06 23:16:36.0,98.47059685222924
2021-06-06 23:16:39.0,98.44560169061141
2021-06-06 23:16:42.0,98.445586482444
2021-06-06 23:16:45.0,98.44078011420153
2021-06-06 23:16:48.0,98.44153372678225
2021-06-06 23:16:51.0,98.43527072397221
2021-06-06 23:16:54.0,98.43930934273092
2021-06-06 23:16:57.0,98.4404763574288
2021-06-06 23:17:00.0,98.44400095767986
2021-06-06 23:17:03.0,98.44472553801829
2021-06-06 23:17:06.0,98.4461626100829
2021-06-06 23:17:09.0,98.41751107202468
2021-06-06 23:17:12.0,98.4181646083058
2021-06-06 23:17:15.0,98.40052317227975
2021-06-06 23:17:18.0,98.37296656008837
2021-06-06 23:17:21.0,98.36890665425464
2021-06-06 23:17:24.0,98.36939188486173
2021-06-06 23:17:27.0,98.36493996079092
2021-06-06 23:17:30.0,98.36357206015516
2021-06-06 23:17:33.0,98.30924938485698
2021-06-06 23:17:36.0,98.30054850264816
2021-06-06 23:17:39.0,98.29696468403043
2021-06-06 23:17:42.0,98.28828719407564
2021-06-06 23:17:45.0,98.2826795603988
2021-06-06 23:17:48.0,98.32486432125151
2021-06-06 23:17:51.0,98.31999625168784
2021-06-06 23:17:54.0,98.32006242460761
2021-06-06 23:17:57.0,98.3143614640598
2021-06-06 23:18:00.0,98.31189846421846
2021-06-06 23:18:03.0,98.34133905745247
2021-06-06 23:18:06.0,98.33776852044764
2021-06-06 23:18:09.0,98.34006918684707
2021-06-06 23:18:12.0,98.3361345290761
2021-06-06 23:18:15.0,98.33551987622356
2021-06-06 23:18:18.0,98.35805651424721
2021-06-06 23:18:21.0,98.35525480057018
2021-06-06 23:18:24.0,98.35787734413351
2021-06-06 23:18:27.0,98.35503038842471
2021-06-06 23:18:30.0,98.35412831778518
2021-06-06 23:18:34.0,98.371560024222
2021-06-06 23:18:37.0,98.37359343116857
2021-06-06 23:18:40.0,98.37105364560868
2021-06-06 23:18:43.0,98.36888881286968
2021-06-06 23:18:46.0,98.3690763191826
2021-06-06 23:18:49.0,98.3831186057086
2021-06-06 23:18:52.0,98.38503555720405
2021-06-06 23:18:55.0,98.38366389885054
2021-06-06 23:18:58.0,98.38047488263203
2021-06-06 23:19:01.0,98.3818729132665
2021-06-06 23:19:04.0,98.3921977070022
2021-06-06 23:19:07.0,98.39464834620964
2021-06-06 23:19:10.0,98.39396799912315
2021-06-06 23:19:13.0,98.39103125619945
2021-06-06 23:19:16.0,98.39269801947218
2021-06-06 23:19:19.0,98.39781570557146
2021-06-06 23:19:22.0,98.40245474026726
2021-06-06 23:19:25.0,98.40355609408488
2021-06-06 23:19:28.0,98.40390624451338
2021-06-06 23:19:31.0,98.40616760435378
2021-06-06 23:19:34.0,98.40621760994964
2021-06-06 23:19:37.0,98.41092728467878
2021-06-06 23:19:40.0,98.41209611275733
2021-06-06 23:19:43.0,98.41217088791467
2021-06-06 23:19:46.0,98.41509078208108
2021-06-06 23:19:49.0,98.41516378289361
2021-06-06 23:19:52.0,98.4201001192209
2021-06-06 23:19:55.0,98.42144808371634
2021-06-06 23:19:58.0,98.42154659729921
2021-06-06 23:20:01.0,98.42439195347639
2021-06-06 23:20:04.0,98.42448841124913
2021-06-06 23:20:07.0,98.42921370152042
2021-06-06 23:20:10.0,98.43059982510593
2021-06-06 23:20:13.0,98.43072041052493
2021-06-06 23:20:16.0,98.43359838378579
2021-06-06 23:20:19.0,98.43371700895801
2021-06-06 23:20:22.0,98.43794548421793
2021-06-06 23:20:25.0,98.43884691707045
2021-06-06 23:20:28.0,98.43898470742386
2021-06-06 23:20:31.0,98.44227252190056
2021-06-06 23:20:34.0,98.44240803308463
2021-06-06 23:20:37.0,98.44663924752379
2021-06-06 23:20:40.0,98.44759467341075
2021-06-06 23:20:43.0,98.44774870280743
2021-06-06 23:20:46.0,98.4504962470093
2021-06-06 23:20:49.0,98.45064809083837
2021-06-06 23:20:52.0,98.45455399038188
2021-06-06 23:20:55.0,98.45520924945431
2021-06-06 23:20:58.0,98.45537681782595
2021-06-06 23:21:01.0,98.45790558863503
2021-06-06 23:21:04.0,98.45807133403979
2021-06-06 23:21:07.0,98.46135746349839
2021-06-06 23:21:10.0,98.46136953239484
2021-06-06 23:21:13.0,98.46154590320471
2021-06-06 23:21:16.0,98.4637354433907
2021-06-06 23:21:19.0,98.46391008837433
2021-06-06 23:21:22.0,98.46674040959134
2021-06-06 23:21:25.0,98.46544259777318
2021-06-06 23:21:28.0,98.46562106152581
2021-06-06 23:21:31.0,98.46745533249262
2021-06-06 23:21:34.0,98.46763237699102
2021-06-06 23:21:37.0,98.4702029501723
2021-06-06 23:21:40.0,98.46845578627367
2021-06-06 23:21:43.0,98.46863427561092
2021-06-06 23:21:46.0,98.47001455136139
2021-06-06 23:21:49.0,98.47019134788836
2021-06-06 23:21:52.0,98.47226572882609
2021-06-06 23:21:55.0,98.47244881953499
2021-06-06 23:21:58.0,98.4711956589615
2021-06-06 23:22:01.0,98.47153001638887
2021-06-06 23:22:04.0,98.47133544664956
2021-06-06 23:22:07.0,98.47229254291375
2021-06-06 23:22:10.0,98.47205984228833
2021-06-06 23:22:13.0,98.47186995319704
2021-06-06 23:22:16.0,98.4717407827851
2021-06-06 23:22:19.0,98.4715511509794
2021-06-06 23:22:22.0,98.47230820564097
2021-06-06 23:22:25.0,98.47212179863307
2021-06-06 23:22:28.0,98.47193524182455
2021-06-06 23:22:31.0,98.4717486592242
2021-06-06 23:22:34.0,98.47156229821199
2021-06-06 23:22:37.0,98.47137603494997
2021-06-06 23:22:40.0,98.47189557863452
