2021-06-03 14:27:09.0,NaN
2021-06-03 14:27:12.0,NaN
2021-06-03 14:27:15.0,NaN
2021-06-03 14:27:18.0,NaN
2021-06-03 14:27:21.0,NaN
2021-06-03 14:27:24.0,100.0
2021-06-03 14:27:27.0,100.0
2021-06-03 14:27:30.0,100.0
2021-06-03 14:27:33.0,100.0
2021-06-03 14:27:36.0,100.0
2021-06-03 14:27:39.0,100.0
2021-06-03 14:27:42.0,100.0
2021-06-03 14:27:45.0,100.0
2021-06-03 14:27:48.0,100.0
2021-06-03 14:27:51.0,100.0
2021-06-03 14:27:54.0,100.0
2021-06-03 14:27:57.0,100.0
2021-06-03 14:28:00.0,100.0
2021-06-03 14:28:03.0,100.0
2021-06-03 14:28:06.0,100.0
2021-06-03 14:28:09.0,100.0
2021-06-03 14:28:12.0,100.0
2021-06-03 14:28:15.0,100.0
2021-06-03 14:28:18.0,100.0
2021-06-03 14:28:21.0,100.0
2021-06-03 14:28:24.0,100.0
2021-06-03 14:28:27.0,100.0
2021-06-03 14:28:30.0,100.0
2021-06-03 14:28:33.0,100.0
2021-06-03 14:28:36.0,100.0
2021-06-03 14:28:39.0,100.0
2021-06-03 14:28:42.0,100.0
2021-06-03 14:28:45.0,100.0
2021-06-03 14:28:48.0,100.0
2021-06-03 14:28:51.0,100.0
2021-06-03 14:28:54.0,100.0
2021-06-03 14:28:57.0,100.0
2021-06-03 14:29:00.0,100.0
2021-06-03 14:29:03.0,100.0
2021-06-03 14:29:06.0,100.0
2021-06-03 14:29:09.0,100.0
2021-06-03 14:29:12.0,100.0
2021-06-03 14:29:15.0,100.0
2021-06-03 14:29:18.0,100.0
2021-06-03 14:29:21.0,100.0
2021-06-03 14:29:24.0,100.0
2021-06-03 14:29:27.0,100.0
2021-06-03 14:29:30.0,100.0
2021-06-03 14:29:33.0,100.0
2021-06-03 14:29:36.0,99.03917334127078
2021-06-03 14:29:39.0,98.96688233474141
2021-06-03 14:29:42.0,98.8880868944674
2021-06-03 14:29:45.0,98.76817894625778
2021-06-03 14:29:48.0,98.68088854028588
2021-06-03 14:29:51.0,99.31450553419683
2021-06-03 14:29:54.0,99.30781883652227
2021-06-03 14:29:57.0,99.28472730258808
2021-06-03 14:30:00.0,99.24513535407145
2021-06-03 14:30:03.0,99.21259093033906
2021-06-03 14:30:06.0,99.46312605791672
2021-06-03 14:30:09.0,99.46169202533443
2021-06-03 14:30:12.0,99.44802798781855
2021-06-03 14:30:15.0,99.4286268694341
2021-06-03 14:30:18.0,99.41461945385012
2021-06-03 14:30:21.0,99.55217463874766
2021-06-03 14:30:24.0,99.55725802606138
2021-06-03 14:30:27.0,99.55251748271921
2021-06-03 14:30:30.0,99.54136874948156
2021-06-03 14:30:33.0,99.54565952082885
2021-06-03 14:30:36.0,99.63104146199444
2021-06-03 14:30:39.0,99.64204590778586
2021-06-03 14:30:42.0,99.6380525324156
2021-06-03 14:30:45.0,99.63251872245216
2021-06-03 14:30:48.0,99.6351785846397
2021-06-03 14:30:51.0,99.69232444369787
2021-06-03 14:30:54.0,99.69951890065038
2021-06-03 14:30:57.0,99.69594551393823
2021-06-03 14:31:00.0,99.69347814921741
2021-06-03 14:31:04.0,99.6904577989061
2021-06-03 14:31:07.0,99.73329019441634
2021-06-03 14:31:10.0,99.73861943182291
2021-06-03 14:31:13.0,99.73610760558222
2021-06-03 14:31:16.0,99.73577385027205
2021-06-03 14:31:19.0,99.73391549029046
2021-06-03 14:31:22.0,99.76686790005473
2021-06-03 14:31:25.0,99.77220818010905
2021-06-03 14:31:28.0,99.77358721402496
2021-06-03 14:31:31.0,99.77124981026454
2021-06-03 14:31:34.0,99.76947311901867
2021-06-03 14:31:37.0,99.7960684094007
2021-06-03 14:31:40.0,99.797788166504
2021-06-03 14:31:43.0,99.79783006265605
2021-06-03 14:31:46.0,99.79699660531867
2021-06-03 14:31:49.0,99.79565347963288
2021-06-03 14:31:52.0,99.81758417904646
2021-06-03 14:31:55.0,99.81980581833822
2021-06-03 14:31:58.0,99.81956642721059
2021-06-03 14:32:01.0,99.8190602172383
2021-06-03 14:32:04.0,99.81816077738108
2021-06-03 14:32:07.0,99.83490327394951
2021-06-03 14:32:10.0,99.83625104420013
2021-06-03 14:32:13.0,99.83608808782208
2021-06-03 14:32:16.0,99.83544843202101
2021-06-03 14:32:19.0,99.8345497678809
2021-06-03 14:32:22.0,99.85018426275602
2021-06-03 14:32:25.0,99.85186557340772
2021-06-03 14:32:28.0,99.85209567619398
2021-06-03 14:32:31.0,99.85176168802865
2021-06-03 14:32:34.0,99.85141306696971
2021-06-03 14:32:37.0,99.86301603622545
2021-06-03 14:32:40.0,99.8644878167896
2021-06-03 14:32:43.0,99.86451556605746
2021-06-03 14:32:46.0,99.86416377771553
2021-06-03 14:32:49.0,99.86411540408194
2021-06-03 14:32:52.0,99.87398202305545
2021-06-03 14:32:55.0,99.87508332692904
2021-06-03 14:32:58.0,99.87530943650125
2021-06-03 14:33:01.0,99.87509491315546
2021-06-03 14:33:04.0,99.8750565331422
2021-06-03 14:33:07.0,99.88361205654238
2021-06-03 14:33:10.0,99.88474798588338
2021-06-03 14:33:13.0,99.88470304058124
2021-06-03 14:33:16.0,99.88461989685773
2021-06-03 14:33:19.0,99.89171834147028
2021-06-03 14:33:22.0,99.89153144987671
2021-06-03 14:33:25.0,99.89231977332769
2021-06-03 14:33:28.0,99.8920954726089
2021-06-03 14:33:31.0,99.8919856729112
2021-06-03 14:33:34.0,99.89817747925134
2021-06-03 14:33:37.0,99.8980603281104
2021-06-03 14:33:40.0,99.89871178629328
2021-06-03 14:33:43.0,99.89844133239785
2021-06-03 14:33:46.0,99.89814881531336
2021-06-03 14:33:49.0,99.90360383723302
2021-06-03 14:33:52.0,99.90276764544261
2021-06-03 14:33:55.0,99.90349604829069
2021-06-03 14:33:58.0,99.90332497730513
2021-06-03 14:34:01.0,99.9031104822008
2021-06-03 14:34:04.0,99.908067134866
2021-06-03 14:34:07.0,99.90683747062293
2021-06-03 14:34:10.0,99.90732941555103
2021-06-03 14:34:13.0,99.90713150975158
2021-06-03 14:34:16.0,99.90678549490993
2021-06-03 14:34:19.0,99.9111849441064
2021-06-03 14:34:22.0,99.91078127164451
2021-06-03 14:34:25.0,99.91084076634144
2021-06-03 14:34:28.0,99.91047298651158
2021-06-03 14:34:31.0,99.91007310833616
2021-06-03 14:34:34.0,99.91407209682559
2021-06-03 14:34:37.0,99.9138372998639
2021-06-03 14:34:40.0,99.9141090592628
2021-06-03 14:34:43.0,99.91355324254668
2021-06-03 14:34:46.0,99.91337300108067
2021-06-03 14:34:49.0,99.91712093738782
2021-06-03 14:34:52.0,99.91690578562627
2021-06-03 14:34:55.0,99.91728156975891
2021-06-03 14:34:58.0,99.91660485422588
2021-06-03 14:35:01.0,99.91643672229443
2021-06-03 14:35:04.0,99.9198996491129
2021-06-03 14:35:07.0,99.91970075202119
2021-06-03 14:35:10.0,99.92002135973651
2021-06-03 14:35:13.0,99.91954943010263
2021-06-03 14:35:16.0,99.91944337859583
2021-06-03 14:35:19.0,99.92270878886367
2021-06-03 14:35:22.0,99.92245545564043
2021-06-03 14:35:25.0,99.92290788227064
2021-06-03 14:35:28.0,99.92266011323471
2021-06-03 14:35:31.0,99.92278170222905
2021-06-03 14:35:34.0,99.92584580502617
2021-06-03 14:35:37.0,99.9256177145706
2021-06-03 14:35:41.0,99.92618900312327
2021-06-03 14:35:44.0,99.92596523130865
2021-06-03 14:35:47.0,99.92621268131501
2021-06-03 14:35:50.0,99.9290338613527
2021-06-03 14:35:53.0,99.92882916790656
2021-06-03 14:35:56.0,99.92236320073673
2021-06-03 14:35:59.0,99.92214257291415
2021-06-03 14:36:02.0,99.89469464410787
2021-06-03 14:36:05.0,99.8837054620709
2021-06-03 14:36:08.0,99.88338974985741
2021-06-03 14:36:11.0,99.88443507127133
2021-06-03 14:36:14.0,99.88412740425069
2021-06-03 14:36:17.0,99.87859194865821
2021-06-03 14:36:20.0,99.88140270580958
2021-06-03 14:36:23.0,99.88109988477368
2021-06-03 14:36:26.0,99.88215208030336
2021-06-03 14:36:29.0,99.88185519197566
2021-06-03 14:36:32.0,99.88307324272235
2021-06-03 14:36:35.0,99.8855686892491
2021-06-03 14:36:38.0,99.88529138720473
2021-06-03 14:36:41.0,99.64290801501757
2021-06-03 14:36:44.0,99.60826323154
2021-06-03 14:36:47.0,99.5762574257817
2021-06-03 14:36:50.0,99.50903863855778
2021-06-03 14:36:53.0,99.47550339054327
2021-06-03 14:36:56.0,99.6064069861262
2021-06-03 14:36:59.0,99.59022372846313
2021-06-03 14:37:02.0,99.575379149613
2021-06-03 14:37:05.0,99.5635087480231
2021-06-03 14:37:08.0,99.54789508215806
2021-06-03 14:37:11.0,99.53256439263048
2021-06-03 14:37:14.0,99.51716829850167
2021-06-03 14:37:17.0,99.50320556182119
2021-06-03 14:37:20.0,99.4915094866791
2021-06-03 14:37:23.0,99.47654462395805
2021-06-03 14:37:26.0,99.3755668000806
2021-06-03 14:37:29.0,99.33623163433784
2021-06-03 14:37:32.0,99.29783031984796
2021-06-03 14:37:35.0,99.08082685544403
2021-06-03 14:37:38.0,99.0119486894833
2021-06-03 14:37:41.0,99.1556176800981
2021-06-03 14:37:44.0,99.1040810296588
2021-06-03 14:37:47.0,99.0533521052813
2021-06-03 14:37:50.0,99.13722999899026
2021-06-03 14:37:53.0,99.10346519391334
2021-06-03 14:37:56.0,99.18503652735869
2021-06-03 14:37:59.0,99.15348063827413
2021-06-03 14:38:02.0,99.12215342628924
2021-06-03 14:38:05.0,99.19373729973688
2021-06-03 14:38:08.0,99.17295385432796
2021-06-03 14:38:11.0,99.23128752912581
2021-06-03 14:38:14.0,99.21001936851434
2021-06-03 14:38:17.0,99.18875537441951
2021-06-03 14:38:20.0,99.23351865902494
2021-06-03 14:38:23.0,99.21915586250971
2021-06-03 14:38:26.0,99.2646378816943
2021-06-03 14:38:29.0,99.2489843746817
2021-06-03 14:38:32.0,99.23325251943461
2021-06-03 14:38:35.0,99.26493955426704
2021-06-03 14:38:38.0,99.25422912516244
2021-06-03 14:38:41.0,99.29227180210889
2021-06-03 14:38:44.0,99.28002666439355
2021-06-03 14:38:47.0,99.26760488455425
2021-06-03 14:38:50.0,99.29112171018106
2021-06-03 14:38:53.0,99.28236801487202
2021-06-03 14:38:56.0,99.31248317170405
2021-06-03 14:38:59.0,99.30249847143156
2021-06-03 14:39:02.0,99.29151951973631
2021-06-03 14:39:05.0,99.30951757026124
2021-06-03 14:39:08.0,99.30191435550614
2021-06-03 14:39:11.0,99.32743055121317
2021-06-03 14:39:14.0,99.31903445748908
2021-06-03 14:39:17.0,99.3093854633103
2021-06-03 14:39:20.0,99.32417417293829
2021-06-03 14:39:23.0,99.31845874641235
2021-06-03 14:39:26.0,99.3414227899367
2021-06-03 14:39:29.0,99.33420491901668
2021-06-03 14:39:32.0,99.32623876386307
2021-06-03 14:39:35.0,99.33200725892718
2021-06-03 14:39:38.0,99.33025186457732
2021-06-03 14:39:41.0,99.35362602503982
2021-06-03 14:39:44.0,99.35057217906248
2021-06-03 14:39:47.0,99.3465815321172
2021-06-03 14:39:50.0,99.34571792769205
2021-06-03 14:39:53.0,99.3453082571961
2021-06-03 14:39:57.0,99.3650621852614
2021-06-03 14:40:00.0,99.36236949218925
2021-06-03 14:40:03.0,99.35838068209291
2021-06-03 14:40:06.0,99.35778320066689
2021-06-03 14:40:09.0,99.35766195645041
2021-06-03 14:40:12.0,99.36285726835214
2021-06-03 14:40:15.0,99.36912814716882
2021-06-03 14:40:18.0,99.37020140594967
2021-06-03 14:40:21.0,99.3730459361437
2021-06-03 14:40:24.0,99.37652767862612
2021-06-03 14:40:27.0,99.37844444521124
2021-06-03 14:40:30.0,99.3792755915453
2021-06-03 14:40:33.0,99.38090050402107
2021-06-03 14:40:36.0,99.3841158981709
2021-06-03 14:40:39.0,99.38718411261763
2021-06-03 14:40:42.0,99.388952771914
2021-06-03 14:40:45.0,99.38976668728006
2021-06-03 14:40:48.0,99.39167860613978
2021-06-03 14:40:51.0,99.39440970170801
2021-06-03 14:40:54.0,99.3978239620615
2021-06-03 14:40:57.0,99.39933823112653
2021-06-03 14:41:00.0,99.40013140617877
2021-06-03 14:41:03.0,99.40166473045346
2021-06-03 14:41:06.0,99.40387879539551
2021-06-03 14:41:09.0,99.4064097496328
2021-06-03 14:41:12.0,99.40780801668227
2021-06-03 14:41:15.0,99.40858737906647
2021-06-03 14:41:18.0,99.4097547988631
2021-06-03 14:41:21.0,99.41183382199937
2021-06-03 14:41:24.0,99.41434983976745
2021-06-03 14:41:27.0,99.41536916177309
2021-06-03 14:41:30.0,99.41612898301962
2021-06-03 14:41:33.0,99.41726323661155
2021-06-03 14:41:36.0,99.41745762952957
2021-06-03 14:41:39.0,99.41951859196898
2021-06-03 14:41:42.0,99.42024734284452
2021-06-03 14:41:45.0,99.42099198488614
2021-06-03 14:41:48.0,99.4213103667112
2021-06-03 14:41:51.0,99.42171664780368
2021-06-03 14:41:54.0,99.42337018885011
2021-06-03 14:41:57.0,99.4233504568182
2021-06-03 14:42:00.0,99.42397467760551
2021-06-03 14:42:03.0,99.42401405810794
2021-06-03 14:42:06.0,99.42463369480751
2021-06-03 14:42:09.0,99.42568000709159
2021-06-03 14:42:12.0,99.42529907894779
2021-06-03 14:42:15.0,99.42591192138542
2021-06-03 14:42:18.0,99.42517572664474
2021-06-03 14:42:21.0,99.42578641662827
2021-06-03 14:42:24.0,99.42679017688766
2021-06-03 14:42:27.0,99.42590124386061
2021-06-03 14:42:30.0,99.42650286351564
2021-06-03 14:42:33.0,99.42556567103367
2021-06-03 14:42:36.0,99.42616197439183
2021-06-03 14:42:39.0,99.42675618282912
2021-06-03 14:42:42.0,99.4263668493155
2021-06-03 14:42:45.0,99.4266681889668
2021-06-03 14:42:48.0,99.42595564700336
2021-06-03 14:42:51.0,99.42595564700336
2021-06-03 14:42:54.0,99.42595564700336
2021-06-03 14:42:57.0,99.42595564700336
2021-06-03 14:43:00.0,99.42595564700336
2021-06-03 14:43:03.0,99.42595564700336
2021-06-03 14:43:06.0,99.42595564700336
2021-06-03 14:43:09.0,99.42604346710085
2021-06-03 14:43:12.0,99.42604346710085
2021-06-03 14:43:15.0,99.42604346710085
2021-06-03 14:43:18.0,99.42604346710085
2021-06-03 14:43:21.0,99.42604346710085
2021-06-03 14:43:24.0,99.42733509776936
2021-06-03 14:43:27.0,99.42733509776936
2021-06-03 14:43:30.0,99.42733509776936
2021-06-03 14:43:33.0,99.42733509776936
2021-06-03 14:43:36.0,99.42733509776936
2021-06-03 14:43:39.0,99.42862092812457
2021-06-03 14:43:42.0,99.42862092812457
2021-06-03 14:43:45.0,99.42862092812457
2021-06-03 14:43:48.0,99.42862092812457
2021-06-03 14:43:51.0,99.42862092812457
2021-06-03 14:43:54.0,99.42990099715007
2021-06-03 14:43:57.0,99.42990099715007
2021-06-03 14:44:00.0,99.42990099715007
2021-06-03 14:44:03.0,99.42990099715007
2021-06-03 14:44:06.0,99.42990099715007
2021-06-03 14:44:09.0,99.43126917311771
2021-06-03 14:44:12.0,99.43126917311771
2021-06-03 14:44:15.0,99.43126917311771
2021-06-03 14:44:18.0,99.43126917311771
2021-06-03 14:44:21.0,99.43126917311771
2021-06-03 14:44:24.0,99.43416039010792
2021-06-03 14:44:27.0,99.43416039010792
2021-06-03 14:44:30.0,99.43416039010792
2021-06-03 14:44:33.0,99.43416039010792
2021-06-03 14:44:36.0,99.43416039010792
2021-06-03 14:44:39.0,99.438662785061
2021-06-03 14:44:42.0,99.438662785061
2021-06-03 14:44:46.0,99.438662785061
2021-06-03 14:44:49.0,99.438662785061
2021-06-03 14:44:52.0,99.438662785061
2021-06-03 14:44:55.0,99.44387731270345
2021-06-03 14:44:58.0,99.44387731270345
2021-06-03 14:45:01.0,99.44387731270345
2021-06-03 14:45:04.0,99.44387731270345
2021-06-03 14:45:07.0,99.44387731270345
2021-06-03 14:45:10.0,99.4479482980256
2021-06-03 14:45:13.0,99.4479482980256
2021-06-03 14:45:16.0,99.4479482980256
2021-06-03 14:45:19.0,99.4479482980256
2021-06-03 14:45:22.0,99.4479482980256
2021-06-03 14:45:25.0,99.45175047523529
2021-06-03 14:45:28.0,99.45354260698723
2021-06-03 14:45:31.0,99.45397047887474
2021-06-03 14:45:34.0,99.45601028596283
2021-06-03 14:45:37.0,99.45672781373761
2021-06-03 14:45:40.0,99.46032704761669
2021-06-03 14:45:43.0,99.46068445359722
2021-06-03 14:45:46.0,99.46165497753266
2021-06-03 14:45:49.0,99.46375201965432
2021-06-03 14:45:52.0,99.4648187277945
2021-06-03 14:45:55.0,99.46744507099294
2021-06-03 14:45:58.0,99.46820953569595
2021-06-03 14:46:01.0,99.46929178100771
2021-06-03 14:46:04.0,99.47123694818258
2021-06-03 14:46:07.0,99.47236419085824
2021-06-03 14:46:10.0,99.4752455359645
2021-06-03 14:46:13.0,99.47634691820927
2021-06-03 14:46:16.0,99.47749688433481
2021-06-03 14:46:19.0,99.47957683514565
2021-06-03 14:46:22.0,99.48075638185107
2021-06-03 14:46:25.0,99.48392537074041
2021-06-03 14:46:28.0,99.48559633639788
2021-06-03 14:46:31.0,99.48680162502946
2021-06-03 14:46:34.0,99.48925185926447
2021-06-03 14:46:37.0,99.49048830588686
2021-06-03 14:46:40.0,99.49428306163249
2021-06-03 14:46:43.0,99.49552000047352
2021-06-03 14:46:46.0,99.4967766804631
2021-06-03 14:46:49.0,99.49952483112247
2021-06-03 14:46:52.0,99.50081165672349
2021-06-03 14:46:55.0,99.50432308387411
2021-06-03 14:46:58.0,99.5057908159021
2021-06-03 14:47:01.0,99.50764035248707
2021-06-03 14:47:04.0,99.50989670480747
2021-06-03 14:47:07.0,99.51121381728287
2021-06-03 14:47:10.0,99.5141905901817
2021-06-03 14:47:13.0,99.51575187727444
2021-06-03 14:47:16.0,99.51734701868948
2021-06-03 14:47:19.0,99.51924958756318
2021-06-03 14:47:22.0,99.5205588882704
2021-06-03 14:47:25.0,99.52371276446334
2021-06-03 14:47:28.0,99.52520207121495
2021-06-03 14:47:31.0,99.52678816944601
2021-06-03 14:47:34.0,99.52842835423775
2021-06-03 14:47:37.0,99.52972534412115
2021-06-03 14:47:40.0,99.53286946131429
2021-06-03 14:47:43.0,99.53432734173991
2021-06-03 14:47:46.0,99.53586991585598
2021-06-03 14:47:49.0,99.53745191426657
2021-06-03 14:47:52.0,99.53887505657565
2021-06-03 14:47:55.0,99.54160658556361
2021-06-03 14:47:58.0,99.54285849721887
2021-06-03 14:48:01.0,99.54452825964472
2021-06-03 14:48:04.0,99.54643321052905
2021-06-03 14:48:07.0,99.54775980671832
2021-06-03 14:48:10.0,99.5502961807859
2021-06-03 14:48:13.0,99.55157864311617
2021-06-03 14:48:16.0,99.55301786093236
2021-06-03 14:48:19.0,99.55434447902243
2021-06-03 14:48:22.0,99.55578327726734
2021-06-03 14:48:25.0,99.55816616396484
2021-06-03 14:48:28.0,99.55953732887505
2021-06-03 14:48:31.0,99.56101645833108
2021-06-03 14:48:34.0,99.56238745787269
2021-06-03 14:48:37.0,99.56375380012727
2021-06-03 14:48:40.0,99.5660807547336
2021-06-03 14:48:43.0,99.56754802229524
2021-06-03 14:48:46.0,99.56885398240574
2021-06-03 14:48:49.0,99.57036274259221
2021-06-03 14:48:52.0,99.57179503201576
2021-06-03 14:48:55.0,99.57439999958815
2021-06-03 14:48:58.0,99.57558770773545
2021-06-03 14:49:02.0,99.57676826770447
2021-06-03 14:49:05.0,99.57817540239013
2021-06-03 14:49:08.0,99.57942847049377
2021-06-03 14:49:11.0,99.58147671277555
2021-06-03 14:49:14.0,99.5826482986594
2021-06-03 14:49:17.0,99.583973091128
2021-06-03 14:49:20.0,99.58509242623215
2021-06-03 14:49:23.0,99.58607645256166
2021-06-03 14:49:26.0,99.58782454870561
2021-06-03 14:49:29.0,99.58896855510041
2021-06-03 14:49:32.0,99.58952581180924
2021-06-03 14:49:35.0,99.59049394602309
2021-06-03 14:49:38.0,99.59154965933455
2021-06-03 14:49:41.0,99.59324333977165
2021-06-03 14:49:44.0,99.59430328509436
2021-06-03 14:49:47.0,99.59446652610677
2021-06-03 14:49:50.0,99.59549991024642
2021-06-03 14:49:53.0,99.5963400181166
2021-06-03 14:49:56.0,99.59781650687904
2021-06-03 14:49:59.0,99.5987114796501
2021-06-03 14:50:02.0,99.59963263843522
2021-06-03 14:50:05.0,99.60009413459888
2021-06-03 14:50:08.0,99.60089668106
2021-06-03 14:50:11.0,99.60218709976954
2021-06-03 14:50:14.0,99.60295941527201
2021-06-03 14:50:17.0,99.60349771219764
2021-06-03 14:50:20.0,99.6045277916525
2021-06-03 14:50:23.0,99.6048164561547
2021-06-03 14:50:26.0,99.60622089095753
2021-06-03 14:50:29.0,99.60731659906075
2021-06-03 14:50:32.0,99.60748789095153
2021-06-03 14:50:35.0,99.60866648922583
2021-06-03 14:50:38.0,99.60878849552937
2021-06-03 14:50:41.0,99.61029392372495
2021-06-03 14:50:44.0,99.61149801610351
2021-06-03 14:50:47.0,99.61229365313159
2021-06-03 14:50:50.0,99.61293242864627
2021-06-03 14:50:53.0,99.61360407383019
2021-06-03 14:50:56.0,99.61487625977568
2021-06-03 14:50:59.0,99.6157313249911
2021-06-03 14:51:02.0,99.6161520125328
2021-06-03 14:51:05.0,99.61717277084617
2021-06-03 14:51:08.0,99.61759441242523
2021-06-03 14:51:11.0,99.61969201159803
2021-06-03 14:51:14.0,99.62079551393958
2021-06-03 14:51:17.0,99.62121858030841
2021-06-03 14:51:20.0,99.6222963984289
2021-06-03 14:51:23.0,99.62272210717231
2021-06-03 14:51:26.0,99.62499375377458
2021-06-03 14:51:29.0,99.62607492258752
2021-06-03 14:51:32.0,99.6265021664522
2021-06-03 14:51:35.0,99.62731994640578
2021-06-03 14:51:38.0,99.62774902187805
2021-06-03 14:51:41.0,99.6006231995911
2021-06-03 14:51:44.0,99.60164652326944
2021-06-03 14:51:47.0,99.60210727592333
2021-06-03 14:51:50.0,99.52534917918695
2021-06-03 14:51:53.0,99.52530560411118
2021-06-03 14:51:56.0,99.42997048005017
2021-06-03 14:51:59.0,99.43062668813151
2021-06-03 14:52:02.0,99.43069955170584
2021-06-03 14:52:05.0,99.43434160633491
2021-06-03 14:52:08.0,99.40978906776907
2021-06-03 14:52:11.0,99.41048365986201
2021-06-03 14:52:14.0,99.27779759473104
2021-06-03 14:52:17.0,99.27713428061455
2021-06-03 14:52:20.0,99.27992654233002
2021-06-03 14:52:23.0,99.26719386936297
2021-06-03 14:52:26.0,99.26717034380057
2021-06-03 14:52:29.0,99.20371062760627
2021-06-03 14:52:32.0,99.20274026159353
2021-06-03 14:52:35.0,99.11149915071582
2021-06-03 14:52:38.0,99.1125867898518
2021-06-03 14:52:41.0,99.11186476254124
2021-06-03 14:52:44.0,99.08060517544567
2021-06-03 14:52:47.0,99.07897552464873
2021-06-03 14:52:50.0,99.03737295431338
2021-06-03 14:52:53.0,99.03788433446499
2021-06-03 14:52:56.0,99.03623567804446
2021-06-03 14:52:59.0,98.80796535405706
2021-06-03 14:53:02.0,98.80496019707941
2021-06-03 14:53:05.0,98.80978212418185
2021-06-03 14:53:08.0,98.81014443417374
2021-06-03 14:53:11.0,98.80787507642866
2021-06-03 14:53:14.0,98.67258742857325
2021-06-03 14:53:17.0,98.66899879189911
2021-06-03 14:53:20.0,98.64987179382749
2021-06-03 14:53:23.0,98.64951618154987
2021-06-03 14:53:26.0,98.65480272085172
2021-06-03 14:53:29.0,98.65121965794027
2021-06-03 14:53:32.0,98.64764977975213
2021-06-03 14:53:35.0,98.61784426786589
2021-06-03 14:53:38.0,98.6180110553182
2021-06-03 14:53:41.0,98.49455106478693
2021-06-03 14:53:44.0,98.49034737289071
2021-06-03 14:53:47.0,98.48614656526115
2021-06-03 14:53:50.0,98.49034774514001
2021-06-03 14:53:53.0,98.48924692947169
2021-06-03 14:53:56.0,98.380312819095
2021-06-03 14:53:59.0,98.37572146998458
2021-06-03 14:54:03.0,98.37113632128951
2021-06-03 14:54:06.0,98.37574375295898
2021-06-03 14:54:09.0,98.36914461078656
2021-06-03 14:54:12.0,98.36339923405107
2021-06-03 14:54:15.0,98.35891179213898
2021-06-03 14:54:18.0,98.35444971634847
2021-06-03 14:54:21.0,98.35811706224555
2021-06-03 14:54:24.0,98.35865577660648
2021-06-03 14:54:27.0,98.38117246847638
2021-06-03 14:54:30.0,98.37691628663167
2021-06-03 14:54:33.0,98.3726757074615
2021-06-03 14:54:36.0,98.37732441147864
2021-06-03 14:54:39.0,98.37700873237878
2021-06-03 14:54:42.0,98.39823073256815
2021-06-03 14:54:45.0,98.39417648824255
2021-06-03 14:54:48.0,98.39013174741012
2021-06-03 14:54:51.0,98.39320107294621
2021-06-03 14:54:54.0,98.3924847435919
2021-06-03 14:54:57.0,98.41259881768572
2021-06-03 14:55:00.0,98.40872885264042
2021-06-03 14:55:03.0,98.40487560065235
2021-06-03 14:55:06.0,98.40790963933732
2021-06-03 14:55:09.0,98.40755478772414
2021-06-03 14:55:12.0,98.4262190477441
2021-06-03 14:55:15.0,98.42251858939348
2021-06-03 14:55:18.0,98.41882301869178
2021-06-03 14:55:21.0,98.42148454187358
2021-06-03 14:55:24.0,98.42120771134985
2021-06-03 14:55:27.0,98.44042636071897
2021-06-03 14:55:30.0,98.43688330966226
2021-06-03 14:55:33.0,98.43334256314253
2021-06-03 14:55:36.0,98.433799487338
2021-06-03 14:55:39.0,98.43473639299475
2021-06-03 14:55:42.0,98.4541127979854
2021-06-03 14:55:45.0,98.45070529686836
2021-06-03 14:55:48.0,98.4473180011989
2021-06-03 14:55:51.0,98.4469370903443
2021-06-03 14:55:54.0,98.44821194395095
2021-06-03 14:55:57.0,98.46719223567736
2021-06-03 14:56:00.0,98.46393002230232
2021-06-03 14:56:03.0,98.46067410914935
2021-06-03 14:56:06.0,98.45946214138903
2021-06-03 14:56:09.0,98.46099518055995
2021-06-03 14:56:12.0,98.4798011515119
2021-06-03 14:56:15.0,98.47723355912593
2021-06-03 14:56:18.0,98.4746716573651
2021-06-03 14:56:21.0,98.47211202450447
2021-06-03 14:56:24.0,98.47383730583668
2021-06-03 14:56:27.0,98.49189592568945
2021-06-03 14:56:30.0,98.48942517014781
2021-06-03 14:56:33.0,98.48696234913533
2021-06-03 14:56:36.0,98.484504166155
2021-06-03 14:56:39.0,98.48960042477549
2021-06-03 14:56:42.0,98.502954353418
2021-06-03 14:56:45.0,98.50057363216945
2021-06-03 14:56:48.0,98.49820133410859
2021-06-03 14:56:51.0,98.49583114028714
2021-06-03 14:56:54.0,98.49956415440245
2021-06-03 14:56:57.0,98.5127089581757
2021-06-03 14:57:00.0,98.51042044310793
2021-06-03 14:57:03.0,98.50813849652144
2021-06-03 14:57:06.0,98.50585173179925
2021-06-03 14:57:09.0,98.50767090966237
2021-06-03 14:57:12.0,98.52008119222566
2021-06-03 14:57:15.0,98.51786266692658
2021-06-03 14:57:18.0,98.51565488969396
2021-06-03 14:57:21.0,98.51345121966649
2021-06-03 14:57:24.0,98.51502385022603
2021-06-03 14:57:27.0,98.52457032513142
2021-06-03 14:57:30.0,98.5224048366551
2021-06-03 14:57:33.0,98.5202404405242
2021-06-03 14:57:36.0,98.51808000607856
2021-06-03 14:57:39.0,98.5187614741096
2021-06-03 14:57:42.0,98.52801684673692
2021-06-03 14:57:45.0,98.52589428743005
2021-06-03 14:57:48.0,98.52378186970255
2021-06-03 14:57:51.0,98.5216676276632
2021-06-03 14:57:54.0,98.52156694366516
2021-06-03 14:57:57.0,98.5190074050849
2021-06-03 14:58:00.0,98.52530737949043
2021-06-03 14:58:03.0,98.52530737949043
2021-06-03 14:58:06.0,98.52530737949043
2021-06-03 14:58:09.0,98.52557791772315
2021-06-03 14:58:12.0,98.52557791772315
2021-06-03 14:58:15.0,98.52557791772315
2021-06-03 14:58:18.0,98.52557791772315
2021-06-03 14:58:21.0,98.52557791772315
2021-06-03 14:58:24.0,98.52557791772315
2021-06-03 14:58:27.0,98.52557791772315
2021-06-03 14:58:30.0,98.52557791772315
2021-06-03 14:58:33.0,98.52557791772315
2021-06-03 14:58:36.0,98.52557791772315
2021-06-03 14:58:39.0,98.52557791772315
2021-06-03 14:58:42.0,98.52557791772315
2021-06-03 14:58:45.0,98.52557791772315
2021-06-03 14:58:49.0,98.52557791772315
2021-06-03 14:58:52.0,98.52557791772315
2021-06-03 14:58:55.0,98.52627462234588
2021-06-03 14:58:58.0,98.52627462234588
2021-06-03 14:59:01.0,98.52627462234588
2021-06-03 14:59:04.0,98.52627462234588
2021-06-03 14:59:07.0,98.52627462234588
2021-06-03 14:59:10.0,98.52793812476315
2021-06-03 14:59:13.0,98.52793812476315
2021-06-03 14:59:16.0,98.52793812476315
2021-06-03 14:59:19.0,98.52793812476315
2021-06-03 14:59:22.0,98.52793812476315
2021-06-03 14:59:25.0,98.52970158958969
2021-06-03 14:59:28.0,98.52970158958969
2021-06-03 14:59:31.0,98.52970158958969
2021-06-03 14:59:34.0,98.52970158958969
2021-06-03 14:59:37.0,98.52970158958969
2021-06-03 14:59:40.0,98.53143202823085
2021-06-03 14:59:43.0,98.53143202823085
2021-06-03 14:59:46.0,98.53143202823085
2021-06-03 14:59:49.0,98.53143202823085
2021-06-03 14:59:52.0,98.53143202823085
2021-06-03 14:59:55.0,98.53367551831647
2021-06-03 14:59:58.0,98.53367551831647
2021-06-03 15:00:01.0,98.53367551831647
2021-06-03 15:00:04.0,98.53367551831647
2021-06-03 15:00:07.0,98.53367551831647
2021-06-03 15:00:10.0,98.53786850174416
2021-06-03 15:00:13.0,98.53786850174416
2021-06-03 15:00:16.0,98.53786850174416
2021-06-03 15:00:19.0,98.53786850174416
2021-06-03 15:00:22.0,98.53786850174416
2021-06-03 15:00:25.0,98.54366938164833
2021-06-03 15:00:28.0,98.54366938164833
2021-06-03 15:00:31.0,98.54366938164833
2021-06-03 15:00:34.0,98.54366938164833
2021-06-03 15:00:37.0,98.54366938164833
2021-06-03 15:00:40.0,98.55001426324635
2021-06-03 15:00:43.0,98.55001426324635
2021-06-03 15:00:46.0,98.55001426324635
2021-06-03 15:00:49.0,98.55001426324635
2021-06-03 15:00:52.0,98.55001426324635
2021-06-03 15:00:55.0,98.55393436252173
2021-06-03 15:00:58.0,98.55393436252173
2021-06-03 15:01:01.0,98.55393436252173
2021-06-03 15:01:04.0,98.55393436252173
2021-06-03 15:01:07.0,98.55393436252173
2021-06-03 15:01:10.0,98.55787150215227
2021-06-03 15:01:13.0,98.55787150215227
2021-06-03 15:01:16.0,98.55787150215227
2021-06-03 15:01:19.0,98.55787150215227
2021-06-03 15:01:22.0,98.5383694309094
2021-06-03 15:01:25.0,98.53606645974303
2021-06-03 15:01:28.0,98.53220175761959
2021-06-03 15:01:31.0,98.52833496895806
2021-06-03 15:01:34.0,98.53074567287989
2021-06-03 15:01:37.0,98.54964392134738
2021-06-03 15:01:40.0,98.55106269973223
2021-06-03 15:01:43.0,98.55027345430453
2021-06-03 15:01:46.0,98.54948640452376
2021-06-03 15:01:49.0,98.54906190788031
2021-06-03 15:01:52.0,98.55915489808528
2021-06-03 15:01:55.0,98.562141878449
2021-06-03 15:01:58.0,98.5621030206268
2021-06-03 15:02:01.0,98.56206436388312
2021-06-03 15:02:04.0,98.56240702796502
2021-06-03 15:02:07.0,98.56996496885711
2021-06-03 15:02:10.0,98.57274689472136
2021-06-03 15:02:13.0,98.57310010182633
2021-06-03 15:02:16.0,98.5718482994019
2021-06-03 15:02:19.0,98.57161326927823
2021-06-03 15:02:22.0,98.53067372556944
2021-06-03 15:02:25.0,98.53144886939862
2021-06-03 15:02:28.0,98.53009168364964
2021-06-03 15:02:31.0,98.52895929779784
2021-06-03 15:02:34.0,98.52750390740695
2021-06-03 15:02:37.0,98.48232223322137
2021-06-03 15:02:40.0,98.4819088969221
2021-06-03 15:02:43.0,98.47916357201788
2021-06-03 15:02:46.0,98.47655887663299
2021-06-03 15:02:49.0,98.43620768386783
2021-06-03 15:02:52.0,98.43658290891074
2021-06-03 15:02:55.0,98.43519970386113
2021-06-03 15:02:58.0,98.3907829227878
2021-06-03 15:03:01.0,98.37912821871721
2021-06-03 15:03:04.0,98.37167205508567
2021-06-03 15:03:07.0,98.38003981465287
2021-06-03 15:03:10.0,98.37082004837423
2021-06-03 15:03:13.0,98.36545883282746
2021-06-03 15:03:16.0,98.3553834556127
2021-06-03 15:03:20.0,98.34810523054853
2021-06-03 15:03:23.0,98.35510355152111
2021-06-03 15:03:26.0,98.34733091411096
2021-06-03 15:03:29.0,98.37634480544466
2021-06-03 15:03:32.0,98.36900876665902
2021-06-03 15:03:35.0,98.36869309999827
2021-06-03 15:03:38.0,98.37549390292935
2021-06-03 15:03:41.0,98.37095023926582
2021-06-03 15:03:44.0,98.39036791002195
2021-06-03 15:03:47.0,98.3854048282645
2021-06-03 15:03:50.0,98.38589795887196
2021-06-03 15:03:53.0,98.39494336632379
2021-06-03 15:03:56.0,98.39192601239783
2021-06-03 15:03:59.0,98.40569276532494
2021-06-03 15:04:02.0,98.40124211623036
2021-06-03 15:04:05.0,98.40188904703744
2021-06-03 15:04:08.0,98.3952219774385
2021-06-03 15:04:11.0,98.39060430625798
2021-06-03 15:04:14.0,98.39914487776169
2021-06-03 15:04:17.0,98.39304300702591
2021-06-03 15:04:20.0,98.39161183111554
2021-06-03 15:04:23.0,98.41253396060817
2021-06-03 15:04:26.0,98.41024300069957
2021-06-03 15:04:29.0,98.41823823982679
2021-06-03 15:04:32.0,98.41425340822623
2021-06-03 15:04:35.0,98.41448879301748
2021-06-03 15:04:38.0,98.40919044321683
2021-06-03 15:04:41.0,98.40782492425464
2021-06-03 15:04:44.0,98.4148479499959
2021-06-03 15:04:47.0,98.41161065504619
2021-06-03 15:04:50.0,98.41192874124685
2021-06-03 15:04:53.0,98.4240969022568
2021-06-03 15:04:56.0,98.42383582294812
2021-06-03 15:04:59.0,98.43048890480156
2021-06-03 15:05:02.0,98.42794852619119
2021-06-03 15:05:05.0,98.42814411833255
2021-06-03 15:05:08.0,98.43859812121369
2021-06-03 15:05:11.0,98.43794174918679
2021-06-03 15:05:14.0,98.44390026103642
2021-06-03 15:05:17.0,98.44173249449038
2021-06-03 15:05:20.0,98.4420569921096
2021-06-03 15:05:23.0,98.4513525468866
2021-06-03 15:05:26.0,98.45071201559087
2021-06-03 15:05:29.0,98.45565339749692
2021-06-03 15:05:32.0,98.45351845584024
2021-06-03 15:05:35.0,98.45392333908777
2021-06-03 15:05:38.0,98.46351061516305
2021-06-03 15:05:41.0,98.46204987889107
2021-06-03 15:05:44.0,98.46708611727705
2021-06-03 15:05:47.0,98.46543310103667
2021-06-03 15:05:50.0,98.46639453935371
2021-06-03 15:05:53.0,98.47414984016484
2021-06-03 15:05:56.0,98.47290261612193
2021-06-03 15:05:59.0,98.4773693902822
2021-06-03 15:06:02.0,98.47595439889284
2021-06-03 15:06:05.0,98.47671184774981
2021-06-03 15:06:08.0,98.48429876297585
2021-06-03 15:06:11.0,98.48333275994999
2021-06-03 15:06:14.0,98.48743968771991
2021-06-03 15:06:17.0,98.48602056669301
2021-06-03 15:06:20.0,98.48695992573256
2021-06-03 15:06:23.0,98.49455368044195
2021-06-03 15:06:26.0,98.49369812182647
2021-06-03 15:06:29.0,98.49684383016128
2021-06-03 15:06:32.0,98.49640100407005
2021-06-03 15:06:35.0,98.4969919694422
2021-06-03 15:06:38.0,98.50477474954118
2021-06-03 15:06:41.0,98.50402750969852
2021-06-03 15:06:44.0,98.50643604490494
2021-06-03 15:06:47.0,98.50667098366787
2021-06-03 15:06:50.0,98.50698177057899
2021-06-03 15:06:53.0,98.5159516077184
2021-06-03 15:06:56.0,98.51426966971606
2021-06-03 15:06:59.0,98.51336096273423
2021-06-03 15:07:02.0,98.51564434935096
2021-06-03 15:07:05.0,98.50047573368167
2021-06-03 15:07:08.0,98.50884468953875
2021-06-03 15:07:11.0,98.50829542704415
2021-06-03 15:07:14.0,98.507710765069
2021-06-03 15:07:17.0,98.3821729305246
2021-06-03 15:07:20.0,98.38235560840583
2021-06-03 15:07:24.0,98.38953538717502
2021-06-03 15:07:27.0,98.38806743068223
2021-06-03 15:07:30.0,98.38659664055275
2021-06-03 15:07:33.0,98.35435469423255
2021-06-03 15:07:36.0,98.24330116056026
2021-06-03 15:07:39.0,98.24822913397423
2021-06-03 15:07:42.0,98.24578954114294
2021-06-03 15:07:45.0,98.24335902270974
2021-06-03 15:07:48.0,98.09876551305909
2021-06-03 15:07:51.0,98.10205854326554
2021-06-03 15:07:54.0,98.10652951503367
2021-06-03 15:07:57.0,98.10320710701139
2021-06-03 15:08:00.0,98.09988275458046
2021-06-03 15:08:03.0,97.9549051830171
2021-06-03 15:08:06.0,97.95672743630541
2021-06-03 15:08:09.0,97.96022995364504
2021-06-03 15:08:12.0,97.95614610388064
2021-06-03 15:08:15.0,97.95205610757682
2021-06-03 15:08:18.0,97.87519380946043
2021-06-03 15:08:21.0,97.87201030265277
2021-06-03 15:08:24.0,97.86512775101983
2021-06-03 15:08:27.0,97.85632270517283
2021-06-03 15:08:30.0,97.84752624579163
2021-06-03 15:08:33.0,97.77016144399654
2021-06-03 15:08:36.0,97.75963055961076
2021-06-03 15:08:39.0,97.72858814198226
2021-06-03 15:08:42.0,97.71799606543186
2021-06-03 15:08:45.0,97.7079939274778
2021-06-03 15:08:48.0,97.72261421377897
2021-06-03 15:08:51.0,97.71223187512416
2021-06-03 15:08:54.0,97.61798057175768
2021-06-03 15:08:57.0,97.60719426551708
2021-06-03 15:09:00.0,97.62912454066635
2021-06-03 15:09:03.0,97.64374675511101
2021-06-03 15:09:06.0,97.63441883365648
2021-06-03 15:09:09.0,97.5862396533859
2021-06-03 15:09:12.0,97.5767261759442
2021-06-03 15:09:15.0,97.59282238080651
2021-06-03 15:09:18.0,97.49521060795003
2021-06-03 15:09:21.0,97.47651330320782
2021-06-03 15:09:24.0,97.46979773937751
2021-06-03 15:09:27.0,97.45124896172936
2021-06-03 15:09:30.0,97.45362897651516
2021-06-03 15:09:33.0,97.38813031083285
2021-06-03 15:09:36.0,97.36610261064507
2021-06-03 15:09:39.0,97.35318311012958
2021-06-03 15:09:42.0,97.3313136840017
2021-06-03 15:09:45.0,97.32735891700955
2021-06-03 15:09:48.0,97.33931938267374
2021-06-03 15:09:51.0,97.31866215356298
2021-06-03 15:09:54.0,97.30983459872287
2021-06-03 15:09:57.0,97.28933064789894
2021-06-03 15:10:00.0,97.28462602729718
2021-06-03 15:10:03.0,97.33952864938722
2021-06-03 15:10:06.0,97.32171759092296
2021-06-03 15:10:09.0,97.31530963699457
2021-06-03 15:10:12.0,97.29759144742806
2021-06-03 15:10:15.0,97.29446778971965
2021-06-03 15:10:18.0,97.35965058266449
2021-06-03 15:10:21.0,97.34434234083679
2021-06-03 15:10:24.0,97.34002831733318
2021-06-03 15:10:27.0,97.3248882044061
2021-06-03 15:10:30.0,97.32185720932708
2021-06-03 15:10:33.0,97.37756062288136
2021-06-03 15:10:36.0,97.3641661162547
2021-06-03 15:10:39.0,97.36053363282326
2021-06-03 15:10:42.0,97.34720520323246
2021-06-03 15:10:45.0,97.3450716206328
2021-06-03 15:10:48.0,97.39390549231273
2021-06-03 15:10:51.0,97.38193659595518
2021-06-03 15:10:54.0,97.3791281691472
2021-06-03 15:10:57.0,97.36726845130734
2021-06-03 15:11:00.0,97.36550868705339
2021-06-03 15:11:03.0,97.40892981774425
2021-06-03 15:11:06.0,97.3981311592459
2021-06-03 15:11:09.0,97.39750099010367
2021-06-03 15:11:12.0,97.3867658250663
2021-06-03 15:11:15.0,97.38655941399962
2021-06-03 15:11:18.0,97.42428120002839
2021-06-03 15:11:21.0,97.41439860062343
2021-06-03 15:11:24.0,97.41520944462323
2021-06-03 15:11:27.0,97.40541996888497
2021-06-03 15:11:31.0,97.40455059307361
2021-06-03 15:11:34.0,97.43107702308778
2021-06-03 15:11:37.0,97.42693268068375
2021-06-03 15:11:40.0,97.43305221613934
2021-06-03 15:11:43.0,97.42895711413738
2021-06-03 15:11:46.0,97.43368092754025
2021-06-03 15:11:49.0,97.44643633343905
2021-06-03 15:11:52.0,97.44253468456672
2021-06-03 15:11:55.0,97.44849647586186
2021-06-03 15:11:58.0,97.44462604765994
2021-06-03 15:12:01.0,97.44837069365964
2021-06-03 15:12:04.0,97.46074782876767
2021-06-03 15:12:07.0,97.45705442369807
2021-06-03 15:12:10.0,97.46336432434926
2021-06-03 15:12:13.0,97.45969438669565
2021-06-03 15:12:16.0,97.46300692824006
2021-06-03 15:12:19.0,97.475133577147
2021-06-03 15:12:22.0,97.47162422204342
2021-06-03 15:12:25.0,97.47752571257884
2021-06-03 15:12:28.0,97.47405434123937
2021-06-03 15:12:31.0,97.47692018976174
2021-06-03 15:12:34.0,97.48829611392303
2021-06-03 15:12:37.0,97.48495490795864
2021-06-03 15:12:40.0,97.49045002567402
2021-06-03 15:12:43.0,97.48714475956196
2021-06-03 15:12:46.0,97.48817170756709
2021-06-03 15:12:49.0,97.4988388495868
2021-06-03 15:12:52.0,97.49562800639208
2021-06-03 15:12:55.0,97.50039963074168
2021-06-03 15:12:58.0,97.49721967727987
2021-06-03 15:13:01.0,97.49751860674061
2021-06-03 15:13:04.0,97.5065820438466
2021-06-03 15:13:07.0,97.50348356581999
2021-06-03 15:13:10.0,97.50655486670865
2021-06-03 15:13:13.0,97.50348694839512
2021-06-03 15:13:16.0,97.50042393957096
2021-06-03 15:13:19.0,97.51030805306726
2021-06-03 15:13:22.0,97.51162340379449
2021-06-03 15:13:25.0,97.51210337639053
2021-06-03 15:13:28.0,97.50976231306888
2021-06-03 15:13:31.0,97.50741632769333
2021-06-03 15:13:34.0,97.51356185214843
2021-06-03 15:13:37.0,97.51447933740488
2021-06-03 15:13:40.0,97.51382281802975
2021-06-03 15:13:43.0,97.51152510543176
2021-06-03 15:13:46.0,97.50923242967372
2021-06-03 15:13:49.0,97.51154788351865
2021-06-03 15:13:52.0,97.51185371364626
2021-06-03 15:13:55.0,97.5135993516026
2021-06-03 15:13:58.0,97.5135993516026
2021-06-03 15:14:01.0,97.5135993516026
2021-06-03 15:14:04.0,97.5135993516026
2021-06-03 15:14:07.0,97.5135993516026
2021-06-03 15:14:10.0,97.51354756846379
2021-06-03 15:14:13.0,97.51354756846379
2021-06-03 15:14:16.0,97.51354756846379
2021-06-03 15:14:19.0,97.51354756846379
2021-06-03 15:14:22.0,97.51354756846379
2021-06-03 15:14:25.0,97.51354756846379
2021-06-03 15:14:28.0,97.51354756846379
2021-06-03 15:14:31.0,97.51354756846379
2021-06-03 15:14:34.0,97.51354756846379
2021-06-03 15:14:37.0,97.51354756846379
2021-06-03 15:14:40.0,97.51354756846379
2021-06-03 15:14:43.0,97.51354756846379
2021-06-03 15:14:46.0,97.51354756846379
2021-06-03 15:14:49.0,97.51354756846379
2021-06-03 15:14:52.0,97.51354756846379
2021-06-03 15:14:55.0,97.51379167356713
2021-06-03 15:14:58.0,97.51379167356713
2021-06-03 15:15:01.0,97.51379167356713
2021-06-03 15:15:04.0,97.51379167356713
2021-06-03 15:15:07.0,97.51379167356713
2021-06-03 15:15:10.0,97.51579742338582
2021-06-03 15:15:13.0,97.51579742338582
2021-06-03 15:15:16.0,97.51579742338582
2021-06-03 15:15:19.0,97.51579742338582
2021-06-03 15:15:22.0,97.51579742338582
2021-06-03 15:15:25.0,97.51777994908464
2021-06-03 15:15:28.0,97.51777994908464
2021-06-03 15:15:31.0,97.51777994908464
2021-06-03 15:15:34.0,97.51777994908464
2021-06-03 15:15:37.0,97.51777994908464
2021-06-03 15:15:40.0,97.51996748346114
2021-06-03 15:15:43.0,97.51996748346114
2021-06-03 15:15:47.0,97.51996748346114
2021-06-03 15:15:50.0,97.51996748346114
2021-06-03 15:15:53.0,97.51996748346114
2021-06-03 15:15:56.0,97.52232430897116
2021-06-03 15:15:59.0,97.52232430897116
2021-06-03 15:16:02.0,97.52232430897116
2021-06-03 15:16:05.0,97.52232430897116
2021-06-03 15:16:08.0,97.52232430897116
2021-06-03 15:16:11.0,97.52656209012571
2021-06-03 15:16:14.0,97.52656209012571
2021-06-03 15:16:17.0,97.52656209012571
2021-06-03 15:16:20.0,97.52656209012571
2021-06-03 15:16:23.0,97.52656209012571
2021-06-03 15:16:26.0,97.53310061907176
2021-06-03 15:16:29.0,97.53310061907176
2021-06-03 15:16:32.0,97.53310061907176
2021-06-03 15:16:35.0,97.53310061907176
2021-06-03 15:16:38.0,97.53310061907176
2021-06-03 15:16:41.0,97.5405943779197
2021-06-03 15:16:44.0,97.5405943779197
2021-06-03 15:16:47.0,97.5405943779197
2021-06-03 15:16:50.0,97.5405943779197
2021-06-03 15:16:53.0,97.5405943779197
2021-06-03 15:16:56.0,97.54678751533758
2021-06-03 15:16:59.0,97.54678751533758
2021-06-03 15:17:02.0,97.54678751533758
2021-06-03 15:17:05.0,97.54678751533758
2021-06-03 15:17:08.0,97.54678751533758
2021-06-03 15:17:11.0,97.55192179024415
2021-06-03 15:17:14.0,97.55192179024415
2021-06-03 15:17:17.0,97.55192179024415
2021-06-03 15:17:20.0,97.55192179024415
2021-06-03 15:17:23.0,97.55192179024415
2021-06-03 15:17:26.0,97.55664430165645
2021-06-03 15:17:29.0,97.55664430165645
2021-06-03 15:17:32.0,97.55664430165645
2021-06-03 15:17:35.0,97.55664430165645
2021-06-03 15:17:38.0,97.55664430165645
2021-06-03 15:17:41.0,97.56254588227318
2021-06-03 15:17:44.0,97.56272614754988
2021-06-03 15:17:47.0,97.56290704611096
2021-06-03 15:17:50.0,97.56308827773779
2021-06-03 15:17:53.0,97.56326864273099
2021-06-03 15:17:56.0,97.5088815787208
2021-06-03 15:17:59.0,97.50381707423553
2021-06-03 15:18:02.0,97.49875085093318
2021-06-03 15:18:05.0,97.49367954556294
2021-06-03 15:18:08.0,97.48860989317448
2021-06-03 15:18:11.0,97.42991085268332
2021-06-03 15:18:14.0,97.42129220333901
2021-06-03 15:18:17.0,97.41266833020548
2021-06-03 15:18:20.0,97.40406494365543
2021-06-03 15:18:23.0,97.39793987738305
2021-06-03 15:18:26.0,97.31409925621492
2021-06-03 15:18:29.0,97.29054785768137
2021-06-03 15:18:32.0,97.26696753810394
2021-06-03 15:18:35.0,97.24338185985533
2021-06-03 15:18:38.0,97.22281006291436
2021-06-03 15:18:41.0,97.25442025709698
2021-06-03 15:18:44.0,97.23379632141143
2021-06-03 15:18:47.0,97.21326482846058
2021-06-03 15:18:50.0,97.19270277899439
2021-06-03 15:18:53.0,97.1755707978785
2021-06-03 15:18:56.0,97.18199716553659
2021-06-03 15:18:59.0,97.16311428801482
2021-06-03 15:19:02.0,97.14419797004147
2021-06-03 15:19:05.0,97.1252671391636
2021-06-03 15:19:08.0,97.11129531414711
2021-06-03 15:19:11.0,97.15597287640024
2021-06-03 15:19:14.0,97.14027931016075
2021-06-03 15:19:17.0,97.12459499747527
2021-06-03 15:19:20.0,97.10894076074064
2021-06-03 15:19:23.0,97.1304265688804
2021-06-03 15:19:26.0,97.0794057390593
2021-06-03 15:19:29.0,97.06317998870931
2021-06-03 15:19:32.0,97.0470284446182
2021-06-03 15:19:35.0,97.03082742967494
2021-06-03 15:19:38.0,97.04813859174217
2021-06-03 15:19:41.0,97.03496076791575
2021-06-03 15:19:44.0,97.0195417599486
2021-06-03 15:19:47.0,97.0041882953913
2021-06-03 15:19:50.0,96.98883906598032
2021-06-03 15:19:53.0,97.004847327768
2021-06-03 15:19:56.0,96.98698020144585
2021-06-03 15:19:59.0,96.97210176387274
2021-06-03 15:20:02.0,96.9572770027531
2021-06-03 15:20:05.0,96.94247628548182
2021-06-03 15:20:08.0,96.95649985474883
2021-06-03 15:20:11.0,96.98314447523173
2021-06-03 15:20:15.0,96.92146116521528
2021-06-03 15:20:18.0,96.90352254278288
2021-06-03 15:20:21.0,96.88562761446778
2021-06-03 15:20:24.0,96.89119198331349
2021-06-03 15:20:27.0,96.92596835827784
2021-06-03 15:20:30.0,96.85486843064537
2021-06-03 15:20:33.0,96.83491692578595
2021-06-03 15:20:36.0,96.81502241811751
2021-06-03 15:20:39.0,96.81778934572614
2021-06-03 15:20:42.0,96.8449567565868
2021-06-03 15:20:45.0,96.82625151548977
2021-06-03 15:20:48.0,96.80761242868896
2021-06-03 15:20:51.0,96.7890087043615
2021-06-03 15:20:54.0,96.79228297503565
2021-06-03 15:20:57.0,96.81638914910951
2021-06-03 15:21:00.0,96.83517826852834
2021-06-03 15:21:03.0,96.81909645232449
2021-06-03 15:21:06.0,96.8030724327659
2021-06-03 15:21:09.0,96.80719399103872
2021-06-03 15:21:12.0,96.82497911236887
2021-06-03 15:21:15.0,96.84595370087386
2021-06-03 15:21:18.0,96.83119539151667
2021-06-03 15:21:21.0,96.81645541739027
2021-06-03 15:21:24.0,96.82022923608797
2021-06-03 15:21:27.0,96.8478697380164
2021-06-03 15:21:30.0,96.86535809151378
2021-06-03 15:21:33.0,96.85295495451747
2021-06-03 15:21:36.0,96.8406048103562
2021-06-03 15:21:39.0,96.84564243607359
2021-06-03 15:21:42.0,96.86860668097252
2021-06-03 15:21:45.0,96.8826806100359
2021-06-03 15:21:48.0,96.87186741731554
2021-06-03 15:21:51.0,96.86106833131348
2021-06-03 15:21:54.0,96.86729143384301
2021-06-03 15:21:57.0,96.88729006287697
2021-06-03 15:22:00.0,96.89914046087095
2021-06-03 15:22:03.0,96.88948867837368
2021-06-03 15:22:06.0,96.87982682917219
2021-06-03 15:22:09.0,96.88478327725247
2021-06-03 15:22:12.0,96.90455664686192
2021-06-03 15:22:15.0,96.91551234159147
2021-06-03 15:22:18.0,96.90681437023163
2021-06-03 15:22:21.0,96.89813621988164
2021-06-03 15:22:24.0,96.90360803354817
2021-06-03 15:22:27.0,96.92159207470496
2021-06-03 15:22:30.0,96.93109454578936
2021-06-03 15:22:33.0,96.92316933857447
2021-06-03 15:22:36.0,96.91526209980196
2021-06-03 15:22:39.0,96.92223637562385
2021-06-03 15:22:42.0,96.93983173606709
2021-06-03 15:22:45.0,96.94925125084032
2021-06-03 15:22:48.0,96.94206949757171
2021-06-03 15:22:51.0,96.93488745797882
2021-06-03 15:22:54.0,96.94195502895147
2021-06-03 15:22:57.0,96.95875439586322
2021-06-03 15:23:00.0,96.96712351184911
2021-06-03 15:23:03.0,96.96056581814628
2021-06-03 15:23:06.0,96.95402310534264
2021-06-03 15:23:09.0,96.93747103814158
2021-06-03 15:23:12.0,96.94510555681379
2021-06-03 15:23:15.0,96.95247168587262
2021-06-03 15:23:18.0,96.94620467061738
2021-06-03 15:23:21.0,96.93992074589622
2021-06-03 15:23:24.0,96.9476104169171
2021-06-03 15:23:27.0,96.93645730559996
2021-06-03 15:23:30.0,96.94280822313853
2021-06-03 15:23:33.0,96.93673750353402
2021-06-03 15:23:36.0,96.93068668512873
2021-06-03 15:23:39.0,96.92606504896426
2021-06-03 15:23:42.0,96.92460131836039
2021-06-03 15:23:45.0,96.88091425417231
2021-06-03 15:23:48.0,96.87433977308578
2021-06-03 15:23:51.0,96.86777816495142
2021-06-03 15:23:54.0,96.87411826712018
2021-06-03 15:23:57.0,96.86498431890197
2021-06-03 15:24:00.0,96.84589097275594
2021-06-03 15:24:03.0,96.81576052562126
2021-06-03 15:24:06.0,96.80476454492756
2021-06-03 15:24:09.0,96.80598738965033
2021-06-03 15:24:12.0,96.81615047738616
2021-06-03 15:24:15.0,96.81912326894017
2021-06-03 15:24:18.0,96.73812360012936
2021-06-03 15:24:21.0,96.7209696364054
2021-06-03 15:24:25.0,96.73134773618075
2021-06-03 15:24:28.0,96.7176120121415
2021-06-03 15:24:31.0,96.71399686518023
2021-06-03 15:24:34.0,96.68883620228212
2021-06-03 15:24:37.0,96.67165068574558
2021-06-03 15:24:40.0,96.66540920732551
2021-06-03 15:24:43.0,96.6518665238507
2021-06-03 15:24:46.0,96.64752586486375
2021-06-03 15:24:49.0,96.62464424101691
2021-06-03 15:24:52.0,96.60757295098549
2021-06-03 15:24:55.0,96.61779503113844
2021-06-03 15:24:58.0,96.60441469698449
2021-06-03 15:25:01.0,96.53334597182689
2021-06-03 15:25:04.0,96.5782106018656
2021-06-03 15:25:07.0,96.5633795355453
2021-06-03 15:25:10.0,96.5747569642495
2021-06-03 15:25:13.0,96.56422517123056
2021-06-03 15:25:16.0,96.55728085955872
2021-06-03 15:25:19.0,96.50672127881165
2021-06-03 15:25:22.0,96.49117435796832
2021-06-03 15:25:25.0,96.50047224945011
2021-06-03 15:25:28.0,96.48801607603471
2021-06-03 15:25:31.0,96.47265985178467
2021-06-03 15:25:34.0,96.47940800146115
2021-06-03 15:25:37.0,96.46475583958038
2021-06-03 15:25:40.0,96.47446871032245
2021-06-03 15:25:43.0,96.46254221987746
2021-06-03 15:25:46.0,96.43340532003587
2021-06-03 15:25:49.0,96.4708368637184
2021-06-03 15:25:52.0,96.4575558150105
2021-06-03 15:25:55.0,96.46706270250522
2021-06-03 15:25:58.0,96.42605697654636
2021-06-03 15:26:01.0,96.42666154174194
2021-06-03 15:26:04.0,96.457905858249
2021-06-03 15:26:07.0,96.44566176338422
2021-06-03 15:26:10.0,96.4565494095477
2021-06-03 15:26:13.0,96.44866840103704
2021-06-03 15:26:16.0,96.45058170990247
2021-06-03 15:26:19.0,96.47859413837206
2021-06-03 15:26:22.0,96.46745567464372
2021-06-03 15:26:25.0,96.47877905443345
2021-06-03 15:26:28.0,96.47157223800676
2021-06-03 15:26:31.0,96.47395419167975
2021-06-03 15:26:34.0,96.49788090289233
2021-06-03 15:26:37.0,96.4876602157575
2021-06-03 15:26:40.0,96.49801602038674
2021-06-03 15:26:43.0,96.49099382443055
2021-06-03 15:26:46.0,96.49315057110861
2021-06-03 15:26:49.0,96.51490826500728
2021-06-03 15:26:52.0,96.50544645333197
2021-06-03 15:26:55.0,96.51633920114455
2021-06-03 15:26:58.0,96.50998149501491
2021-06-03 15:27:01.0,96.51239586503368
2021-06-03 15:27:04.0,96.5300465985208
2021-06-03 15:27:07.0,96.52120948036932
2021-06-03 15:27:10.0,96.53314884457023
2021-06-03 15:27:13.0,96.52753287649986
2021-06-03 15:27:16.0,96.53055726174479
2021-06-03 15:27:19.0,96.54587203459292
2021-06-03 15:27:22.0,96.53760498221295
2021-06-03 15:27:25.0,96.54947665141394
2021-06-03 15:27:28.0,96.54432172959353
2021-06-03 15:27:31.0,96.5477894771276
2021-06-03 15:27:34.0,96.5541352087205
2021-06-03 15:27:37.0,96.55048647146701
2021-06-03 15:27:40.0,96.5669202738955
2021-06-03 15:27:43.0,96.5658968590064
2021-06-03 15:27:46.0,96.57370784522476
2021-06-03 15:27:49.0,96.57021469846816
2021-06-03 15:27:52.0,96.56674159943644
2021-06-03 15:27:55.0,96.58259335675885
2021-06-03 15:27:58.0,96.59315395797124
2021-06-03 15:28:01.0,96.58984794226615
2021-06-03 15:28:04.0,96.58654339632207
2021-06-03 15:28:07.0,96.583237039805
2021-06-03 15:28:10.0,96.59874222383553
2021-06-03 15:28:13.0,96.60877865192117
2021-06-03 15:28:16.0,96.6056371268893
2021-06-03 15:28:19.0,96.6024959211536
2021-06-03 15:28:22.0,96.59935504299611
2021-06-03 15:28:25.0,96.61489584092551
2021-06-03 15:28:29.0,96.62443989322837
2021-06-03 15:28:32.0,96.62143644636164
2021-06-03 15:28:35.0,96.6184472303045
2021-06-03 15:28:38.0,96.61546525192291
2021-06-03 15:28:41.0,96.62897055303615
2021-06-03 15:28:44.0,96.63732766921314
2021-06-03 15:28:47.0,96.63445923437823
2021-06-03 15:28:50.0,96.63160626259906
2021-06-03 15:28:53.0,96.62874690680381
2021-06-03 15:28:56.0,96.64123222164163
2021-06-03 15:28:59.0,96.64737894172298
2021-06-03 15:29:02.0,96.64463147280122
2021-06-03 15:29:05.0,96.64188875593558
2021-06-03 15:29:08.0,96.63913710809364
2021-06-03 15:29:11.0,96.64936671539984
2021-06-03 15:29:14.0,96.65398952939161
2021-06-03 15:29:17.0,96.6513273225257
2021-06-03 15:29:20.0,96.64866259844598
2021-06-03 15:29:23.0,96.64600419216902
2021-06-03 15:29:26.0,96.65466011586685
2021-06-03 15:29:29.0,96.65877526555113
2021-06-03 15:29:32.0,96.65610749504788
2021-06-03 15:29:35.0,96.6534398275211
2021-06-03 15:29:38.0,96.65077757453142
2021-06-03 15:29:41.0,96.65753336717371
2021-06-03 15:29:44.0,96.66089211699554
2021-06-03 15:29:47.0,96.65828723301766
2021-06-03 15:29:50.0,96.65568758294219
2021-06-03 15:29:53.0,96.653093154875
2021-06-03 15:29:56.0,96.65840827594093
2021-06-03 15:29:59.0,96.66145375010568
2021-06-03 15:30:02.0,96.65890915974586
2021-06-03 15:30:05.0,96.65636709322753
2021-06-03 15:30:08.0,96.65383176322578
2021-06-03 15:30:11.0,96.6523647130668
2021-06-03 15:30:14.0,96.65455443440322
2021-06-03 15:30:17.0,96.6574939220646
2021-06-03 15:30:20.0,96.6574939220646
