2021-06-03 19:35:43.0,4.485377777503648E-4
2021-06-03 19:35:46.0,0.0010040615228010495
2021-06-03 19:35:49.0,0.0010040615228010495
2021-06-03 19:35:52.0,0.0010040615228010495
2021-06-03 19:35:55.0,0.0010040615228010495
2021-06-03 19:35:58.0,7.974368176477358E-4
2021-06-03 19:36:02.0,8.152546158910852E-4
2021-06-03 19:36:05.0,0.0013371346108415909
2021-06-03 19:36:08.0,0.0013371346108415909
2021-06-03 19:36:11.0,0.0013371346108415909
2021-06-03 19:36:14.0,0.0012481649106064867
2021-06-03 19:36:17.0,0.0014753157290204526
2021-06-03 19:36:20.0,0.0014753157290204521
2021-06-03 19:36:23.0,0.0014753157290204521
2021-06-03 19:36:26.0,0.0014753157290204521
2021-06-03 19:36:29.0,0.0013466276649946372
2021-06-03 19:36:32.0,0.0013466276649946372
2021-06-03 19:36:35.0,0.0013205143958602687
2021-06-03 19:36:38.0,0.0013205143958602689
2021-06-03 19:36:41.0,0.0013205143958602689
2021-06-03 19:36:44.0,0.0012947704082048965
2021-06-03 19:36:47.0,0.0012947704082048965
2021-06-03 19:36:50.0,0.0012947704082048965
2021-06-03 19:36:53.0,9.509944784886274E-4
2021-06-03 19:36:56.0,0.02596843941482253
2021-06-03 19:36:59.0,0.04174517633732119
2021-06-03 19:37:02.0,0.05364248305028493
2021-06-03 19:37:05.0,0.09292655380976812
2021-06-03 19:37:08.0,0.09292655380976815
2021-06-03 19:37:11.0,0.09292655380976812
2021-06-03 19:37:14.0,0.09292655380976812
2021-06-03 19:37:17.0,0.0804844844444435
2021-06-03 19:37:20.0,0.10166469537528665
2021-06-03 19:37:23.0,0.0921360579253003
2021-06-03 19:37:26.0,0.17926668424171333
2021-06-03 19:37:29.0,0.17926668424171333
2021-06-03 19:37:32.0,0.17926668424171333
2021-06-03 19:37:35.0,0.20555796658165124
2021-06-03 19:37:38.0,0.1559522612906859
2021-06-03 19:37:41.0,0.1421707416200894
2021-06-03 19:37:44.0,0.12843033354280925
2021-06-03 19:37:47.0,0.35304734315162867
2021-06-03 19:37:50.0,0.35304734315162867
2021-06-03 19:37:53.0,0.35304734315162867
2021-06-03 19:37:56.0,0.35304734315162867
2021-06-03 19:37:59.0,0.25145993153387614
2021-06-03 19:38:02.0,0.22778222305317355
2021-06-03 19:38:05.0,0.44054706545631467
2021-06-03 19:38:08.0,0.44054706545631467
2021-06-03 19:38:11.0,0.44054706545631467
2021-06-03 19:38:14.0,0.3359269273452279
2021-06-03 19:38:17.0,0.4763812706861323
2021-06-03 19:38:20.0,0.4763812706861323
2021-06-03 19:38:23.0,0.27321433777777
2021-06-03 19:38:26.0,0.5724411268629895
2021-06-03 19:38:29.0,0.5724411268629895
2021-06-03 19:38:32.0,0.5724411268629895
2021-06-03 19:38:35.0,0.6147743420707321
2021-06-03 19:38:38.0,0.6147743420707321
2021-06-03 19:38:41.0,0.6512072026864333
2021-06-03 19:38:44.0,0.6512072026864333
2021-06-03 19:38:47.0,0.5359435278109347
2021-06-03 19:38:50.0,0.4922692314174311
2021-06-03 19:38:53.0,0.3404027955555648
2021-06-03 19:38:56.0,0.744782082760093
2021-06-03 19:38:59.0,0.744782082760093
2021-06-03 19:39:02.0,0.744782082760093
2021-06-03 19:39:05.0,0.784153796079207
2021-06-03 19:39:08.0,0.8053098340670343
2021-06-03 19:39:11.0,0.8053098340670343
2021-06-03 19:39:14.0,0.8053098340670343
2021-06-03 19:39:17.0,0.8529669407014694
2021-06-03 19:39:20.0,0.7365019750375061
2021-06-03 19:39:23.0,0.9264758475847611
2021-06-03 19:39:26.0,0.9264758475847611
2021-06-03 19:39:29.0,0.7246636725405895
2021-06-03 19:39:32.0,0.6626515558089162
2021-06-03 19:39:35.0,0.6715595301195485
2021-06-03 19:39:38.0,0.6982534039700956
2021-06-03 19:39:41.0,0.6342431489600404
2021-06-03 19:39:44.0,0.5335675451584955
2021-06-03 19:39:47.0,0.6879975241357776
2021-06-03 19:39:50.0,0.7156186501456205
2021-06-03 19:39:53.0,0.7566083477600081
2021-06-03 19:39:56.0,0.7783278090129351
2021-06-03 19:39:59.0,0.6469338289908498
2021-06-03 19:40:02.0,0.630873192670455
2021-06-03 19:40:05.0,0.7154466277834872
2021-06-03 19:40:08.0,0.6173177449567937
2021-06-03 19:40:11.0,0.7131234539888592
2021-06-03 19:40:14.0,0.6632718134953217
2021-06-03 19:40:17.0,0.633364118989405
2021-06-03 19:40:20.0,0.6033369132167312
2021-06-03 19:40:23.0,0.4864230711168495
2021-06-03 19:40:26.0,0.7128584535715212
2021-06-03 19:40:29.0,0.6355238182761926
2021-06-03 19:40:33.0,0.6262783151613778
2021-06-03 19:40:36.0,0.7206204747369536
2021-06-03 19:40:39.0,0.7206204747369536
2021-06-03 19:40:42.0,0.5947200465167896
2021-06-03 19:40:45.0,0.7189829358492956
2021-06-03 19:40:48.0,0.7389094026692806
2021-06-03 19:40:51.0,0.7389094026692806
2021-06-03 19:40:54.0,0.7389094026692806
2021-06-03 19:40:57.0,0.7200532123918019
2021-06-03 19:41:00.0,0.694250217209973
2021-06-03 19:41:03.0,0.6942502172099732
2021-06-03 19:41:06.0,0.5712525620707263
2021-06-03 19:41:09.0,0.4992170731577902
2021-06-03 19:41:12.0,0.5709607727485473
2021-06-03 19:41:15.0,0.7061869735206802
2021-06-03 19:41:18.0,0.7061869735206802
2021-06-03 19:41:21.0,0.4981433090361431
2021-06-03 19:41:24.0,0.46575697484353684
2021-06-03 19:41:27.0,0.7064128870711388
2021-06-03 19:41:30.0,0.7064128870711388
2021-06-03 19:41:33.0,0.7064128870711388
2021-06-03 19:41:36.0,0.5782244422095124
2021-06-03 19:41:39.0,0.5779435575960379
2021-06-03 19:41:42.0,0.5975305200619604
2021-06-03 19:41:45.0,0.6341737915218392
2021-06-03 19:41:48.0,0.5949886057104375
2021-06-03 19:41:51.0,0.5852697417682002
2021-06-03 19:41:54.0,0.43312268801461423
2021-06-03 19:41:57.0,0.570724038885866
2021-06-03 19:42:00.0,0.5928809494807326
2021-06-03 19:42:03.0,0.5895526265864555
2021-06-03 19:42:06.0,0.5758236582474962
2021-06-03 19:42:09.0,0.5758236582474963
2021-06-03 19:42:12.0,0.4666190135367337
2021-06-03 19:42:15.0,0.6430455859206264
2021-06-03 19:42:18.0,0.6444822648115719
2021-06-03 19:42:21.0,0.5403028828740644
2021-06-03 19:42:24.0,0.47711602290390775
2021-06-03 19:42:27.0,0.6274154326120007
2021-06-03 19:42:30.0,0.6274154326120007
2021-06-03 19:42:33.0,0.6274154326120007
2021-06-03 19:42:36.0,0.6676528974826996
2021-06-03 19:42:39.0,0.5959885074813456
2021-06-03 19:42:42.0,0.5959885074813456
2021-06-03 19:42:45.0,0.6191657682411058
2021-06-03 19:42:48.0,0.5836700702388679
2021-06-03 19:42:51.0,0.5152478459742698
2021-06-03 19:42:54.0,0.42598806924774657
2021-06-03 19:42:57.0,0.5911626782913668
2021-06-03 19:43:00.0,0.5524225154030652
2021-06-03 19:43:03.0,0.5327100280234012
2021-06-03 19:43:06.0,0.6775384639935598
2021-06-03 19:43:09.0,0.5982461679382187
2021-06-03 19:43:12.0,0.5758252448093917
2021-06-03 19:43:15.0,0.6399551105147541
2021-06-03 19:43:18.0,0.6750368217163105
2021-06-03 19:43:21.0,0.6184416251917053
2021-06-03 19:43:24.0,0.476911349239979
2021-06-03 19:43:27.0,0.5958260153144697
2021-06-03 19:43:30.0,0.6856666229880318
2021-06-03 19:43:33.0,0.6856666229880318
2021-06-03 19:43:36.0,0.5902182159754625
2021-06-03 19:43:39.0,0.5218683247688947
2021-06-03 19:43:42.0,0.442335341788852
2021-06-03 19:43:45.0,0.5854683896350086
2021-06-03 19:43:48.0,0.5431546706157545
2021-06-03 19:43:51.0,0.5667039424901135
2021-06-03 19:43:54.0,0.4872580126480782
2021-06-03 19:43:57.0,0.5033902397315
2021-06-03 19:44:00.0,0.4542629024254304
2021-06-03 19:44:03.0,0.4292869856956826
2021-06-03 19:44:06.0,0.5132161782425388
2021-06-03 19:44:09.0,0.5246151216693611
2021-06-03 19:44:12.0,0.5082140897479492
2021-06-03 19:44:15.0,0.5674275792874042
2021-06-03 19:44:18.0,0.5457108029968685
2021-06-03 19:44:21.0,0.4945759688235708
2021-06-03 19:44:24.0,0.4862376036040137
2021-06-03 19:44:27.0,0.507537734989237
2021-06-03 19:44:30.0,0.4813872228950582
2021-06-03 19:44:33.0,0.43306216498087596
2021-06-03 19:44:36.0,0.5183361782923187
2021-06-03 19:44:39.0,0.5144295070118527
2021-06-03 19:44:42.0,0.45108052047788316
2021-06-03 19:44:45.0,0.46068949757805644
2021-06-03 19:44:48.0,0.46068949757805644
2021-06-03 19:44:51.0,0.5895645796611467
2021-06-03 19:44:54.0,0.42302683641165517
2021-06-03 19:44:57.0,0.3860157936387301
2021-06-03 19:45:00.0,0.3671800649003467
2021-06-03 19:45:03.0,0.38312598653626573
2021-06-03 19:45:06.0,0.6586968831822299
2021-06-03 19:45:09.0,0.5729102500510397
2021-06-03 19:45:12.0,0.4960795782472194
2021-06-03 19:45:16.0,0.6621382301943414
2021-06-03 19:45:19.0,0.6709407770539014
2021-06-03 19:45:22.0,0.6709407770539014
2021-06-03 19:45:25.0,0.5894355749118655
2021-06-03 19:45:28.0,0.5073043579000251
2021-06-03 19:45:31.0,0.48460569530486086
2021-06-03 19:45:34.0,0.4124337187447881
2021-06-03 19:45:37.0,0.6873765843693468
2021-06-03 19:45:40.0,0.6873765843693468
2021-06-03 19:45:43.0,0.710115222774288
2021-06-03 19:45:46.0,0.6260388173954574
2021-06-03 19:45:49.0,0.5753696676568579
2021-06-03 19:45:52.0,0.5194980712669452
2021-06-03 19:45:55.0,0.47311827800356177
2021-06-03 19:45:58.0,0.3387427063812468
2021-06-03 19:46:01.0,0.3497456189674166
2021-06-03 19:46:04.0,0.3360330687008354
2021-06-03 19:46:07.0,0.44427375989828577
2021-06-03 19:46:10.0,0.5041485419785836
2021-06-03 19:46:13.0,0.4829069055788876
2021-06-03 19:46:16.0,0.4865883600257955
2021-06-03 19:46:19.0,0.3942479937181897
2021-06-03 19:46:22.0,0.3945250471033231
2021-06-03 19:46:25.0,0.3218780604904159
2021-06-03 19:46:28.0,0.3381502123035491
2021-06-03 19:46:31.0,0.325985036432394
2021-06-03 19:46:34.0,0.30964708405378416
2021-06-03 19:46:37.0,0.34190080886091967
2021-06-03 19:46:40.0,0.3181265291003829
2021-06-03 19:46:43.0,0.2397431445389725
2021-06-03 19:46:46.0,0.268424897951988
2021-06-03 19:46:49.0,0.24154939445197776
2021-06-03 19:46:52.0,0.18699091322275493
2021-06-03 19:46:55.0,0.19405937825345265
2021-06-03 19:46:58.0,0.1602814040043486
2021-06-03 19:47:01.0,0.15957380597812962
2021-06-03 19:47:04.0,0.15698835377301662
2021-06-03 19:47:07.0,0.15844930061741863
2021-06-03 19:47:10.0,0.14192210755780937
2021-06-03 19:47:13.0,0.11566105907640109
2021-06-03 19:47:16.0,0.07650613480634416
2021-06-03 19:47:19.0,0.06137411651563759
2021-06-03 19:47:22.0,0.03339608843231803
2021-06-03 19:47:25.0,0.03339608843231803
2021-06-03 19:47:28.0,0.0210749318314635
2021-06-03 19:47:31.0,0.0203617075162312
2021-06-03 19:47:34.0,0.015497729452524249
2021-06-03 19:47:37.0,0.008235424082350649
2021-06-03 19:47:40.0,0.0038281084979443054
2021-06-03 19:47:43.0,0.0038281084979443054
2021-06-03 19:47:46.0,0.002219514381955756
2021-06-03 19:47:49.0,0.0018388551158615802
2021-06-03 19:47:52.0,0.0011620631014548069
2021-06-03 19:47:55.0,0.0016699183645153622
2021-06-03 19:47:58.0,0.0015890126019227353
2021-06-03 19:48:01.0,0.0015890126019227353
2021-06-03 19:48:04.0,0.001343313300856271
2021-06-03 19:48:07.0,0.004983280121267489
2021-06-03 19:48:10.0,0.004815751752463285
2021-06-03 19:48:13.0,0.003807479086938695
2021-06-03 19:48:16.0,0.023578089182844496
2021-06-03 19:48:19.0,0.02449887451354586
2021-06-03 19:48:22.0,0.023889058817241994
2021-06-03 19:48:25.0,0.04006775547374131
2021-06-03 19:48:28.0,0.034758774882294396
2021-06-03 19:48:31.0,0.04119915984791514
2021-06-03 19:48:34.0,0.05779695398220651
2021-06-03 19:48:37.0,0.10771248979430971
2021-06-03 19:48:40.0,0.10771248979430971
2021-06-03 19:48:43.0,0.09168342513361463
2021-06-03 19:48:46.0,0.11203128169547362
2021-06-03 19:48:49.0,0.11194910585411876
2021-06-03 19:48:52.0,0.1461192488888628
2021-06-03 19:48:55.0,0.2615204936199567
2021-06-03 19:48:58.0,0.3315912516049408
2021-06-03 19:49:01.0,0.27532205838120233
2021-06-03 19:49:04.0,0.2530907071347111
2021-06-03 19:49:07.0,0.2308740932771801
2021-06-03 19:49:10.0,0.20873853505893025
2021-06-03 19:49:13.0,0.20952319836422828
2021-06-03 19:49:16.0,0.4144321630256203
2021-06-03 19:49:19.0,0.4144321630256203
2021-06-03 19:49:22.0,0.4384670320190574
2021-06-03 19:49:25.0,0.4384670320190574
2021-06-03 19:49:28.0,0.4384670320190574
2021-06-03 19:49:31.0,0.30383329390965014
2021-06-03 19:49:37.0,0.6579686886160475
2021-06-03 19:49:40.0,0.6579686886160475
2021-06-03 19:49:43.0,0.6579686886160475
2021-06-03 19:49:46.0,0.6914935957844234
2021-06-03 19:49:49.0,0.6914935957844234
2021-06-03 19:49:52.0,0.6914935957844233
2021-06-03 19:49:55.0,0.7249680670864399
2021-06-03 19:49:58.0,0.7249680670864399
2021-06-03 19:50:02.0,0.7249680670864399
2021-06-03 19:50:05.0,0.7506253721096897
2021-06-03 19:50:08.0,0.7506253721096897
2021-06-03 19:50:11.0,0.7506253721096897
2021-06-03 19:50:14.0,0.6302120441550193
2021-06-03 19:50:17.0,0.5778365251564429
2021-06-03 19:50:20.0,0.5253739747205145
2021-06-03 19:50:23.0,0.47308548715929044
2021-06-03 19:50:26.0,0.8553380436738756
2021-06-03 19:50:29.0,0.9081489915792065
2021-06-03 19:50:32.0,0.9081489915792065
2021-06-03 19:50:35.0,0.6141466399348081
2021-06-03 19:50:38.0,0.6343324098265922
2021-06-03 19:50:41.0,0.654457863672883
2021-06-03 19:50:44.0,0.47298019389102547
2021-06-03 19:50:47.0,0.5278989082465168
2021-06-03 19:50:50.0,0.6262704122027489
2021-06-03 19:50:53.0,0.5669261252200967
2021-06-03 19:50:56.0,0.6871515444606044
2021-06-03 19:50:59.0,0.7231737019551112
2021-06-03 19:51:02.0,0.7519948977042514
2021-06-03 19:51:05.0,0.6875117599427295
2021-06-03 19:51:08.0,0.6331072252662412
2021-06-03 19:51:11.0,0.6159661877531917
2021-06-03 19:51:14.0,0.4691067595359866
2021-06-03 19:51:17.0,0.7226121224905745
2021-06-03 19:51:20.0,0.7226121224905745
2021-06-03 19:51:23.0,0.7226121224905745
2021-06-03 19:51:26.0,0.7026490569095257
2021-06-03 19:51:29.0,0.7255444522021346
2021-06-03 19:51:32.0,0.7255444522021346
2021-06-03 19:51:35.0,0.7225255968904459
2021-06-03 19:51:38.0,0.49680494915239115
2021-06-03 19:51:41.0,0.49680494915239115
2021-06-03 19:51:44.0,0.5369671482093501
2021-06-03 19:51:47.0,0.745144967034075
2021-06-03 19:51:50.0,0.745144967034075
2021-06-03 19:51:53.0,0.745144967034075
2021-06-03 19:51:56.0,0.7722456423933427
2021-06-03 19:51:59.0,0.6442887016745125
2021-06-03 19:52:02.0,0.6803159547360151
2021-06-03 19:52:05.0,0.7473141080559129
2021-06-03 19:52:08.0,0.6352055108361605
2021-06-03 19:52:11.0,0.6638579274984082
2021-06-03 19:52:14.0,0.5375136436683555
2021-06-03 19:52:17.0,0.4903312622896846
2021-06-03 19:52:20.0,0.4430705048622119
2021-06-03 19:52:23.0,0.39580974743473923
2021-06-03 19:52:26.0,0.7054256545340456
2021-06-03 19:52:29.0,0.7054256545340456
2021-06-03 19:52:32.0,0.7054256545340456
2021-06-03 19:52:35.0,0.7237972137203161
2021-06-03 19:52:38.0,0.7237972137203161
2021-06-03 19:52:41.0,0.6858945007422614
2021-06-03 19:52:44.0,0.7482023941562288
2021-06-03 19:52:47.0,0.611237980950031
2021-06-03 19:52:50.0,0.5441989397631863
2021-06-03 19:52:53.0,0.5385080870945609
2021-06-03 19:52:56.0,0.5893875978870178
2021-06-03 19:52:59.0,0.34353041534811785
2021-06-03 19:53:02.0,0.3009786115478184
2021-06-03 19:53:05.0,0.45653403426429523
2021-06-03 19:53:08.0,0.45653403426429523
2021-06-03 19:53:11.0,0.45653403426429523
2021-06-03 19:53:14.0,0.5030399958765143
2021-06-03 19:53:17.0,0.5264935164546137
2021-06-03 19:53:20.0,0.5058296438917222
2021-06-03 19:53:23.0,0.4946319889495666
2021-06-03 19:53:26.0,0.5783763832286599
2021-06-03 19:53:29.0,0.4477571775990452
2021-06-03 19:53:32.0,0.41930627130607445
2021-06-03 19:53:35.0,0.5891707561221878
2021-06-03 19:53:38.0,0.5891707561221878
2021-06-03 19:53:41.0,0.5342122949319746
2021-06-03 19:53:44.0,0.4715437198565516
2021-06-03 19:53:47.0,0.6180879305778468
2021-06-03 19:53:50.0,0.5853546319755395
2021-06-03 19:53:53.0,0.5571529069957645
2021-06-03 19:53:56.0,0.5426634387031972
2021-06-03 19:53:59.0,0.5297164663450183
2021-06-03 19:54:02.0,0.5744135346785528
2021-06-03 19:54:05.0,0.6128225840741038
2021-06-03 19:54:08.0,0.6040017487897472
2021-06-03 19:54:11.0,0.5517213567724968
2021-06-03 19:54:14.0,0.44139621453222844
2021-06-03 19:54:17.0,0.5738688279020824
2021-06-03 19:54:20.0,0.5800914602399
2021-06-03 19:54:23.0,0.5222564634133119
2021-06-03 19:54:26.0,0.6092592277225365
2021-06-03 19:54:29.0,0.5850969354281346
2021-06-03 19:54:32.0,0.5101730652808363
2021-06-03 19:54:36.0,0.5779704110342695
2021-06-03 19:54:39.0,0.51223116917219
2021-06-03 19:54:42.0,0.4937694454523979
2021-06-03 19:54:45.0,0.6072145592831203
2021-06-03 19:54:48.0,0.6015279463553154
2021-06-03 19:54:51.0,0.6124028018619047
2021-06-03 19:54:54.0,0.6005293216145284
2021-06-03 19:54:57.0,0.651914178916165
2021-06-03 19:55:00.0,0.6353748670410144
2021-06-03 19:55:03.0,0.506347992880508
2021-06-03 19:55:06.0,0.570146870673198
2021-06-03 19:55:09.0,0.5355372826200693
2021-06-03 19:55:12.0,0.5020438139306826
2021-06-03 19:55:15.0,0.5025598360982139
2021-06-03 19:55:18.0,0.5402401697540528
2021-06-03 19:55:21.0,0.5419431272799313
2021-06-03 19:55:24.0,0.395160564625033
2021-06-03 19:55:27.0,0.5187892815901954
2021-06-03 19:55:30.0,0.5108349171512673
2021-06-03 19:55:33.0,0.4736226641205168
2021-06-03 19:55:36.0,0.5795559234915797
2021-06-03 19:55:39.0,0.5795559234915797
2021-06-03 19:55:42.0,0.5998935920349331
2021-06-03 19:55:45.0,0.6049124556207236
2021-06-03 19:55:48.0,0.5935861246167933
2021-06-03 19:55:51.0,0.5364963247290523
2021-06-03 19:55:54.0,0.5404607611587045
2021-06-03 19:55:57.0,0.5634186029497293
2021-06-03 19:56:00.0,0.5836964213516599
2021-06-03 19:56:03.0,0.49875704478443844
2021-06-03 19:56:06.0,0.547823270911934
2021-06-03 19:56:09.0,0.5732134117409429
2021-06-03 19:56:12.0,0.5027821615130008
2021-06-03 19:56:15.0,0.5769739273914404
2021-06-03 19:56:18.0,0.5756800294657012
2021-06-03 19:56:21.0,0.5195353028006402
2021-06-03 19:56:24.0,0.5041194663053755
2021-06-03 19:56:27.0,0.5381204488259852
2021-06-03 19:56:30.0,0.5380996319632284
2021-06-03 19:56:33.0,0.5159655427474044
2021-06-03 19:56:36.0,0.5629339392196999
2021-06-03 19:56:39.0,0.5856882314582647
2021-06-03 19:56:42.0,0.5348643859891861
2021-06-03 19:56:45.0,0.5542787616250408
2021-06-03 19:56:48.0,0.5790424060539016
2021-06-03 19:56:51.0,0.5232702164505458
2021-06-03 19:56:54.0,0.5008535330026097
2021-06-03 19:56:57.0,0.6400747708809826
2021-06-03 19:57:00.0,0.6328454422535149
2021-06-03 19:57:03.0,0.580460600864992
2021-06-03 19:57:06.0,0.6319550180785262
2021-06-03 19:57:09.0,0.5937963598162056
2021-06-03 19:57:12.0,0.5537278630379558
2021-06-03 19:57:15.0,0.5505596150857074
2021-06-03 19:57:18.0,0.43669351638763876
2021-06-03 19:57:21.0,0.37248213739209884
2021-06-03 19:57:24.0,0.3458083875088745
2021-06-03 19:57:27.0,0.41440475106293295
2021-06-03 19:57:30.0,0.41667471871295503
2021-06-03 19:57:33.0,0.3946875417432897
2021-06-03 19:57:36.0,0.3870427026790849
2021-06-03 19:57:39.0,0.35239897329312103
2021-06-03 19:57:42.0,0.2985204976494817
2021-06-03 19:57:45.0,0.32142086881472304
2021-06-03 19:57:48.0,0.24383672759170683
2021-06-03 19:57:51.0,0.23744226518443357
2021-06-03 19:57:54.0,0.21634261026254425
2021-06-03 19:57:57.0,0.22169852592838726
2021-06-03 19:58:00.0,0.20913268856054076
2021-06-03 19:58:03.0,0.18231756237449473
2021-06-03 19:58:06.0,0.1343648332068453
2021-06-03 19:58:09.0,0.12296833637093987
2021-06-03 19:58:12.0,0.10609972418012271
2021-06-03 19:58:15.0,0.10002190969717456
2021-06-03 19:58:18.0,0.08673104174430268
2021-06-03 19:58:21.0,0.0649303449453327
2021-06-03 19:58:24.0,0.05575051966423738
2021-06-03 19:58:27.0,0.04858258276499372
2021-06-03 19:58:31.0,0.0423430105537277
2021-06-03 19:58:34.0,0.03391992093801875
2021-06-03 19:58:37.0,0.026421032757933182
2021-06-03 19:58:40.0,0.021229201235230036
2021-06-03 19:58:43.0,0.013818843661437541
2021-06-03 19:58:46.0,0.009840264621553907
2021-06-03 19:58:49.0,0.007056559630540441
2021-06-03 19:58:52.0,0.00511283344545993
2021-06-03 19:58:55.0,0.002962558395275477
2021-06-03 19:58:58.0,0.0022323410753533938
2021-06-03 19:59:01.0,0.0022323410753533938
2021-06-03 19:59:04.0,0.0017624115522641643
2021-06-03 19:59:07.0,0.0014578139319758076
2021-06-03 19:59:10.0,0.0014759495010557826
2021-06-03 19:59:13.0,0.0014177878936511889
2021-06-03 19:59:16.0,0.0019107502175362554
2021-06-03 19:59:19.0,0.0018560532810399095
2021-06-03 19:59:22.0,0.0017205866305538295
2021-06-03 19:59:25.0,0.0020594727129075933
2021-06-03 19:59:28.0,0.0021147571615143307
2021-06-03 19:59:31.0,0.00201141092221222
2021-06-03 19:59:34.0,0.0019910994562955327
2021-06-03 19:59:37.0,0.0016749244023895112
2021-06-03 19:59:40.0,0.0015745746840624632
2021-06-03 19:59:43.0,0.0015257460300502825
2021-06-03 19:59:46.0,0.00192105885803571
2021-06-03 19:59:49.0,0.0019087887561946397
2021-06-03 19:59:52.0,0.0012207118711379857
2021-06-03 19:59:55.0,0.001220711871137986
2021-06-03 19:59:58.0,9.361300253126342E-4
2021-06-03 20:00:01.0,8.544779645987379E-4
2021-06-03 20:00:04.0,7.870261647628786E-4
2021-06-03 20:00:07.0,0.0012504340877138333
2021-06-03 20:00:10.0,0.0010125806836625336
2021-06-03 20:00:13.0,9.555253715364249E-4
2021-06-03 20:00:16.0,0.001215369981633983
2021-06-03 20:00:19.0,0.001215369981633983
2021-06-03 20:00:22.0,0.001215369981633983
2021-06-03 20:00:25.0,0.001215369981633983
2021-06-03 20:00:28.0,0.001153822344172484
2021-06-03 20:00:31.0,8.759178224544069E-4
2021-06-03 20:00:34.0,7.986117253948505E-4
2021-06-03 20:00:37.0,0.0011846407021509908
2021-06-03 20:00:40.0,0.0012147710403756097
2021-06-03 20:00:43.0,0.0012147710403756097
2021-06-03 20:00:46.0,0.0011663394281845115
2021-06-03 20:00:49.0,0.0011663394281845115
2021-06-03 20:00:52.0,0.0011663394281845117
2021-06-03 20:00:55.0,0.0011663394281845117
2021-06-03 20:00:58.0,0.001110098130219063
2021-06-03 20:01:01.0,8.79197719133498E-4
2021-06-03 20:01:04.0,8.048951509508354E-4
2021-06-03 20:01:07.0,0.001109252007862392
2021-06-03 20:01:10.0,0.0011092520078623918
2021-06-03 20:01:13.0,0.0011092520078623918
2021-06-03 20:01:16.0,0.0011086109017391407
2021-06-03 20:01:19.0,0.0011086109017391407
2021-06-03 20:01:22.0,0.0011086109017391407
2021-06-03 20:01:25.0,0.0012433683597354742
2021-06-03 20:01:28.0,0.0012433683597354742
2021-06-03 20:01:31.0,0.0013934213470602125
2021-06-03 20:01:34.0,0.0013934213470602125
2021-06-03 20:01:37.0,0.001270981013717051
2021-06-03 20:01:40.0,0.001270981013717051
2021-06-03 20:01:43.0,0.001270981013717051
2021-06-03 20:01:46.0,0.001270981013717051
2021-06-03 20:01:49.0,5.679822222090378E-4
2021-06-03 20:01:52.0,5.679822222090378E-4
2021-06-03 20:01:55.0,0.0010804271453338993
2021-06-03 20:01:58.0,0.0010804271453338993
2021-06-03 20:02:01.0,0.0010804271453338993
2021-06-03 20:02:04.0,0.0010804271453338993
2021-06-03 20:02:07.0,0.0010771623851933137
2021-06-03 20:02:10.0,8.108399696897401E-4
2021-06-03 20:02:13.0,7.389333962426133E-4
2021-06-03 20:02:16.0,9.84790542461007E-4
2021-06-03 20:02:19.0,8.808775766724002E-4
2021-06-03 20:02:22.0,8.808775766724002E-4
2021-06-03 20:02:25.0,0.007155329454314921
2021-06-03 20:02:28.0,0.007155329454314921
2021-06-03 20:02:31.0,0.007155329454314921
2021-06-03 20:02:34.0,0.007155329454314921
2021-06-03 20:02:37.0,0.01282103782623213
2021-06-03 20:02:40.0,0.01282103782623213
2021-06-03 20:02:43.0,0.0092422588010032
2021-06-03 20:02:46.0,0.05037938494305992
2021-06-03 20:02:49.0,0.05037938494305992
2021-06-03 20:02:52.0,0.057754893333266305
2021-06-03 20:02:55.0,0.14480575230225082
2021-06-03 20:02:58.0,0.14480575230225082
2021-06-03 20:03:01.0,0.14480575230225082
2021-06-03 20:03:04.0,0.17969629394376085
2021-06-03 20:03:07.0,0.17969629394376085
2021-06-03 20:03:10.0,0.21946089146589856
2021-06-03 20:03:13.0,0.21946089146589856
2021-06-03 20:03:16.0,0.21946089146589856
2021-06-03 20:03:20.0,0.17450432784910924
2021-06-03 20:03:23.0,0.13682336444447477
2021-06-03 20:03:26.0,0.33086425226697375
2021-06-03 20:03:29.0,0.33086425226697364
2021-06-03 20:03:32.0,0.33086425226697364
2021-06-03 20:03:35.0,0.3697132604422795
2021-06-03 20:03:38.0,0.40844978329864146
2021-06-03 20:03:41.0,0.40844978329864146
2021-06-03 20:03:44.0,0.40844978329864146
2021-06-03 20:03:47.0,0.40844978329864146
2021-06-03 20:03:50.0,0.346248144988458
2021-06-03 20:03:53.0,0.3165179688747639
2021-06-03 20:03:56.0,0.4788668765398703
2021-06-03 20:03:59.0,0.3962437177359883
2021-06-03 20:04:02.0,0.3642128444385437
2021-06-03 20:04:05.0,0.5422986331809441
2021-06-03 20:04:08.0,0.5422986331809441
2021-06-03 20:04:11.0,0.443741882140676
2021-06-03 20:04:14.0,0.40749223128271433
2021-06-03 20:04:17.0,0.5934782728203989
2021-06-03 20:04:20.0,0.6249906692634406
2021-06-03 20:04:23.0,0.6249906692634405
2021-06-03 20:04:26.0,0.6249906692634406
2021-06-03 20:04:29.0,0.500617526080016
2021-06-03 20:04:32.0,0.5063125634359072
2021-06-03 20:04:35.0,0.7126384133139729
2021-06-03 20:04:38.0,0.7126384133139729
2021-06-03 20:04:41.0,0.7126384133139729
2021-06-03 20:04:44.0,0.6099234947648398
2021-06-03 20:04:47.0,0.8250649886651698
2021-06-03 20:04:50.0,0.8250649886651698
2021-06-03 20:04:53.0,0.8250649886651698
2021-06-03 20:04:56.0,0.8250649886651698
2021-06-03 20:04:59.0,0.8878438793613499
2021-06-03 20:05:02.0,0.6606249007687947
2021-06-03 20:05:05.0,0.9213593125499379
2021-06-03 20:05:08.0,0.9213593125499379
2021-06-03 20:05:11.0,0.9213593125499379
2021-06-03 20:05:14.0,0.7283436526543458
2021-06-03 20:05:17.0,0.9700945317538185
2021-06-03 20:05:20.0,0.9700945317538185
2021-06-03 20:05:23.0,0.9700945317538185
2021-06-03 20:05:26.0,0.9793884349314216
2021-06-03 20:05:29.0,0.9892855225003012
2021-06-03 20:05:32.0,0.9892855225003012
2021-06-03 20:05:35.0,0.9892855225003012
2021-06-03 20:05:38.0,0.9892855225003012
2021-06-03 20:05:41.0,0.7740444729576383
2021-06-03 20:05:44.0,0.6954965493098658
2021-06-03 20:05:47.0,0.8636799096917748
2021-06-03 20:05:50.0,0.6793559705585006
2021-06-03 20:05:53.0,0.7040354714195356
2021-06-03 20:05:56.0,0.7811351880818409
2021-06-03 20:05:59.0,0.7651638381640977
2021-06-03 20:06:02.0,0.7940944246389509
2021-06-03 20:06:05.0,0.7552818159292796
2021-06-03 20:06:08.0,0.7887343960393438
2021-06-03 20:06:11.0,0.6075818202581829
2021-06-03 20:06:14.0,0.503623626239404
2021-06-03 20:06:17.0,0.6709025770580166
2021-06-03 20:06:20.0,0.6709025770580166
2021-06-03 20:06:23.0,0.666962131540884
2021-06-03 20:06:26.0,0.666962131540884
2021-06-03 20:06:29.0,0.6603898867903351
2021-06-03 20:06:32.0,0.6153901242746933
2021-06-03 20:06:35.0,0.6889266510446724
2021-06-03 20:06:38.0,0.6889266510446724
2021-06-03 20:06:41.0,0.48717794612817633
2021-06-03 20:06:44.0,0.5324826527776745
2021-06-03 20:06:47.0,0.7115804585560221
2021-06-03 20:06:50.0,0.7115804585560221
2021-06-03 20:06:53.0,0.7115804585560221
2021-06-03 20:06:56.0,0.6866087420785999
2021-06-03 20:06:59.0,0.6898334514309096
2021-06-03 20:07:02.0,0.6657573648540291
2021-06-03 20:07:05.0,0.6984208425429259
2021-06-03 20:07:08.0,0.6984208425429259
2021-06-03 20:07:11.0,0.4733572772886052
2021-06-03 20:07:14.0,0.48256561817228405
2021-06-03 20:07:17.0,0.7186636683904952
2021-06-03 20:07:20.0,0.6547810925926668
2021-06-03 20:07:23.0,0.6302262147992239
2021-06-03 20:07:26.0,0.7669044303341563
2021-06-03 20:07:29.0,0.7669044303341563
2021-06-03 20:07:32.0,0.7669044303341563
2021-06-03 20:07:35.0,0.7669044303341563
2021-06-03 20:07:38.0,0.7669044303341563
2021-06-03 20:07:41.0,0.5938245462285154
2021-06-03 20:07:44.0,0.5436585459305057
2021-06-03 20:07:47.0,0.6854752327973004
2021-06-03 20:07:50.0,0.6609900772595421
2021-06-03 20:07:53.0,0.5566059326748132
2021-06-03 20:07:56.0,0.5710203827652489
2021-06-03 20:07:59.0,0.5517428491279077
2021-06-03 20:08:02.0,0.46156639162716123
2021-06-03 20:08:05.0,0.6327481320046096
2021-06-03 20:08:08.0,0.6213867957002135
2021-06-03 20:08:11.0,0.5274284678848216
2021-06-03 20:08:14.0,0.5949805223736834
2021-06-03 20:08:18.0,0.5949805223736833
2021-06-03 20:08:21.0,0.5949805223736834
2021-06-03 20:08:24.0,0.5243706848394173
2021-06-03 20:08:27.0,0.5920179299000989
2021-06-03 20:08:30.0,0.5262966729456813
2021-06-03 20:08:33.0,0.5175912937358571
2021-06-03 20:08:36.0,0.5692978847217119
2021-06-03 20:08:39.0,0.5692978847217119
2021-06-03 20:08:42.0,0.4954427558084238
2021-06-03 20:08:45.0,0.5721666460217663
2021-06-03 20:08:48.0,0.5510377896810287
2021-06-03 20:08:51.0,0.5291974308071327
2021-06-03 20:08:54.0,0.5208226182113485
2021-06-03 20:08:57.0,0.5679738197506059
2021-06-03 20:09:00.0,0.5399336882286075
2021-06-03 20:09:03.0,0.5329195868438245
2021-06-03 20:09:06.0,0.5799537879522485
2021-06-03 20:09:09.0,0.5472703658596654
2021-06-03 20:09:12.0,0.550799961832408
2021-06-03 20:09:15.0,0.5916055436352845
2021-06-03 20:09:18.0,0.6019404446961324
2021-06-03 20:09:21.0,0.6019404446961324
2021-06-03 20:09:24.0,0.6019404446961324
2021-06-03 20:09:27.0,0.5798485307435153
2021-06-03 20:09:30.0,0.41288918622871573
2021-06-03 20:09:33.0,0.41288918622871573
2021-06-03 20:09:36.0,0.537679341443292
2021-06-03 20:09:39.0,0.4886281227772567
2021-06-03 20:09:42.0,0.4049459851081339
2021-06-03 20:09:45.0,0.634608368650934
2021-06-03 20:09:48.0,0.6128458376578501
2021-06-03 20:09:51.0,0.525786913497106
2021-06-03 20:09:54.0,0.5328212299791135
2021-06-03 20:09:57.0,0.6347709023184741
2021-06-03 20:10:00.0,0.6047959288448614
2021-06-03 20:10:03.0,0.5932080722104658
2021-06-03 20:10:06.0,0.5789587997252389
2021-06-03 20:10:09.0,0.45320281548470515
2021-06-03 20:10:12.0,0.44563093785871244
2021-06-03 20:10:15.0,0.4796638394972455
2021-06-03 20:10:18.0,0.38222624624497464
2021-06-03 20:10:21.0,0.38222624624497464
2021-06-03 20:10:24.0,0.3632111910283748
2021-06-03 20:10:27.0,0.4909851658189136
2021-06-03 20:10:30.0,0.49108766477113663
2021-06-03 20:10:33.0,0.4689565348591117
2021-06-03 20:10:36.0,0.5447970642973549
2021-06-03 20:10:39.0,0.5276786206934072
2021-06-03 20:10:42.0,0.5328231611017218
2021-06-03 20:10:45.0,0.6027762765988639
2021-06-03 20:10:48.0,0.5459505237780358
2021-06-03 20:10:51.0,0.5683094396945297
2021-06-03 20:10:54.0,0.595451111346398
2021-06-03 20:10:57.0,0.6360446695339191
2021-06-03 20:11:00.0,0.610047708898281
2021-06-03 20:11:03.0,0.5811683642117715
2021-06-03 20:11:06.0,0.6003230635655689
2021-06-03 20:11:09.0,0.5553407121080696
2021-06-03 20:11:12.0,0.5649008120291473
2021-06-03 20:11:15.0,0.6155566330034435
2021-06-03 20:11:18.0,0.6155566330034435
2021-06-03 20:11:21.0,0.6155566330034435
2021-06-03 20:11:24.0,0.56369589521669
2021-06-03 20:11:27.0,0.5586840985977537
2021-06-03 20:11:30.0,0.624895344636829
2021-06-03 20:11:33.0,0.624895344636829
2021-06-03 20:11:36.0,0.5784164844321238
2021-06-03 20:11:39.0,0.43822366829732506
2021-06-03 20:11:42.0,0.4367601755556484
2021-06-03 20:11:45.0,0.5700110473784237
2021-06-03 20:11:48.0,0.548126339036811
2021-06-03 20:11:51.0,0.5340261024694234
2021-06-03 20:11:54.0,0.49577048711967925
2021-06-03 20:11:57.0,0.4744195240682683
2021-06-03 20:12:00.0,0.4538492046623743
2021-06-03 20:12:03.0,0.4173141380555132
2021-06-03 20:12:06.0,0.5013253191724881
2021-06-03 20:12:09.0,0.3369713694898328
2021-06-03 20:12:12.0,0.3231823716893338
2021-06-03 20:12:15.0,0.3342268680584622
2021-06-03 20:12:18.0,0.2822094654200913
2021-06-03 20:12:21.0,0.25698873608757394
2021-06-03 20:12:24.0,0.2077607212728153
2021-06-03 20:12:27.0,0.22084404582972286
2021-06-03 20:12:30.0,0.2025192206935966
2021-06-03 20:12:33.0,0.17746488820851508
2021-06-03 20:12:36.0,0.1712650763968988
2021-06-03 20:12:39.0,0.1510775691180054
2021-06-03 20:12:42.0,0.12439151224546588
2021-06-03 20:12:45.0,0.08793725369678612
2021-06-03 20:12:48.0,0.0854456878152588
2021-06-03 20:12:51.0,0.0854456878152588
2021-06-03 20:12:54.0,0.07937858907557474
2021-06-03 20:12:57.0,0.059382906608220404
2021-06-03 20:13:00.0,0.040193407291118526
2021-06-03 20:13:04.0,0.03573513851165184
2021-06-03 20:13:07.0,0.028251447670321776
2021-06-03 20:13:10.0,0.025451195138814855
2021-06-03 20:13:13.0,0.015602679245959875
2021-06-03 20:13:16.0,0.0049040407591218515
2021-06-03 20:13:19.0,0.005019638617104693
2021-06-03 20:13:22.0,0.0047748598458013615
2021-06-03 20:13:25.0,0.004057937071066015
2021-06-03 20:13:28.0,0.002877146570740797
2021-06-03 20:13:31.0,0.0022309098194746584
2021-06-03 20:13:34.0,0.002368940110152564
2021-06-03 20:13:37.0,0.002763576598049265
2021-06-03 20:13:40.0,0.002588539641294369
2021-06-03 20:13:43.0,0.0024194298654134534
2021-06-03 20:13:46.0,0.0028617942424335754
2021-06-03 20:13:49.0,0.0026034174312227153
2021-06-03 20:13:52.0,0.002554223822247974
2021-06-03 20:13:55.0,0.002363144461635688
2021-06-03 20:13:58.0,0.0022073526076589584
2021-06-03 20:14:01.0,0.0022677202197566204
2021-06-03 20:14:04.0,0.0019151764056122716
2021-06-03 20:14:07.0,0.0015206009017249503
2021-06-03 20:14:10.0,7.405155555817247E-4
2021-06-03 20:14:13.0,7.405155555817247E-4
2021-06-03 20:14:16.0,0.0013961637640524343
2021-06-03 20:14:19.0,0.0013961637640524343
2021-06-03 20:14:22.0,0.0011441949869677494
2021-06-03 20:14:25.0,0.0013621725341744528
2021-06-03 20:14:28.0,0.0012595956271887383
2021-06-03 20:14:31.0,0.0012595956271887383
2021-06-03 20:14:34.0,0.0012595956271887383
2021-06-03 20:14:37.0,9.708333296557201E-4
2021-06-03 20:14:40.0,8.901439559743669E-4
2021-06-03 20:14:43.0,8.037118941612437E-4
2021-06-03 20:14:46.0,0.0013695350136328905
2021-06-03 20:14:49.0,0.0013695350136328905
2021-06-03 20:14:52.0,0.0011045604226063402
2021-06-03 20:14:55.0,0.0015592068985766357
2021-06-03 20:14:58.0,0.0015592068985766352
2021-06-03 20:15:01.0,0.0015592068985766352
2021-06-03 20:15:04.0,0.0015592068985766352
2021-06-03 20:15:07.0,0.0016802296779386565
2021-06-03 20:15:10.0,0.0016802296779386565
