2021-06-03 19:35:43.0,NaN
2021-06-03 19:35:46.0,NaN
2021-06-03 19:35:49.0,NaN
2021-06-03 19:35:52.0,NaN
2021-06-03 19:35:55.0,NaN
2021-06-03 19:35:58.0,NaN
2021-06-03 19:36:02.0,NaN
2021-06-03 19:36:05.0,NaN
2021-06-03 19:36:08.0,NaN
2021-06-03 19:36:11.0,NaN
2021-06-03 19:36:14.0,NaN
2021-06-03 19:36:17.0,NaN
2021-06-03 19:36:20.0,NaN
2021-06-03 19:36:23.0,NaN
2021-06-03 19:36:26.0,NaN
2021-06-03 19:36:29.0,NaN
2021-06-03 19:36:32.0,NaN
2021-06-03 19:36:35.0,NaN
2021-06-03 19:36:38.0,NaN
2021-06-03 19:36:41.0,100.0
2021-06-03 19:36:44.0,100.0
2021-06-03 19:36:47.0,100.0
2021-06-03 19:36:50.0,100.0
2021-06-03 19:36:53.0,100.0
2021-06-03 19:36:56.0,100.0
2021-06-03 19:36:59.0,100.0
2021-06-03 19:37:02.0,100.0
2021-06-03 19:37:05.0,100.0
2021-06-03 19:37:08.0,100.0
2021-06-03 19:37:11.0,100.0
2021-06-03 19:37:14.0,100.0
2021-06-03 19:37:17.0,100.0
2021-06-03 19:37:20.0,100.0
2021-06-03 19:37:23.0,100.0
2021-06-03 19:37:26.0,100.0
2021-06-03 19:37:29.0,100.0
2021-06-03 19:37:32.0,100.0
2021-06-03 19:37:35.0,100.0
2021-06-03 19:37:38.0,100.0
2021-06-03 19:37:41.0,100.0
2021-06-03 19:37:44.0,100.0
2021-06-03 19:37:47.0,100.0
2021-06-03 19:37:50.0,100.0
2021-06-03 19:37:53.0,100.0
2021-06-03 19:37:56.0,100.0
2021-06-03 19:37:59.0,100.0
2021-06-03 19:38:02.0,100.0
2021-06-03 19:38:05.0,100.0
2021-06-03 19:38:08.0,100.0
2021-06-03 19:38:11.0,100.0
2021-06-03 19:38:14.0,100.0
2021-06-03 19:38:17.0,100.0
2021-06-03 19:38:20.0,100.0
2021-06-03 19:38:23.0,100.0
2021-06-03 19:38:26.0,100.0
2021-06-03 19:38:29.0,100.0
2021-06-03 19:38:32.0,100.0
2021-06-03 19:38:35.0,100.0
2021-06-03 19:38:38.0,100.0
2021-06-03 19:38:41.0,100.0
2021-06-03 19:38:44.0,100.0
2021-06-03 19:38:47.0,100.0
2021-06-03 19:38:50.0,100.0
2021-06-03 19:38:53.0,100.0
2021-06-03 19:38:56.0,100.0
2021-06-03 19:38:59.0,100.0
2021-06-03 19:39:02.0,100.0
2021-06-03 19:39:05.0,100.0
2021-06-03 19:39:08.0,100.0
2021-06-03 19:39:11.0,100.0
2021-06-03 19:39:14.0,100.0
2021-06-03 19:39:17.0,100.0
2021-06-03 19:39:20.0,100.0
2021-06-03 19:39:23.0,100.0
2021-06-03 19:39:26.0,100.0
2021-06-03 19:39:29.0,100.0
2021-06-03 19:39:32.0,100.0
2021-06-03 19:39:35.0,100.0
2021-06-03 19:39:38.0,100.0
2021-06-03 19:39:41.0,100.0
2021-06-03 19:39:44.0,100.0
2021-06-03 19:39:47.0,100.0
2021-06-03 19:39:50.0,100.0
2021-06-03 19:39:53.0,100.0
2021-06-03 19:39:56.0,100.0
2021-06-03 19:39:59.0,100.0
2021-06-03 19:40:02.0,100.0
2021-06-03 19:40:05.0,100.0
2021-06-03 19:40:08.0,100.0
2021-06-03 19:40:11.0,100.0
2021-06-03 19:40:14.0,100.0
2021-06-03 19:40:17.0,100.0
2021-06-03 19:40:20.0,100.0
2021-06-03 19:40:23.0,100.0
2021-06-03 19:40:26.0,100.0
2021-06-03 19:40:29.0,100.0
2021-06-03 19:40:33.0,100.0
2021-06-03 19:40:36.0,99.91191648458599
2021-06-03 19:40:39.0,99.91257455544654
2021-06-03 19:40:42.0,99.90999896619003
2021-06-03 19:40:45.0,99.90682891034467
2021-06-03 19:40:48.0,99.90431585559547
2021-06-03 19:40:51.0,99.53727798234522
2021-06-03 19:40:54.0,99.54362649976464
2021-06-03 19:40:57.0,99.5326431077652
2021-06-03 19:41:00.0,99.52180205876762
2021-06-03 19:41:03.0,99.51112527919395
2021-06-03 19:41:06.0,98.73570803441231
2021-06-03 19:41:09.0,98.74871280959735
2021-06-03 19:41:12.0,98.7233323836944
2021-06-03 19:41:15.0,98.69826794948561
2021-06-03 19:41:18.0,98.67349738304812
2021-06-03 19:41:21.0,98.10280981849196
2021-06-03 19:41:24.0,98.12478555413942
2021-06-03 19:41:27.0,98.0918687919666
2021-06-03 19:41:30.0,98.05950375352461
2021-06-03 19:41:33.0,98.02750827233449
2021-06-03 19:41:36.0,97.3802599752176
2021-06-03 19:41:39.0,97.39942184775967
2021-06-03 19:41:42.0,97.35934227083703
2021-06-03 19:41:45.0,97.30811099810744
2021-06-03 19:41:48.0,95.903114089457
2021-06-03 19:41:51.0,95.9637275908846
2021-06-03 19:41:54.0,95.87743456808312
2021-06-03 19:41:57.0,95.70120927422812
2021-06-03 19:42:00.0,95.52840242168644
2021-06-03 19:42:03.0,95.88906878184615
2021-06-03 19:42:06.0,95.97860755185546
2021-06-03 19:42:09.0,95.59043848722007
2021-06-03 19:42:12.0,95.48294521771197
2021-06-03 19:42:15.0,95.37762254849362
2021-06-03 19:42:18.0,95.81532482787554
2021-06-03 19:42:21.0,94.4503388507401
2021-06-03 19:42:24.0,94.48307857151187
2021-06-03 19:42:27.0,94.4055925559235
2021-06-03 19:42:30.0,94.3293636523372
2021-06-03 19:42:33.0,94.57889269098048
2021-06-03 19:42:36.0,93.2250924579217
2021-06-03 19:42:39.0,93.27471732378592
2021-06-03 19:42:42.0,93.20745669071155
2021-06-03 19:42:45.0,93.12368710435646
2021-06-03 19:42:48.0,93.28996175994462
2021-06-03 19:42:51.0,92.37700831369659
2021-06-03 19:42:54.0,92.47842622948616
2021-06-03 19:42:57.0,92.4181848407197
2021-06-03 19:43:00.0,92.35859900718249
2021-06-03 19:43:03.0,92.35006646316859
2021-06-03 19:43:06.0,91.64557631926145
2021-06-03 19:43:09.0,91.76331532579191
2021-06-03 19:43:12.0,91.70455842925894
2021-06-03 19:43:15.0,91.6468288762926
2021-06-03 19:43:18.0,89.96894525181484
2021-06-03 19:43:21.0,90.25202853140382
2021-06-03 19:43:24.0,90.36064891039518
2021-06-03 19:43:27.0,90.27458466128137
2021-06-03 19:43:30.0,90.18968173960461
2021-06-03 19:43:33.0,89.73569896311717
2021-06-03 19:43:36.0,89.98098731322052
2021-06-03 19:43:39.0,90.03864338658924
2021-06-03 19:43:42.0,89.95314454750249
2021-06-03 19:43:45.0,88.61087745524982
2021-06-03 19:43:48.0,88.71996770547464
2021-06-03 19:43:51.0,88.75425042755563
2021-06-03 19:43:54.0,88.66964942414091
2021-06-03 19:43:57.0,88.42955089767767
2021-06-03 19:44:00.0,88.19362110349475
2021-06-03 19:44:03.0,88.0062015537019
2021-06-03 19:44:06.0,87.99503753583306
2021-06-03 19:44:09.0,87.8652276613022
2021-06-03 19:44:12.0,87.62800043615265
2021-06-03 19:44:15.0,88.29081208310332
2021-06-03 19:44:18.0,87.58164195361158
2021-06-03 19:44:21.0,87.64240243616247
2021-06-03 19:44:24.0,87.59923659584727
2021-06-03 19:44:27.0,87.42515386765317
2021-06-03 19:44:30.0,87.88494724967903
2021-06-03 19:44:33.0,86.73399539891115
2021-06-03 19:44:36.0,86.79673085484232
2021-06-03 19:44:39.0,86.83645359784708
2021-06-03 19:44:42.0,86.68974521340448
2021-06-03 19:44:45.0,86.52643020619118
2021-06-03 19:44:48.0,85.81958919173874
2021-06-03 19:44:51.0,85.94537694776912
2021-06-03 19:44:54.0,86.0431106780098
2021-06-03 19:44:57.0,85.98060749142236
2021-06-03 19:45:00.0,85.91845541623955
2021-06-03 19:45:03.0,85.34706696362696
2021-06-03 19:45:06.0,85.44040949417251
2021-06-03 19:45:09.0,85.53987430333284
2021-06-03 19:45:13.0,85.47618307795842
2021-06-03 19:45:16.0,85.41291036195824
2021-06-03 19:45:19.0,85.54976193258467
2021-06-03 19:45:22.0,85.63879567143833
2021-06-03 19:45:25.0,85.1697731845924
2021-06-03 19:45:28.0,85.11381928060135
2021-06-03 19:45:31.0,85.05834221069631
2021-06-03 19:45:34.0,85.2204447879688
2021-06-03 19:45:37.0,85.08056492842451
2021-06-03 19:45:40.0,85.19421019021367
2021-06-03 19:45:43.0,85.14204469729246
2021-06-03 19:45:46.0,85.07525382453672
2021-06-03 19:45:49.0,85.32080138096374
2021-06-03 19:45:52.0,85.44397803707503
2021-06-03 19:45:55.0,85.54132635330598
2021-06-03 19:45:58.0,85.50168776559597
2021-06-03 19:46:01.0,85.4624483682864
2021-06-03 19:46:04.0,85.90717374571487
2021-06-03 19:46:07.0,86.02107263475067
2021-06-03 19:46:10.0,86.14364275746664
2021-06-03 19:46:13.0,86.11758822027153
2021-06-03 19:46:16.0,86.09181526575452
2021-06-03 19:46:19.0,86.42860191686368
2021-06-03 19:46:22.0,86.52318760928468
2021-06-03 19:46:25.0,86.62080563336237
2021-06-03 19:46:28.0,86.59977138296756
2021-06-03 19:46:31.0,86.57892771103923
2021-06-03 19:46:34.0,86.82487499760212
2021-06-03 19:46:37.0,86.89824371054738
2021-06-03 19:46:40.0,86.95052312924366
2021-06-03 19:46:43.0,86.93119425820205
2021-06-03 19:46:46.0,86.9018647435069
2021-06-03 19:46:49.0,87.08177987271596
2021-06-03 19:46:52.0,87.1200676845702
2021-06-03 19:46:55.0,87.14168730946069
2021-06-03 19:46:58.0,87.12289553922704
2021-06-03 19:47:01.0,87.10426731475671
2021-06-03 19:47:04.0,87.21514797779606
2021-06-03 19:47:07.0,87.2212714653154
2021-06-03 19:47:10.0,87.21670243959933
2021-06-03 19:47:13.0,87.19757666168888
2021-06-03 19:47:16.0,87.17856237339132
2021-06-03 19:47:19.0,87.25033710979037
2021-06-03 19:47:22.0,87.23564992534467
2021-06-03 19:47:25.0,87.2158298768336
2021-06-03 19:47:28.0,87.19617408112485
2021-06-03 19:47:31.0,87.17671918638833
2021-06-03 19:47:34.0,87.25059515745656
2021-06-03 19:47:37.0,87.23564599403734
2021-06-03 19:47:40.0,87.21563394328102
2021-06-03 19:47:43.0,87.19587068291395
2021-06-03 19:47:46.0,87.16787793657399
2021-06-03 19:47:49.0,87.15254193370656
2021-06-03 19:47:52.0,87.21129191234664
2021-06-03 19:47:55.0,87.21458757285171
2021-06-03 19:47:58.0,87.21367650289437
2021-06-03 19:48:01.0,87.21276910050182
2021-06-03 19:48:04.0,87.22981533298837
2021-06-03 19:48:07.0,87.22898128346093
2021-06-03 19:48:10.0,87.2449002487489
2021-06-03 19:48:13.0,87.24404389728697
2021-06-03 19:48:16.0,87.24319148013127
2021-06-03 19:48:19.0,87.26509261749533
2021-06-03 19:48:22.0,87.26432954598098
2021-06-03 19:48:25.0,87.32890798069732
2021-06-03 19:48:28.0,87.3280507713925
2021-06-03 19:48:31.0,87.327199114412
2021-06-03 19:48:34.0,87.33061804935264
2021-06-03 19:48:37.0,87.3297809006663
2021-06-03 19:48:40.0,87.44245108160679
2021-06-03 19:48:43.0,87.44145327997089
2021-06-03 19:48:46.0,87.43331234647064
2021-06-03 19:48:49.0,87.43232860164387
2021-06-03 19:48:52.0,87.43486099830886
2021-06-03 19:48:55.0,87.57801377377969
2021-06-03 19:48:58.0,87.57801377377969
2021-06-03 19:49:01.0,87.57801377377969
2021-06-03 19:49:04.0,87.57801377377969
2021-06-03 19:49:07.0,87.57801377377969
2021-06-03 19:49:10.0,87.74689780872473
2021-06-03 19:49:13.0,87.74689780872473
2021-06-03 19:49:16.0,87.74689780872473
2021-06-03 19:49:19.0,87.74689780872473
2021-06-03 19:49:22.0,87.74689780872473
2021-06-03 19:49:25.0,87.93463788973771
2021-06-03 19:49:28.0,87.93463788973771
2021-06-03 19:49:31.0,87.93463788973771
2021-06-03 19:49:34.0,87.93463788973771
2021-06-03 19:49:37.0,87.93463788973771
2021-06-03 19:49:40.0,88.14111510157132
2021-06-03 19:49:43.0,88.13483208170095
2021-06-03 19:49:46.0,88.13483208170095
2021-06-03 19:49:49.0,88.13483208170095
2021-06-03 19:49:52.0,88.13483208170095
2021-06-03 19:49:55.0,88.36478051322437
2021-06-03 19:49:58.0,88.36478051322437
2021-06-03 19:50:02.0,88.36478051322437
2021-06-03 19:50:05.0,88.36478051322437
2021-06-03 19:50:08.0,88.36478051322437
2021-06-03 19:50:11.0,88.58765451783653
2021-06-03 19:50:14.0,88.58765451783653
2021-06-03 19:50:17.0,88.58765451783653
2021-06-03 19:50:20.0,88.58765451783653
2021-06-03 19:50:23.0,88.58765451783653
2021-06-03 19:50:26.0,88.78686711052876
2021-06-03 19:50:29.0,88.78686711052876
2021-06-03 19:50:32.0,88.78686711052876
2021-06-03 19:50:35.0,88.78686711052876
2021-06-03 19:50:38.0,88.78686711052876
2021-06-03 19:50:41.0,88.95194344896899
2021-06-03 19:50:44.0,88.94642157444127
2021-06-03 19:50:47.0,88.94642157444127
2021-06-03 19:50:50.0,88.94642157444127
2021-06-03 19:50:53.0,89.06127233151913
2021-06-03 19:50:56.0,89.18650910536657
2021-06-03 19:50:59.0,89.20420565431152
2021-06-03 19:51:02.0,89.22183106237993
2021-06-03 19:51:05.0,89.23940321893694
2021-06-03 19:51:08.0,89.3060163051153
2021-06-03 19:51:11.0,89.46710915256281
2021-06-03 19:51:14.0,89.48825079686978
2021-06-03 19:51:17.0,89.50939072988064
2021-06-03 19:51:20.0,89.53043784244912
2021-06-03 19:51:23.0,89.56090172051206
2021-06-03 19:51:26.0,89.70690523785755
2021-06-03 19:51:29.0,89.72775963394315
2021-06-03 19:51:32.0,89.74848326062707
2021-06-03 19:51:35.0,89.76915242089055
2021-06-03 19:51:38.0,89.76716313737997
2021-06-03 19:51:41.0,89.8788065720363
2021-06-03 19:51:44.0,89.89341666330967
2021-06-03 19:51:47.0,89.91230041791978
2021-06-03 19:51:50.0,89.93114413245479
2021-06-03 19:51:53.0,89.82307853077508
2021-06-03 19:51:56.0,89.91707561626095
2021-06-03 19:51:59.0,89.93076189650033
2021-06-03 19:52:02.0,89.94439936632163
2021-06-03 19:52:05.0,89.95800181499675
2021-06-03 19:52:08.0,89.9211472146202
2021-06-03 19:52:11.0,90.02472179045459
2021-06-03 19:52:14.0,90.03637626146644
2021-06-03 19:52:17.0,90.04797141420254
2021-06-03 19:52:20.0,90.05953831408256
2021-06-03 19:52:23.0,89.9023015485819
2021-06-03 19:52:26.0,89.9818407036518
2021-06-03 19:52:29.0,89.98868069820595
2021-06-03 19:52:32.0,89.99549356379639
2021-06-03 19:52:35.0,90.00230878306004
2021-06-03 19:52:38.0,89.8688394322415
2021-06-03 19:52:41.0,89.87034133249804
2021-06-03 19:52:44.0,89.86789696019419
2021-06-03 19:52:47.0,89.84492693884062
2021-06-03 19:52:50.0,89.84200980721026
2021-06-03 19:52:53.0,89.69155093427213
2021-06-03 19:52:56.0,89.68474455257332
2021-06-03 19:52:59.0,89.5999467017012
2021-06-03 19:53:02.0,89.45117631647564
2021-06-03 19:53:05.0,89.41921292593594
2021-06-03 19:53:08.0,89.50996676156807
2021-06-03 19:53:11.0,89.47934572399886
2021-06-03 19:53:14.0,89.27765409891123
2021-06-03 19:53:17.0,89.37306987462763
2021-06-03 19:53:20.0,89.33652890794072
2021-06-03 19:53:23.0,89.44354670957557
2021-06-03 19:53:26.0,89.4084102421205
2021-06-03 19:53:29.0,89.58692296159384
2021-06-03 19:53:32.0,89.45346338016333
2021-06-03 19:53:35.0,89.42691105559742
2021-06-03 19:53:38.0,89.52384684636029
2021-06-03 19:53:41.0,89.49821928102327
2021-06-03 19:53:44.0,89.60989182373527
2021-06-03 19:53:47.0,89.68573216254883
2021-06-03 19:53:50.0,89.67038144777798
2021-06-03 19:53:53.0,89.76826578690248
2021-06-03 19:53:56.0,89.75352547289557
2021-06-03 19:53:59.0,89.52125893268676
2021-06-03 19:54:02.0,89.59876763650074
2021-06-03 19:54:05.0,89.57965532969526
2021-06-03 19:54:08.0,89.65696717758024
2021-06-03 19:54:11.0,89.63844401304787
2021-06-03 19:54:14.0,89.38246187968973
2021-06-03 19:54:17.0,89.43904259109497
2021-06-03 19:54:20.0,89.41604957418294
2021-06-03 19:54:23.0,89.49542289168015
2021-06-03 19:54:26.0,89.47300428750498
2021-06-03 19:54:29.0,89.54162445349264
2021-06-03 19:54:32.0,89.5939678298592
2021-06-03 19:54:35.0,89.57581617120366
2021-06-03 19:54:39.0,89.54015197420135
2021-06-03 19:54:42.0,89.52144772928992
2021-06-03 19:54:45.0,89.57408290938751
2021-06-03 19:54:48.0,89.47766984240698
2021-06-03 19:54:51.0,89.45946093269932
2021-06-03 19:54:54.0,89.52876688458326
2021-06-03 19:54:57.0,89.51017921408571
2021-06-03 19:55:00.0,89.57448888546895
2021-06-03 19:55:03.0,89.60351637857713
2021-06-03 19:55:06.0,89.58034058681211
2021-06-03 19:55:09.0,89.69957973211655
2021-06-03 19:55:12.0,89.68198010811146
2021-06-03 19:55:15.0,89.5749092448661
2021-06-03 19:55:18.0,89.58911430352244
2021-06-03 19:55:21.0,89.55662021053068
2021-06-03 19:55:24.0,89.57647240361489
2021-06-03 19:55:27.0,89.54588717561683
2021-06-03 19:55:30.0,89.79727609997035
2021-06-03 19:55:33.0,89.8238575483512
2021-06-03 19:55:36.0,89.80606885628403
2021-06-03 19:55:39.0,89.86165275749026
2021-06-03 19:55:42.0,89.84478039666674
2021-06-03 19:55:45.0,90.03505261613577
2021-06-03 19:55:48.0,90.06602089964073
2021-06-03 19:55:51.0,90.08791341080078
2021-06-03 19:55:54.0,90.11171342697799
2021-06-03 19:55:57.0,90.10223469007137
2021-06-03 19:56:00.0,90.08845381821693
2021-06-03 19:56:03.0,90.1085605912195
2021-06-03 19:56:06.0,90.1274204051767
2021-06-03 19:56:09.0,90.17124156895704
2021-06-03 19:56:12.0,90.16236236872956
2021-06-03 19:56:15.0,90.20431902566051
2021-06-03 19:56:18.0,90.23250940291324
2021-06-03 19:56:21.0,90.25320541499656
2021-06-03 19:56:24.0,90.28085043027741
2021-06-03 19:56:27.0,90.27284433462312
2021-06-03 19:56:30.0,90.40088030283167
2021-06-03 19:56:33.0,90.42076619558337
2021-06-03 19:56:36.0,90.37051442316243
2021-06-03 19:56:39.0,90.38748301875601
2021-06-03 19:56:42.0,90.4397720297225
2021-06-03 19:56:45.0,90.48028656636326
2021-06-03 19:56:48.0,90.36336062660656
2021-06-03 19:56:51.0,90.36749610522192
2021-06-03 19:56:54.0,90.38700397026373
2021-06-03 19:56:57.0,90.41795737219927
2021-06-03 19:57:00.0,90.46890630500933
2021-06-03 19:57:03.0,90.43451051868568
2021-06-03 19:57:06.0,90.42619001987316
2021-06-03 19:57:09.0,90.43874058572794
2021-06-03 19:57:12.0,90.47366956268849
2021-06-03 19:57:15.0,90.46120135759416
2021-06-03 19:57:18.0,90.46186761227123
2021-06-03 19:57:21.0,90.46092882987539
2021-06-03 19:57:24.0,90.46975807317214
2021-06-03 19:57:27.0,90.49975342095522
2021-06-03 19:57:30.0,90.59949639450899
2021-06-03 19:57:33.0,90.61765958467117
2021-06-03 19:57:36.0,90.62102922912665
2021-06-03 19:57:39.0,90.63440652234138
2021-06-03 19:57:42.0,90.6692989881887
2021-06-03 19:57:45.0,90.73820635018184
2021-06-03 19:57:48.0,90.75264852379907
2021-06-03 19:57:51.0,90.74374954884559
2021-06-03 19:57:54.0,90.75733330272814
2021-06-03 19:57:57.0,90.81425330409671
2021-06-03 19:58:00.0,90.83062426499986
2021-06-03 19:58:03.0,90.83779747846225
2021-06-03 19:58:06.0,90.81756128007878
2021-06-03 19:58:09.0,90.82723008661347
2021-06-03 19:58:12.0,90.87086054909118
2021-06-03 19:58:15.0,90.87679496657263
2021-06-03 19:58:18.0,90.88185864142508
2021-06-03 19:58:21.0,90.85106226996609
2021-06-03 19:58:24.0,90.85472654586447
2021-06-03 19:58:27.0,90.88828050129798
2021-06-03 19:58:31.0,90.89038590331873
2021-06-03 19:58:34.0,90.89128255939599
2021-06-03 19:58:37.0,90.85586168208512
2021-06-03 19:58:40.0,90.85652528310901
2021-06-03 19:58:43.0,90.88745460456114
2021-06-03 19:58:46.0,90.88730833202256
2021-06-03 19:58:49.0,90.8879899202684
2021-06-03 19:58:52.0,90.87576211619125
2021-06-03 19:58:55.0,90.86199865896741
2021-06-03 19:58:58.0,90.87339726512478
2021-06-03 19:59:01.0,90.87887594954286
2021-06-03 19:59:04.0,90.87722269424295
2021-06-03 19:59:07.0,90.86809503550403
2021-06-03 19:59:10.0,90.86663070988486
2021-06-03 19:59:13.0,90.88020168364332
2021-06-03 19:59:16.0,90.87862267549261
2021-06-03 19:59:19.0,90.87725453971652
2021-06-03 19:59:22.0,90.86841937809861
2021-06-03 19:59:25.0,90.8670264910164
2021-06-03 19:59:28.0,90.88008855888991
2021-06-03 19:59:31.0,90.87858047983954
2021-06-03 19:59:34.0,90.87727825183391
2021-06-03 19:59:37.0,90.86872274014486
2021-06-03 19:59:40.0,90.86739610510068
2021-06-03 19:59:43.0,90.87999287125963
2021-06-03 19:59:46.0,90.87714326178232
2021-06-03 19:59:49.0,90.87589401238858
2021-06-03 19:59:52.0,90.87465817948912
2021-06-03 19:59:55.0,90.86802342781802
2021-06-03 19:59:58.0,90.86537929739171
2021-06-03 20:00:01.0,90.87281916072287
2021-06-03 20:00:04.0,90.87271354111415
2021-06-03 20:00:07.0,90.87271354111415
2021-06-03 20:00:10.0,90.87271354111415
2021-06-03 20:00:13.0,90.87271354111415
2021-06-03 20:00:16.0,90.87271354111415
2021-06-03 20:00:19.0,90.87271354111415
2021-06-03 20:00:22.0,90.87271354111415
2021-06-03 20:00:25.0,90.87271354111415
2021-06-03 20:00:28.0,90.87271354111415
2021-06-03 20:00:31.0,90.87271354111415
2021-06-03 20:00:34.0,90.87271354111415
2021-06-03 20:00:37.0,90.87271354111415
2021-06-03 20:00:40.0,90.87271354111415
2021-06-03 20:00:43.0,90.87271354111415
2021-06-03 20:00:46.0,90.87141690175933
2021-06-03 20:00:49.0,90.87141690175933
2021-06-03 20:00:52.0,90.87141690175933
2021-06-03 20:00:55.0,90.87141690175933
2021-06-03 20:00:58.0,90.87141690175933
2021-06-03 20:01:01.0,90.87141690175933
2021-06-03 20:01:04.0,90.87141690175933
2021-06-03 20:01:07.0,90.87141690175933
2021-06-03 20:01:10.0,90.87141690175933
2021-06-03 20:01:13.0,90.87141690175933
2021-06-03 20:01:16.0,90.87141690175933
2021-06-03 20:01:19.0,90.87141690175933
2021-06-03 20:01:22.0,90.87141690175933
2021-06-03 20:01:25.0,90.87141690175933
2021-06-03 20:01:28.0,90.87141690175933
2021-06-03 20:01:31.0,90.87141690175933
2021-06-03 20:01:34.0,90.87141690175933
2021-06-03 20:01:37.0,90.87141690175933
2021-06-03 20:01:40.0,90.87141690175933
2021-06-03 20:01:43.0,90.87141690175933
2021-06-03 20:01:46.0,90.87021684625705
2021-06-03 20:01:49.0,90.87021684625705
2021-06-03 20:01:52.0,90.87021684625705
2021-06-03 20:01:55.0,90.87021684625705
2021-06-03 20:01:58.0,90.87021684625705
2021-06-03 20:02:01.0,90.87021684625705
2021-06-03 20:02:04.0,90.87021684625705
2021-06-03 20:02:07.0,90.87021684625705
2021-06-03 20:02:10.0,90.87021684625705
2021-06-03 20:02:13.0,90.87021684625705
2021-06-03 20:02:16.0,90.87021684625705
2021-06-03 20:02:19.0,90.87021684625705
2021-06-03 20:02:22.0,90.87021684625705
2021-06-03 20:02:25.0,90.87232778294447
2021-06-03 20:02:28.0,90.87232778294447
2021-06-03 20:02:31.0,90.87232778294447
2021-06-03 20:02:34.0,90.87232778294447
2021-06-03 20:02:37.0,90.87232778294447
2021-06-03 20:02:40.0,90.88532368618999
2021-06-03 20:02:43.0,90.8842086452072
2021-06-03 20:02:46.0,90.8842086452072
2021-06-03 20:02:49.0,90.8842086452072
2021-06-03 20:02:52.0,90.8842086452072
2021-06-03 20:02:55.0,90.91043648464453
2021-06-03 20:02:58.0,90.91043648464453
2021-06-03 20:03:01.0,90.91043648464453
2021-06-03 20:03:04.0,90.91043648464453
2021-06-03 20:03:07.0,90.91043648464453
2021-06-03 20:03:11.0,90.94794052272114
2021-06-03 20:03:14.0,90.94794052272114
2021-06-03 20:03:17.0,90.94794052272114
2021-06-03 20:03:20.0,90.94794052272114
2021-06-03 20:03:23.0,90.94794052272114
2021-06-03 20:03:26.0,90.9974671159397
2021-06-03 20:03:29.0,90.9974671159397
2021-06-03 20:03:32.0,90.9974671159397
2021-06-03 20:03:35.0,90.9974671159397
2021-06-03 20:03:38.0,90.9974671159397
2021-06-03 20:03:41.0,91.05794352210367
2021-06-03 20:03:44.0,91.05689396530744
2021-06-03 20:03:47.0,91.05689396530744
2021-06-03 20:03:50.0,91.05689396530744
2021-06-03 20:03:53.0,91.05689396530744
2021-06-03 20:03:56.0,91.12421105153244
2021-06-03 20:03:59.0,91.12421105153244
2021-06-03 20:04:02.0,91.12421105153244
2021-06-03 20:04:05.0,91.12421105153244
2021-06-03 20:04:08.0,91.12421105153244
2021-06-03 20:04:11.0,91.20360051359498
2021-06-03 20:04:14.0,91.20360051359498
2021-06-03 20:04:17.0,91.20360051359498
2021-06-03 20:04:20.0,91.20360051359498
2021-06-03 20:04:23.0,91.20360051359498
2021-06-03 20:04:26.0,91.28542916155064
2021-06-03 20:04:29.0,91.28542916155064
2021-06-03 20:04:32.0,91.28542916155064
2021-06-03 20:04:35.0,91.28542916155064
2021-06-03 20:04:38.0,91.28542916155064
2021-06-03 20:04:41.0,91.36165839033534
2021-06-03 20:04:44.0,91.36066256574881
2021-06-03 20:04:47.0,91.36066256574881
2021-06-03 20:04:50.0,91.36066256574881
2021-06-03 20:04:53.0,91.36066256574881
2021-06-03 20:04:56.0,91.4392773210108
2021-06-03 20:04:59.0,91.4392773210108
2021-06-03 20:05:02.0,91.4392773210108
2021-06-03 20:05:05.0,91.4392773210108
2021-06-03 20:05:08.0,91.4392773210108
2021-06-03 20:05:11.0,91.50644444237096
2021-06-03 20:05:14.0,91.50644444237096
2021-06-03 20:05:17.0,91.50644444237096
2021-06-03 20:05:20.0,91.50644444237096
2021-06-03 20:05:23.0,91.50644444237096
2021-06-03 20:05:26.0,91.55786107241236
2021-06-03 20:05:29.0,91.55786107241236
2021-06-03 20:05:32.0,91.55786107241236
2021-06-03 20:05:35.0,91.55786107241236
2021-06-03 20:05:38.0,91.55786107241236
2021-06-03 20:05:41.0,91.60539052112632
2021-06-03 20:05:44.0,91.60444916289725
2021-06-03 20:05:47.0,91.60444916289725
2021-06-03 20:05:50.0,91.60444916289725
2021-06-03 20:05:53.0,91.56961112318022
2021-06-03 20:05:56.0,91.55773438911645
2021-06-03 20:05:59.0,91.54589901775323
2021-06-03 20:06:02.0,91.53408522797886
2021-06-03 20:06:05.0,91.52226551377592
2021-06-03 20:06:08.0,91.57518939021762
2021-06-03 20:06:11.0,91.56648639314521
2021-06-03 20:06:14.0,91.55778667399144
2021-06-03 20:06:17.0,91.54908736823435
2021-06-03 20:06:20.0,91.54040291589432
2021-06-03 20:06:23.0,91.58751632220111
2021-06-03 20:06:26.0,91.58057195818915
2021-06-03 20:06:29.0,91.57363499703149
2021-06-03 20:06:32.0,91.56673523505009
2021-06-03 20:06:35.0,91.55983818135947
2021-06-03 20:06:38.0,91.58477836970872
2021-06-03 20:06:41.0,91.57995773050818
2021-06-03 20:06:44.0,91.5742683372152
2021-06-03 20:06:47.0,91.56946366971293
2021-06-03 20:06:50.0,91.56466049895707
2021-06-03 20:06:53.0,91.49052181187268
2021-06-03 20:06:56.0,91.48182134359708
2021-06-03 20:06:59.0,91.47312909531905
2021-06-03 20:07:02.0,91.46445656916694
2021-06-03 20:07:05.0,91.45581519342801
2021-06-03 20:07:08.0,91.4271226049704
2021-06-03 20:07:11.0,91.42071887230297
2021-06-03 20:07:14.0,91.41432755884432
2021-06-03 20:07:17.0,91.40795285761804
2021-06-03 20:07:20.0,91.40159049209002
2021-06-03 20:07:23.0,91.37133329260112
2021-06-03 20:07:26.0,91.36474393116687
2021-06-03 20:07:29.0,91.35815220132034
2021-06-03 20:07:32.0,91.35158213952002
2021-06-03 20:07:35.0,91.34502713174676
2021-06-03 20:07:38.0,91.30530618255366
2021-06-03 20:07:41.0,91.300480186954
2021-06-03 20:07:44.0,91.29488175447469
2021-06-03 20:07:47.0,91.29007299737061
2021-06-03 20:07:50.0,91.28527356965996
2021-06-03 20:07:53.0,91.36031761239774
2021-06-03 20:07:56.0,91.35661777396356
2021-06-03 20:08:00.0,91.35292618101656
2021-06-03 20:08:03.0,90.84426110100299
2021-06-03 20:08:06.0,90.78309276126616
2021-06-03 20:08:09.0,90.80727921946355
2021-06-03 20:08:12.0,90.74738472919104
2021-06-03 20:08:15.0,90.68776854674647
2021-06-03 20:08:18.0,90.71680612088736
2021-06-03 20:08:21.0,90.66353381877471
2021-06-03 20:08:24.0,90.68522674715123
2021-06-03 20:08:27.0,90.63296998023581
2021-06-03 20:08:30.0,90.58100555018156
2021-06-03 20:08:33.0,90.46676532085549
2021-06-03 20:08:36.0,90.41112803414003
2021-06-03 20:08:39.0,90.424657800367
2021-06-03 20:08:42.0,90.36988341688836
2021-06-03 20:08:45.0,90.31443937665435
2021-06-03 20:08:48.0,90.20564369562524
2021-06-03 20:08:51.0,90.14990809877203
2021-06-03 20:08:54.0,90.1654103757185
2021-06-03 20:08:57.0,90.11066127137796
2021-06-03 20:09:00.0,90.05612373715236
2021-06-03 20:09:03.0,89.93013336381138
2021-06-03 20:09:06.0,89.87348525302306
2021-06-03 20:09:09.0,89.88746569888566
2021-06-03 20:09:12.0,89.83151404567523
2021-06-03 20:09:15.0,89.77585161855558
2021-06-03 20:09:18.0,89.67810830601093
2021-06-03 20:09:21.0,89.62142124540662
2021-06-03 20:09:24.0,89.61886902902411
2021-06-03 20:09:27.0,89.56275908774064
2021-06-03 20:09:30.0,89.5069924420277
2021-06-03 20:09:33.0,89.4827225557547
2021-06-03 20:09:36.0,89.42798890364969
2021-06-03 20:09:39.0,89.27237606628357
2021-06-03 20:09:42.0,89.21656225032385
2021-06-03 20:09:45.0,89.15990558569379
2021-06-03 20:09:48.0,89.44374969596295
2021-06-03 20:09:51.0,89.395514804278
2021-06-03 20:09:54.0,89.33825841727302
2021-06-03 20:09:57.0,89.29014262151854
2021-06-03 20:10:00.0,88.89691667854052
2021-06-03 20:10:03.0,89.06419045853352
2021-06-03 20:10:06.0,88.96672889420603
2021-06-03 20:10:09.0,88.93072301216394
2021-06-03 20:10:12.0,88.83460573791079
2021-06-03 20:10:15.0,88.74983497270873
2021-06-03 20:10:18.0,88.8858992757889
2021-06-03 20:10:21.0,88.7957805076355
2021-06-03 20:10:24.0,88.77136605414609
2021-06-03 20:10:27.0,88.68234094617091
2021-06-03 20:10:30.0,88.74319937012288
2021-06-03 20:10:33.0,88.86809522461398
2021-06-03 20:10:36.0,88.79203520974286
2021-06-03 20:10:39.0,88.78761421792841
2021-06-03 20:10:42.0,88.71281872683517
2021-06-03 20:10:45.0,88.72993162803095
2021-06-03 20:10:48.0,88.85367030369619
2021-06-03 20:10:51.0,88.78675812392233
2021-06-03 20:10:54.0,88.65121255519094
2021-06-03 20:10:57.0,88.5856360070998
2021-06-03 20:11:00.0,88.75142030927942
2021-06-03 20:11:03.0,88.86656387778918
2021-06-03 20:11:06.0,88.81250393421229
2021-06-03 20:11:09.0,88.7768995353293
2021-06-03 20:11:12.0,88.7236731388363
2021-06-03 20:11:15.0,88.86574097136693
2021-06-03 20:11:18.0,88.95087916566582
2021-06-03 20:11:21.0,88.90597402774803
2021-06-03 20:11:24.0,88.92366824350553
2021-06-03 20:11:27.0,88.8792110444755
2021-06-03 20:11:30.0,88.98861451086469
2021-06-03 20:11:33.0,89.05154174994738
2021-06-03 20:11:36.0,89.01285282002115
2021-06-03 20:11:39.0,89.03525666820883
2021-06-03 20:11:42.0,88.99707359894082
2021-06-03 20:11:45.0,89.08090108059291
2021-06-03 20:11:48.0,89.18356809949783
2021-06-03 20:11:51.0,89.15011222719312
2021-06-03 20:11:54.0,89.15535110983767
2021-06-03 20:11:57.0,89.12213687007319
2021-06-03 20:12:00.0,89.18393687873765
2021-06-03 20:12:03.0,89.26173631389929
2021-06-03 20:12:06.0,89.23525225326038
2021-06-03 20:12:09.0,89.23098733439193
2021-06-03 20:12:12.0,89.20077831412148
2021-06-03 20:12:15.0,89.25366161772573
2021-06-03 20:12:18.0,89.35181357343433
2021-06-03 20:12:21.0,89.33654344672814
2021-06-03 20:12:25.0,89.3319919796662
2021-06-03 20:12:28.0,89.30769600272907
2021-06-03 20:12:31.0,89.3494361226485
2021-06-03 20:12:34.0,89.42626930149086
2021-06-03 20:12:37.0,89.4034424182493
2021-06-03 20:12:40.0,89.38995655830752
2021-06-03 20:12:43.0,89.36831795431279
2021-06-03 20:12:46.0,89.40049611726924
2021-06-03 20:12:49.0,89.46012130856434
2021-06-03 20:12:52.0,89.43318642916635
2021-06-03 20:12:55.0,89.40924349502336
2021-06-03 20:12:58.0,89.38878859216179
2021-06-03 20:13:01.0,89.41604528986593
2021-06-03 20:13:04.0,89.46603339982492
2021-06-03 20:13:07.0,89.43202727246072
2021-06-03 20:13:10.0,89.41245254567477
2021-06-03 20:13:13.0,89.39291908032538
2021-06-03 20:13:16.0,89.41735094802358
2021-06-03 20:13:19.0,89.46545206492503
2021-06-03 20:13:22.0,89.43403234628778
2021-06-03 20:13:25.0,89.41535370498163
2021-06-03 20:13:28.0,89.39674717013096
2021-06-03 20:13:31.0,89.41897917485656
2021-06-03 20:13:34.0,89.46527833243606
2021-06-03 20:13:37.0,89.4358900698457
2021-06-03 20:13:40.0,89.41813573548222
2021-06-03 20:13:43.0,89.40040521233024
2021-06-03 20:13:46.0,89.42017185149183
2021-06-03 20:13:49.0,89.46472242956847
2021-06-03 20:13:52.0,89.43701431628871
2021-06-03 20:13:55.0,89.42002283137336
2021-06-03 20:13:58.0,89.40307402145385
2021-06-03 20:14:01.0,89.40969063184093
2021-06-03 20:14:04.0,89.43630006115062
2021-06-03 20:14:07.0,89.43608422499216
2021-06-03 20:14:10.0,89.4327223477474
2021-06-03 20:14:13.0,89.4327223477474
2021-06-03 20:14:16.0,89.4327223477474
2021-06-03 20:14:19.0,89.4327223477474
2021-06-03 20:14:22.0,89.4327223477474
2021-06-03 20:14:25.0,89.4327223477474
2021-06-03 20:14:28.0,89.4327223477474
2021-06-03 20:14:31.0,89.4327223477474
2021-06-03 20:14:34.0,89.4327223477474
2021-06-03 20:14:37.0,89.4327223477474
2021-06-03 20:14:40.0,89.4327223477474
2021-06-03 20:14:43.0,89.4327223477474
2021-06-03 20:14:46.0,89.43212552161427
2021-06-03 20:14:49.0,89.43212552161427
2021-06-03 20:14:52.0,89.43212552161427
2021-06-03 20:14:55.0,89.43212552161427
2021-06-03 20:14:58.0,89.43212552161427
2021-06-03 20:15:01.0,89.43212552161427
2021-06-03 20:15:04.0,89.43212552161427
2021-06-03 20:15:07.0,89.43212552161427
2021-06-03 20:15:10.0,89.43212552161427
