2021-06-06 20:22:48.0,0.0015494124148158833
2021-06-06 20:22:51.0,0.0015494124148158833
2021-06-06 20:22:54.0,0.0015494124148158833
2021-06-06 20:22:57.0,0.0012006655037810746
2021-06-06 20:23:00.0,0.0012423767134339785
2021-06-06 20:23:03.0,0.0011234801156104653
2021-06-06 20:23:06.0,0.0013882320387983045
2021-06-06 20:23:09.0,0.0013882320387983045
2021-06-06 20:23:12.0,0.0013882320387983045
2021-06-06 20:23:15.0,0.005665213692765176
2021-06-06 20:23:18.0,0.005665213692765176
2021-06-06 20:23:21.0,0.005665213692765176
2021-06-06 20:23:24.0,0.005665213692765176
2021-06-06 20:23:27.0,0.010693846818509815
2021-06-06 20:23:30.0,0.010693846818509815
2021-06-06 20:23:33.0,0.008114134504324631
2021-06-06 20:23:36.0,0.03816396474499118
2021-06-06 20:23:39.0,0.03816396474499118
2021-06-06 20:23:42.0,0.03003079981378084
2021-06-06 20:23:45.0,0.13156073322052705
2021-06-06 20:23:48.0,0.13156073322052705
2021-06-06 20:23:51.0,0.13156073322052705
2021-06-06 20:23:54.0,0.13156073322052705
2021-06-06 20:23:57.0,0.1029703932128195
2021-06-06 20:24:00.0,0.12736685629085104
2021-06-06 20:24:03.0,0.11576812328039764
2021-06-06 20:24:06.0,0.22808929265083241
2021-06-06 20:24:09.0,0.22808929265083241
2021-06-06 20:24:12.0,0.27757422060923237
2021-06-06 20:24:15.0,0.3042430913860905
2021-06-06 20:24:18.0,0.3042430913860905
2021-06-06 20:24:21.0,0.3042430913860905
2021-06-06 20:24:24.0,0.24185973573676922
2021-06-06 20:24:27.0,0.3029063789053554
2021-06-06 20:24:30.0,0.3842039306257679
2021-06-06 20:24:33.0,0.3236704668893969
2021-06-06 20:24:36.0,0.2979544171328455
2021-06-06 20:24:39.0,0.27227251883679415
2021-06-06 20:24:42.0,0.24663330986636792
2021-06-06 20:24:45.0,0.47193305570385957
2021-06-06 20:24:48.0,0.47193305570385957
2021-06-06 20:24:51.0,0.47193305570385957
2021-06-06 20:24:54.0,0.3978858351726396
2021-06-06 20:24:57.0,0.5736349258649057
2021-06-06 20:25:00.0,0.5736349258649057
2021-06-06 20:25:03.0,0.5736349258649057
2021-06-06 20:25:06.0,0.6281952515445821
2021-06-06 20:25:09.0,0.6281952515445821
2021-06-06 20:25:12.0,0.47909659856409537
2021-06-06 20:25:15.0,0.6025967917769962
2021-06-06 20:25:18.0,0.635116289625
2021-06-06 20:25:21.0,0.5275665419148532
2021-06-06 20:25:24.0,0.621362592546328
2021-06-06 20:25:27.0,0.6024686137142155
2021-06-06 20:25:30.0,0.609399905877738
2021-06-06 20:25:34.0,0.635620173401222
2021-06-06 20:25:37.0,0.5542999426632341
2021-06-06 20:25:40.0,0.3363342608446479
2021-06-06 20:25:43.0,0.3327614491890105
2021-06-06 20:25:46.0,0.3598194189968652
2021-06-06 20:25:49.0,0.2912826018239183
2021-06-06 20:25:52.0,0.2657147016122394
2021-06-06 20:25:55.0,0.33746110110697214
2021-06-06 20:25:58.0,0.3320836915588293
2021-06-06 20:26:01.0,0.3320836915588293
2021-06-06 20:26:04.0,0.3333313345377153
2021-06-06 20:26:07.0,0.33671843613380864
2021-06-06 20:26:10.0,0.33671843613380864
2021-06-06 20:26:13.0,0.31466994244952096
2021-06-06 20:26:16.0,0.3115957738852443
2021-06-06 20:26:19.0,0.2948833431992865
2021-06-06 20:26:22.0,0.3210153564528294
2021-06-06 20:26:25.0,0.37340017741146697
2021-06-06 20:26:28.0,0.37340017741146697
2021-06-06 20:26:31.0,0.37340017741146697
2021-06-06 20:26:34.0,0.3323587887035409
2021-06-06 20:26:37.0,0.3450167268782144
2021-06-06 20:26:40.0,0.33098208525762457
2021-06-06 20:26:43.0,0.32467379362036514
2021-06-06 20:26:46.0,0.35765569423514576
2021-06-06 20:26:49.0,0.34289163988536564
2021-06-06 20:26:52.0,0.33112763310500876
2021-06-06 20:26:55.0,0.40279338001368564
2021-06-06 20:26:58.0,0.36955991463575405
2021-06-06 20:27:01.0,0.32557682042223257
2021-06-06 20:27:04.0,0.33666999473311354
2021-06-06 20:27:07.0,0.44713838275110596
2021-06-06 20:27:10.0,0.4188471283043948
2021-06-06 20:27:13.0,0.41188334020226824
2021-06-06 20:27:16.0,0.45887054590812804
2021-06-06 20:27:19.0,0.4659011894209058
2021-06-06 20:27:22.0,0.43382480668165785
2021-06-06 20:27:25.0,0.46363565641308424
2021-06-06 20:27:28.0,0.4927327777235122
2021-06-06 20:27:31.0,0.44802276548363973
2021-06-06 20:27:34.0,0.4195216373892053
2021-06-06 20:27:37.0,0.45926462093191134
2021-06-06 20:27:40.0,0.44019896006971304
2021-06-06 20:27:43.0,0.4544147218772284
2021-06-06 20:27:46.0,0.5081490124776161
2021-06-06 20:27:49.0,0.503596685590904
2021-06-06 20:27:52.0,0.4928890336601216
2021-06-06 20:27:55.0,0.5161916529644025
2021-06-06 20:27:58.0,0.506973219840955
2021-06-06 20:28:01.0,0.4688310715400621
2021-06-06 20:28:04.0,0.42009829815163247
2021-06-06 20:28:07.0,0.4354589828073834
2021-06-06 20:28:10.0,0.4362430630652564
2021-06-06 20:28:13.0,0.40858189241493426
2021-06-06 20:28:16.0,0.5923984087364333
2021-06-06 20:28:19.0,0.5575744615975076
2021-06-06 20:28:22.0,0.5208968283492176
2021-06-06 20:28:25.0,0.590983356295145
2021-06-06 20:28:28.0,0.6268266592885303
2021-06-06 20:28:31.0,0.6268266592885305
2021-06-06 20:28:34.0,0.5411380266573185
2021-06-06 20:28:37.0,0.5586124611447871
2021-06-06 20:28:40.0,0.521971324570911
2021-06-06 20:28:43.0,0.45766557002296565
2021-06-06 20:28:46.0,0.6448818537070927
2021-06-06 20:28:49.0,0.6448818537070927
2021-06-06 20:28:52.0,0.5863470258028549
2021-06-06 20:28:55.0,0.6048015220970695
2021-06-06 20:28:58.0,0.5681178769649705
2021-06-06 20:29:01.0,0.5496817385933711
2021-06-06 20:29:04.0,0.49621962558976457
2021-06-06 20:29:07.0,0.5020503713500759
2021-06-06 20:29:10.0,0.4560528937344485
2021-06-06 20:29:13.0,0.4327862213592634
2021-06-06 20:29:16.0,0.5833157720783627
2021-06-06 20:29:19.0,0.5080888416339183
2021-06-06 20:29:22.0,0.4627144885173166
2021-06-06 20:29:25.0,0.5624102293828425
2021-06-06 20:29:28.0,0.5277488377546936
2021-06-06 20:29:31.0,0.5150426751066334
2021-06-06 20:29:34.0,0.4790334130321796
2021-06-06 20:29:37.0,0.5211178922073909
2021-06-06 20:29:40.0,0.5099765033941999
2021-06-06 20:29:43.0,0.38465654560612295
2021-06-06 20:29:46.0,0.46173516357584177
2021-06-06 20:29:49.0,0.4711978170890626
2021-06-06 20:29:52.0,0.39047475388937414
2021-06-06 20:29:55.0,0.577033376836799
2021-06-06 20:29:58.0,0.577033376836799
2021-06-06 20:30:01.0,0.5757727036528402
2021-06-06 20:30:04.0,0.5478499263440179
2021-06-06 20:30:07.0,0.536984983092422
2021-06-06 20:30:11.0,0.5328191884421123
2021-06-06 20:30:14.0,0.38625938580826613
2021-06-06 20:30:17.0,0.4922399299197814
2021-06-06 20:30:20.0,0.4635000136735424
2021-06-06 20:30:23.0,0.41273762899833144
2021-06-06 20:30:26.0,0.578574918365671
2021-06-06 20:30:29.0,0.5825772979981862
2021-06-06 20:30:32.0,0.5518446815891171
2021-06-06 20:30:35.0,0.5537913540982345
2021-06-06 20:30:38.0,0.4868475158743838
2021-06-06 20:30:41.0,0.5003119334649245
2021-06-06 20:30:44.0,0.44436748771587165
2021-06-06 20:30:47.0,0.5653507922454307
2021-06-06 20:30:50.0,0.5495406287694976
2021-06-06 20:30:53.0,0.4594889980505644
2021-06-06 20:30:56.0,0.5774297139147303
2021-06-06 20:30:59.0,0.5558032236112362
2021-06-06 20:31:02.0,0.5313520705915433
2021-06-06 20:31:05.0,0.5856310526492006
2021-06-06 20:31:08.0,0.6055299263122557
2021-06-06 20:31:11.0,0.5395189435170611
2021-06-06 20:31:14.0,0.49115716168464674
2021-06-06 20:31:17.0,0.5949305352401023
2021-06-06 20:31:20.0,0.5528854548069163
2021-06-06 20:31:23.0,0.5496505146116877
2021-06-06 20:31:26.0,0.5370214176023406
2021-06-06 20:31:29.0,0.5510409502637088
2021-06-06 20:31:32.0,0.5442474930194102
2021-06-06 20:31:35.0,0.6111222799386731
2021-06-06 20:31:38.0,0.6079955327730512
2021-06-06 20:31:41.0,0.5683436579524322
2021-06-06 20:31:44.0,0.490710009302019
2021-06-06 20:31:47.0,0.554520270958243
2021-06-06 20:31:50.0,0.5527877250871889
2021-06-06 20:31:53.0,0.48347454779507293
2021-06-06 20:31:56.0,0.5547410012781393
2021-06-06 20:31:59.0,0.5882221800207875
2021-06-06 20:32:02.0,0.5638315034508541
2021-06-06 20:32:05.0,0.602332718473687
2021-06-06 20:32:08.0,0.5402301200033592
2021-06-06 20:32:11.0,0.521539456870913
2021-06-06 20:32:14.0,0.45719525304455444
2021-06-06 20:32:17.0,0.5437543023971799
2021-06-06 20:32:20.0,0.4885989550783634
2021-06-06 20:32:23.0,0.44615038235646454
2021-06-06 20:32:26.0,0.5592612314522806
2021-06-06 20:32:29.0,0.5592612314522807
2021-06-06 20:32:32.0,0.5111363475685842
2021-06-06 20:32:35.0,0.5445220028670171
2021-06-06 20:32:38.0,0.5255071345394546
2021-06-06 20:32:41.0,0.5210411584749285
2021-06-06 20:32:44.0,0.4874815056289371
2021-06-06 20:32:47.0,0.5682637083959449
2021-06-06 20:32:50.0,0.5074645203261289
2021-06-06 20:32:53.0,0.4992231364983174
2021-06-06 20:32:56.0,0.5786602802862463
2021-06-06 20:32:59.0,0.5964570691764833
2021-06-06 20:33:02.0,0.554862472763038
2021-06-06 20:33:05.0,0.5636788384653182
2021-06-06 20:33:08.0,0.5221193634720251
2021-06-06 20:33:11.0,0.5128853760547235
2021-06-06 20:33:14.0,0.4783953460265914
2021-06-06 20:33:17.0,0.5513604502621954
2021-06-06 20:33:20.0,0.4973530518978443
2021-06-06 20:33:23.0,0.42714627690925383
2021-06-06 20:33:26.0,0.5026283958108448
2021-06-06 20:33:29.0,0.5266742368366246
2021-06-06 20:33:32.0,0.5077205161696786
2021-06-06 20:33:35.0,0.6182654380793874
2021-06-06 20:33:38.0,0.5829049993510852
2021-06-06 20:33:41.0,0.5870725036053648
2021-06-06 20:33:44.0,0.49811038526068896
2021-06-06 20:33:47.0,0.6138391782982968
2021-06-06 20:33:50.0,0.5462537051086536
2021-06-06 20:33:53.0,0.5438540744189537
2021-06-06 20:33:56.0,0.6002777815533401
2021-06-06 20:33:59.0,0.5722398788463847
2021-06-06 20:34:02.0,0.5647450529511218
2021-06-06 20:34:05.0,0.6104422194296993
2021-06-06 20:34:08.0,0.6026947699452302
2021-06-06 20:34:11.0,0.49954346798973137
2021-06-06 20:34:14.0,0.479351830470144
2021-06-06 20:34:17.0,0.5761193122758239
2021-06-06 20:34:21.0,0.6024887020175484
2021-06-06 20:34:24.0,0.6024887020175484
2021-06-06 20:34:27.0,0.5241742079908974
2021-06-06 20:34:30.0,0.4278913175753134
2021-06-06 20:34:33.0,0.4096960785694785
2021-06-06 20:34:36.0,0.604799709530217
2021-06-06 20:34:39.0,0.6141349570608825
2021-06-06 20:34:42.0,0.6025788916024508
2021-06-06 20:34:45.0,0.564588027676136
2021-06-06 20:34:48.0,0.5622601444295446
2021-06-06 20:34:51.0,0.5024922863701413
2021-06-06 20:34:54.0,0.3524611820680811
2021-06-06 20:34:57.0,0.5597871417869659
2021-06-06 20:35:00.0,0.5833664912085009
2021-06-06 20:35:03.0,0.5833664912085009
2021-06-06 20:35:06.0,0.6065750167150539
2021-06-06 20:35:09.0,0.5457360729796773
2021-06-06 20:35:12.0,0.5554264175446183
2021-06-06 20:35:15.0,0.6543691986127682
2021-06-06 20:35:18.0,0.6074476193617853
2021-06-06 20:35:21.0,0.5330935983651499
2021-06-06 20:35:24.0,0.517115840399283
2021-06-06 20:35:27.0,0.5803362446084122
2021-06-06 20:35:30.0,0.5126151508418857
2021-06-06 20:35:33.0,0.41661171184343787
2021-06-06 20:35:36.0,0.5365159142172268
2021-06-06 20:35:39.0,0.5108693872302247
2021-06-06 20:35:42.0,0.47851775316547707
2021-06-06 20:35:45.0,0.49297699002155115
2021-06-06 20:35:48.0,0.5034616833697265
2021-06-06 20:35:51.0,0.5041487229950673
2021-06-06 20:35:54.0,0.42086318121627664
2021-06-06 20:35:57.0,0.551604944037861
2021-06-06 20:36:00.0,0.5239501563498281
2021-06-06 20:36:03.0,0.49457188398864815
2021-06-06 20:36:06.0,0.5190530203328099
2021-06-06 20:36:09.0,0.46385157570543756
2021-06-06 20:36:12.0,0.4031005554405674
2021-06-06 20:36:15.0,0.4927881168950814
2021-06-06 20:36:18.0,0.46195624957380055
2021-06-06 20:36:21.0,0.459866203599239
2021-06-06 20:36:24.0,0.4291546034615004
2021-06-06 20:36:27.0,0.5002305041193307
2021-06-06 20:36:30.0,0.4816117464616416
2021-06-06 20:36:33.0,0.4828015153520353
2021-06-06 20:36:36.0,0.5262249328983772
2021-06-06 20:36:39.0,0.46905975627481733
2021-06-06 20:36:42.0,0.45673281810867505
2021-06-06 20:36:45.0,0.5677769121231242
2021-06-06 20:36:48.0,0.5422468568263904
2021-06-06 20:36:51.0,0.536234487656774
2021-06-06 20:36:54.0,0.48484632777217956
2021-06-06 20:36:57.0,0.5845322865642563
2021-06-06 20:37:00.0,0.5731712755386287
2021-06-06 20:37:03.0,0.5454350332058686
2021-06-06 20:37:06.0,0.5866119129810383
2021-06-06 20:37:09.0,0.49228989978698684
2021-06-06 20:37:12.0,0.43787591702296774
2021-06-06 20:37:15.0,0.5998724185404214
2021-06-06 20:37:18.0,0.5923468807905976
2021-06-06 20:37:21.0,0.5642442826158275
2021-06-06 20:37:24.0,0.526906633130028
2021-06-06 20:37:27.0,0.551046529132265
2021-06-06 20:37:30.0,0.5127279225868554
2021-06-06 20:37:33.0,0.4751840389947168
2021-06-06 20:37:36.0,0.5528597771505006
2021-06-06 20:37:39.0,0.5111021401285325
2021-06-06 20:37:42.0,0.4728675446077184
2021-06-06 20:37:45.0,0.5867570239126353
2021-06-06 20:37:48.0,0.5886883390867701
2021-06-06 20:37:51.0,0.5733944492782237
2021-06-06 20:37:54.0,0.5524062601234915
2021-06-06 20:37:57.0,0.54069751377535
2021-06-06 20:38:00.0,0.5074090092830748
2021-06-06 20:38:03.0,0.3897617797209757
2021-06-06 20:38:06.0,0.41722952288778165
2021-06-06 20:38:09.0,0.40460551106356607
2021-06-06 20:38:12.0,0.3595132458739693
2021-06-06 20:38:15.0,0.5224161195286509
2021-06-06 20:38:18.0,0.5224161195286509
2021-06-06 20:38:21.0,0.49758629285094363
2021-06-06 20:38:24.0,0.4518469746467792
2021-06-06 20:38:27.0,0.4614208711957957
2021-06-06 20:38:30.0,0.45825023825706257
2021-06-06 20:38:33.0,0.43134877971209307
2021-06-06 20:38:36.0,0.48588475366504685
2021-06-06 20:38:39.0,0.4089608046548434
2021-06-06 20:38:42.0,0.37397448594614424
2021-06-06 20:38:45.0,0.4037591127985419
2021-06-06 20:38:48.0,0.3670156244875927
2021-06-06 20:38:51.0,0.29959742804468714
2021-06-06 20:38:54.0,0.31057218187190516
2021-06-06 20:38:57.0,0.3269339768230706
2021-06-06 20:39:01.0,0.3176248069690485
2021-06-06 20:39:04.0,0.3023035992974988
2021-06-06 20:39:07.0,0.27843009510222444
2021-06-06 20:39:10.0,0.2484099866408964
2021-06-06 20:39:13.0,0.21478768212310964
2021-06-06 20:39:16.0,0.24689368023033897
2021-06-06 20:39:19.0,0.24689368023033897
2021-06-06 20:39:22.0,0.2349374927573352
2021-06-06 20:39:25.0,0.20604931570161272
2021-06-06 20:39:28.0,0.1949064027015417
2021-06-06 20:39:31.0,0.1705349884072839
2021-06-06 20:39:34.0,0.15973789701192007
2021-06-06 20:39:37.0,0.14369893483126372
2021-06-06 20:39:40.0,0.10865906717638658
2021-06-06 20:39:43.0,0.10004717739033907
2021-06-06 20:39:46.0,0.10964960666453652
2021-06-06 20:39:49.0,0.1031784775640966
2021-06-06 20:39:52.0,0.10382564051560139
2021-06-06 20:39:55.0,0.08593792042077116
2021-06-06 20:39:58.0,0.08629774965980073
2021-06-06 20:40:01.0,0.08065205972600291
2021-06-06 20:40:04.0,0.07495412762590224
2021-06-06 20:40:07.0,0.06517831170917782
2021-06-06 20:40:10.0,0.033389736667846635
2021-06-06 20:40:13.0,0.030495901529351638
2021-06-06 20:40:16.0,0.02678962653888431
2021-06-06 20:40:19.0,0.02564544091917339
2021-06-06 20:40:22.0,0.022227069934699833
2021-06-06 20:40:25.0,0.014835754794733091
2021-06-06 20:40:28.0,0.006287732733090801
2021-06-06 20:40:31.0,0.006129187599938862
2021-06-06 20:40:34.0,0.005782665705515921
2021-06-06 20:40:37.0,0.0039808616607857885
2021-06-06 20:40:40.0,0.004176833823071059
2021-06-06 20:40:43.0,0.014599293566548141
2021-06-06 20:40:46.0,0.014599293566548141
2021-06-06 20:40:49.0,0.011699468328299274
2021-06-06 20:40:52.0,0.020957713330739862
2021-06-06 20:40:55.0,0.06607625390682875
2021-06-06 20:40:58.0,0.06607625390682875
2021-06-06 20:41:01.0,0.06607625390682875
2021-06-06 20:41:04.0,0.051643731692379416
2021-06-06 20:41:07.0,0.15557600180243686
2021-06-06 20:41:10.0,0.15557600180243686
2021-06-06 20:41:13.0,0.15557600180243686
2021-06-06 20:41:16.0,0.15557600180243686
2021-06-06 20:41:19.0,0.2014213193791225
2021-06-06 20:41:22.0,0.2014213193791225
2021-06-06 20:41:25.0,0.26530132397024697
2021-06-06 20:41:28.0,0.26530132397024697
2021-06-06 20:41:31.0,0.26530132397024697
2021-06-06 20:41:34.0,0.32242388538380345
2021-06-06 20:41:37.0,0.32242388538380345
2021-06-06 20:41:40.0,0.32242388538380345
2021-06-06 20:41:43.0,0.32242388538380345
2021-06-06 20:41:46.0,0.35279947262047806
2021-06-06 20:41:49.0,0.35279947262047806
2021-06-06 20:41:52.0,0.2239664800000052
2021-06-06 20:41:55.0,0.44616906534654416
2021-06-06 20:41:58.0,0.44616906534654416
2021-06-06 20:42:01.0,0.44616906534654416
2021-06-06 20:42:04.0,0.3550662996368391
2021-06-06 20:42:07.0,0.3251828871267396
2021-06-06 20:42:10.0,0.32696985791178046
2021-06-06 20:42:13.0,0.2939479222215228
2021-06-06 20:42:16.0,0.6216926337665756
2021-06-06 20:42:19.0,0.6216926337665756
2021-06-06 20:42:22.0,0.7125616826651523
2021-06-06 20:42:25.0,0.5602142464008525
2021-06-06 20:42:28.0,0.5344237604521085
2021-06-06 20:42:31.0,0.555096077287455
2021-06-06 20:42:34.0,0.4595935848497362
2021-06-06 20:42:37.0,0.47068593226508054
2021-06-06 20:42:40.0,0.24234406152920482
2021-06-06 20:42:43.0,0.22254864128818497
2021-06-06 20:42:46.0,0.31487755109911786
2021-06-06 20:42:49.0,0.2843209715868882
2021-06-06 20:42:52.0,0.2700761685963031
2021-06-06 20:42:55.0,0.34465198169585837
2021-06-06 20:42:58.0,0.34465198169585837
2021-06-06 20:43:01.0,0.34465198169585837
2021-06-06 20:43:04.0,0.2666683646748693
2021-06-06 20:43:07.0,0.28188093409116827
2021-06-06 20:43:10.0,0.255862113326359
2021-06-06 20:43:13.0,0.24418302962594063
2021-06-06 20:43:16.0,0.2694548465397039
2021-06-06 20:43:19.0,0.2832586599610808
2021-06-06 20:43:22.0,0.26411398477220455
2021-06-06 20:43:25.0,0.3301553808840575
2021-06-06 20:43:28.0,0.3105517991958501
2021-06-06 20:43:31.0,0.2867251598633002
2021-06-06 20:43:34.0,0.25000295733995764
2021-06-06 20:43:37.0,0.33617492466253224
2021-06-06 20:43:40.0,0.3466219302785886
2021-06-06 20:43:43.0,0.31121137689352707
2021-06-06 20:43:47.0,0.3414086351928182
2021-06-06 20:43:50.0,0.3649513011195097
2021-06-06 20:43:53.0,0.32802571350426823
2021-06-06 20:43:56.0,0.3595427378578152
2021-06-06 20:43:59.0,0.3398688681239505
2021-06-06 20:44:02.0,0.3064241452901951
2021-06-06 20:44:05.0,0.3999507302323928
2021-06-06 20:44:08.0,0.4042096346275896
2021-06-06 20:44:11.0,0.41028354070867024
2021-06-06 20:44:14.0,0.4111563303310613
2021-06-06 20:44:17.0,0.4123385720182131
2021-06-06 20:44:20.0,0.36425029545327425
2021-06-06 20:44:23.0,0.3693269733015178
2021-06-06 20:44:26.0,0.4085767761434332
2021-06-06 20:44:29.0,0.3210092207704915
2021-06-06 20:44:32.0,0.3348473913707824
2021-06-06 20:44:35.0,0.45907848410287677
2021-06-06 20:44:38.0,0.4727954085774111
2021-06-06 20:44:41.0,0.4956269846213878
2021-06-06 20:44:44.0,0.5018968779845747
2021-06-06 20:44:47.0,0.5333811673705988
2021-06-06 20:44:50.0,0.4843468106663074
2021-06-06 20:44:53.0,0.4572946500579445
2021-06-06 20:44:56.0,0.4261320661592658
2021-06-06 20:44:59.0,0.3869283062487172
2021-06-06 20:45:02.0,0.3266862988290934
2021-06-06 20:45:05.0,0.45907375073651263
2021-06-06 20:45:08.0,0.45793392218076856
2021-06-06 20:45:11.0,0.4421500221521146
2021-06-06 20:45:14.0,0.4045360531761134
2021-06-06 20:45:17.0,0.4822869391694944
2021-06-06 20:45:20.0,0.41586938018111763
2021-06-06 20:45:23.0,0.4271040527749741
2021-06-06 20:45:26.0,0.46488096226617687
2021-06-06 20:45:29.0,0.47360336561768607
2021-06-06 20:45:32.0,0.4958089783931813
2021-06-06 20:45:35.0,0.5000146285347301
2021-06-06 20:45:38.0,0.4170395510021455
2021-06-06 20:45:41.0,0.3910007325793573
2021-06-06 20:45:44.0,0.352518560931075
2021-06-06 20:45:47.0,0.39134455093564396
2021-06-06 20:45:50.0,0.3663523860029029
2021-06-06 20:45:53.0,0.33648168493106484
2021-06-06 20:45:56.0,0.4078032561989019
2021-06-06 20:45:59.0,0.3657432366136191
2021-06-06 20:46:02.0,0.3334571633327462
2021-06-06 20:46:05.0,0.4321362159811417
2021-06-06 20:46:08.0,0.41329277016234034
2021-06-06 20:46:11.0,0.38737937598775113
2021-06-06 20:46:14.0,0.36212294543866674
2021-06-06 20:46:17.0,0.4640070652879721
2021-06-06 20:46:20.0,0.4401395239890225
2021-06-06 20:46:23.0,0.4262774305662438
2021-06-06 20:46:26.0,0.44627619918364414
2021-06-06 20:46:29.0,0.40779636270671366
2021-06-06 20:46:32.0,0.3799304449335395
2021-06-06 20:46:35.0,0.4381417490877662
2021-06-06 20:46:38.0,0.44327511359206406
2021-06-06 20:46:41.0,0.41782161195107553
2021-06-06 20:46:44.0,0.4059081818174459
2021-06-06 20:46:47.0,0.5335789619094464
2021-06-06 20:46:50.0,0.538110245672128
2021-06-06 20:46:53.0,0.538110245672128
2021-06-06 20:46:56.0,0.5101925403025173
2021-06-06 20:46:59.0,0.48117073129618665
2021-06-06 20:47:02.0,0.4623266919665343
2021-06-06 20:47:05.0,0.5191859517958103
2021-06-06 20:47:08.0,0.4821309296732247
2021-06-06 20:47:11.0,0.42825234546319146
2021-06-06 20:47:14.0,0.41847118683695633
2021-06-06 20:47:17.0,0.4191675827225406
2021-06-06 20:47:20.0,0.3972445426236738
2021-06-06 20:47:23.0,0.37700001964762525
2021-06-06 20:47:26.0,0.489384543180313
2021-06-06 20:47:29.0,0.47980498746531663
2021-06-06 20:47:32.0,0.4594154516232142
2021-06-06 20:47:35.0,0.4883700440952933
2021-06-06 20:47:38.0,0.46638954181506925
2021-06-06 20:47:41.0,0.43950255571952873
2021-06-06 20:47:44.0,0.4141107821484065
2021-06-06 20:47:47.0,0.525030058260366
2021-06-06 20:47:50.0,0.49964428425847635
2021-06-06 20:47:53.0,0.47972229833025226
2021-06-06 20:47:57.0,0.4879712257073768
2021-06-06 20:48:00.0,0.45718921795637935
2021-06-06 20:48:03.0,0.43043989429721025
2021-06-06 20:48:06.0,0.49249542507277255
2021-06-06 20:48:09.0,0.4710127499536514
2021-06-06 20:48:12.0,0.4472123064208131
2021-06-06 20:48:15.0,0.49658220313203205
2021-06-06 20:48:18.0,0.4656559477720752
2021-06-06 20:48:21.0,0.4597807334788992
2021-06-06 20:48:24.0,0.4332222917296035
2021-06-06 20:48:27.0,0.4878199210327734
2021-06-06 20:48:30.0,0.47748374085825307
2021-06-06 20:48:33.0,0.46298354336442815
2021-06-06 20:48:36.0,0.48390923233524535
2021-06-06 20:48:39.0,0.4650541937017103
2021-06-06 20:48:42.0,0.40899076655486744
2021-06-06 20:48:45.0,0.49698922671182155
2021-06-06 20:48:48.0,0.47945454796881387
2021-06-06 20:48:51.0,0.437247855864604
2021-06-06 20:48:54.0,0.43076533759789404
2021-06-06 20:48:57.0,0.4554938196057124
2021-06-06 20:49:00.0,0.444592319281393
2021-06-06 20:49:03.0,0.39782249322245056
2021-06-06 20:49:06.0,0.47409104003133945
2021-06-06 20:49:09.0,0.42369832108167743
2021-06-06 20:49:12.0,0.4158282128718712
2021-06-06 20:49:15.0,0.48932758314555247
2021-06-06 20:49:18.0,0.48725123615177135
2021-06-06 20:49:21.0,0.48211048604969475
2021-06-06 20:49:24.0,0.4572844318046457
2021-06-06 20:49:27.0,0.47958155851964046
2021-06-06 20:49:30.0,0.45486033129944353
2021-06-06 20:49:33.0,0.4543583288581798
2021-06-06 20:49:36.0,0.472897123112953
2021-06-06 20:49:39.0,0.4245120509397339
2021-06-06 20:49:42.0,0.43536713351614126
2021-06-06 20:49:45.0,0.4994791260550726
2021-06-06 20:49:48.0,0.4888813797602475
2021-06-06 20:49:51.0,0.4851637449661554
2021-06-06 20:49:54.0,0.4551651624048164
2021-06-06 20:49:57.0,0.508222145735053
2021-06-06 20:50:00.0,0.4731447936195955
2021-06-06 20:50:03.0,0.44535975241175196
2021-06-06 20:50:06.0,0.5032575826115707
2021-06-06 20:50:09.0,0.5040196199364918
2021-06-06 20:50:12.0,0.4798985806506903
2021-06-06 20:50:15.0,0.4754784478862369
2021-06-06 20:50:18.0,0.43647650526861104
2021-06-06 20:50:21.0,0.4074096491526609
2021-06-06 20:50:24.0,0.38956044737824524
2021-06-06 20:50:27.0,0.4487132667865955
2021-06-06 20:50:30.0,0.4428978418604178
2021-06-06 20:50:33.0,0.4227826615217078
2021-06-06 20:50:36.0,0.4682935580298694
2021-06-06 20:50:39.0,0.4600653636003186
2021-06-06 20:50:42.0,0.43214831534918496
2021-06-06 20:50:45.0,0.48040547670507433
2021-06-06 20:50:48.0,0.46773210900807355
2021-06-06 20:50:51.0,0.4565753467305143
2021-06-06 20:50:54.0,0.44970552365231375
2021-06-06 20:50:57.0,0.45952881602054446
2021-06-06 20:51:00.0,0.4183344604534644
2021-06-06 20:51:03.0,0.4506240188336431
2021-06-06 20:51:06.0,0.4536871242126658
2021-06-06 20:51:09.0,0.4198631336227863
2021-06-06 20:51:12.0,0.40222555985137143
2021-06-06 20:51:15.0,0.4698831155001876
2021-06-06 20:51:18.0,0.46609045551124173
2021-06-06 20:51:21.0,0.43979287215686325
2021-06-06 20:51:24.0,0.4070496247933572
2021-06-06 20:51:27.0,0.47039142850750404
2021-06-06 20:51:30.0,0.47456948407883626
2021-06-06 20:51:33.0,0.44946923536995764
2021-06-06 20:51:36.0,0.47546242337148126
2021-06-06 20:51:39.0,0.42646199289822795
2021-06-06 20:51:42.0,0.4246151015328483
2021-06-06 20:51:45.0,0.4553988716142218
2021-06-06 20:51:48.0,0.4437027290199433
2021-06-06 20:51:51.0,0.43687077122977
2021-06-06 20:51:54.0,0.38604309964476213
2021-06-06 20:51:57.0,0.4378580359512642
2021-06-06 20:52:00.0,0.43833261643528587
2021-06-06 20:52:03.0,0.400250432178371
2021-06-06 20:52:07.0,0.4583595150905527
2021-06-06 20:52:10.0,0.4618637103770019
2021-06-06 20:52:13.0,0.44046288045894183
2021-06-06 20:52:16.0,0.48712338959049056
2021-06-06 20:52:19.0,0.43324491067953463
2021-06-06 20:52:22.0,0.40718953545942266
2021-06-06 20:52:25.0,0.38343136772579783
2021-06-06 20:52:28.0,0.4513078939116122
2021-06-06 20:52:31.0,0.42550897228098666
2021-06-06 20:52:34.0,0.3739869883038293
2021-06-06 20:52:37.0,0.45636848756854986
2021-06-06 20:52:40.0,0.4602626131413349
2021-06-06 20:52:43.0,0.43819685284145327
2021-06-06 20:52:46.0,0.41002281569021426
2021-06-06 20:52:49.0,0.3776451851382474
2021-06-06 20:52:52.0,0.3589487219053392
2021-06-06 20:52:55.0,0.4564042734276792
2021-06-06 20:52:58.0,0.44024096293114245
2021-06-06 20:53:01.0,0.402129438932595
2021-06-06 20:53:04.0,0.38800940636430903
2021-06-06 20:53:07.0,0.444653807026171
2021-06-06 20:53:10.0,0.44055763237444423
2021-06-06 20:53:13.0,0.3892272822907822
2021-06-06 20:53:16.0,0.4623312865953286
2021-06-06 20:53:19.0,0.45992670306923544
2021-06-06 20:53:22.0,0.4336221310705007
2021-06-06 20:53:25.0,0.4938267397881878
2021-06-06 20:53:28.0,0.5067614873651446
2021-06-06 20:53:31.0,0.4829919252733185
2021-06-06 20:53:34.0,0.4703019626365741
2021-06-06 20:53:37.0,0.49521000469274506
2021-06-06 20:53:40.0,0.46847626920746116
2021-06-06 20:53:43.0,0.43073176326437307
2021-06-06 20:53:46.0,0.5292535476222825
2021-06-06 20:53:49.0,0.504380531738367
2021-06-06 20:53:52.0,0.5068763756686121
2021-06-06 20:53:55.0,0.510264772982763
2021-06-06 20:53:58.0,0.5085246917985532
2021-06-06 20:54:01.0,0.44579559758386256
2021-06-06 20:54:04.0,0.3893989913752179
2021-06-06 20:54:07.0,0.49819267556256885
2021-06-06 20:54:10.0,0.4660478061196882
2021-06-06 20:54:13.0,0.4012960104230545
2021-06-06 20:54:16.0,0.48956160865025283
2021-06-06 20:54:19.0,0.47255215210225954
2021-06-06 20:54:22.0,0.4559540189971609
2021-06-06 20:54:25.0,0.47432474714509865
2021-06-06 20:54:28.0,0.46756242146799004
2021-06-06 20:54:31.0,0.4208082282547545
2021-06-06 20:54:34.0,0.3513210896775929
2021-06-06 20:54:37.0,0.5005373624599171
2021-06-06 20:54:40.0,0.474131138542154
2021-06-06 20:54:43.0,0.43799410365514296
2021-06-06 20:54:46.0,0.4812593503633786
2021-06-06 20:54:49.0,0.4731320798581396
2021-06-06 20:54:52.0,0.42196687514023784
2021-06-06 20:54:55.0,0.46258763964122207
2021-06-06 20:54:58.0,0.42939117329611226
2021-06-06 20:55:01.0,0.38429396513362934
2021-06-06 20:55:04.0,0.35630878590289394
2021-06-06 20:55:07.0,0.5015894796998686
2021-06-06 20:55:10.0,0.4935026455994267
2021-06-06 20:55:13.0,0.45927081372135015
2021-06-06 20:55:16.0,0.4908615119265113
2021-06-06 20:55:19.0,0.5026287012902199
2021-06-06 20:55:22.0,0.46538505354611914
2021-06-06 20:55:25.0,0.4851317902826653
2021-06-06 20:55:28.0,0.45360571093990015
2021-06-06 20:55:31.0,0.4131760069245635
2021-06-06 20:55:34.0,0.3826777039705962
2021-06-06 20:55:37.0,0.4770030347107602
2021-06-06 20:55:40.0,0.4613967346477778
2021-06-06 20:55:43.0,0.4096707847893482
2021-06-06 20:55:46.0,0.4236756254444984
2021-06-06 20:55:49.0,0.42497667699062913
2021-06-06 20:55:52.0,0.38847224675419273
2021-06-06 20:55:55.0,0.3856776280737726
2021-06-06 20:55:58.0,0.38046185570830626
2021-06-06 20:56:01.0,0.38318902977238756
2021-06-06 20:56:04.0,0.3455160051167351
2021-06-06 20:56:07.0,0.3268248757280547
2021-06-06 20:56:10.0,0.2899750193899134
2021-06-06 20:56:13.0,0.23037311569506147
2021-06-06 20:56:16.0,0.2877004780015191
2021-06-06 20:56:19.0,0.27882626064771565
2021-06-06 20:56:22.0,0.2537218377206639
2021-06-06 20:56:26.0,0.25021998653352623
2021-06-06 20:56:29.0,0.22894175473095718
2021-06-06 20:56:32.0,0.18646254093420567
2021-06-06 20:56:35.0,0.20131261278714388
2021-06-06 20:56:38.0,0.19190243510964955
2021-06-06 20:56:41.0,0.17642547672443826
2021-06-06 20:56:44.0,0.17247745028908343
2021-06-06 20:56:47.0,0.1804235997580292
2021-06-06 20:56:50.0,0.1671757817479711
2021-06-06 20:56:53.0,0.1293877176008034
2021-06-06 20:56:56.0,0.12488549274765957
2021-06-06 20:56:59.0,0.1321921863008156
2021-06-06 20:57:02.0,0.12048179275162489
2021-06-06 20:57:05.0,0.12207830040951721
2021-06-06 20:57:08.0,0.12007533492975923
2021-06-06 20:57:11.0,0.10361309839553284
2021-06-06 20:57:14.0,0.10122758524770464
2021-06-06 20:57:17.0,0.09743816366757516
2021-06-06 20:57:20.0,0.1121183518541507
2021-06-06 20:57:23.0,0.1559795826260802
2021-06-06 20:57:26.0,0.18735346322149937
2021-06-06 20:57:29.0,0.10834691777315332
2021-06-06 20:57:32.0,0.10812388168088607
2021-06-06 20:57:35.0,0.05977815929501301
2021-06-06 20:57:38.0,0.05977815929501301
2021-06-06 20:57:41.0,0.05977815929501301
2021-06-06 20:57:44.0,0.050559900304160924
2021-06-06 20:57:47.0,0.026658275543286127
2021-06-06 20:57:50.0,0.008278669445563522
2021-06-06 20:57:53.0,0.0064759507970669926
2021-06-06 20:57:56.0,0.0052563850660473175
2021-06-06 20:57:59.0,0.00507798638575975
2021-06-06 20:58:02.0,0.00215410871080561
2021-06-06 20:58:05.0,0.020689591713354043
2021-06-06 20:58:08.0,0.038962570822019545
2021-06-06 20:58:11.0,0.0744936288261231
2021-06-06 20:58:14.0,0.05604652320781415
2021-06-06 20:58:17.0,0.1115269412145847
2021-06-06 20:58:20.0,0.1115269412145847
2021-06-06 20:58:23.0,0.08796191813006081
2021-06-06 20:58:26.0,0.15339110151836552
2021-06-06 20:58:29.0,0.1597106438424966
2021-06-06 20:58:32.0,0.14710920041257808
2021-06-06 20:58:35.0,0.21763802583430103
2021-06-06 20:58:38.0,0.21763802583430103
2021-06-06 20:58:41.0,0.19863865343052464
2021-06-06 20:58:44.0,0.18191089567526006
2021-06-06 20:58:47.0,0.2885403569887137
2021-06-06 20:58:50.0,0.2885403569887137
2021-06-06 20:58:53.0,0.2597107140058109
2021-06-06 20:58:56.0,0.353930076825718
2021-06-06 20:58:59.0,0.353930076825718
2021-06-06 20:59:02.0,0.3842802592515154
2021-06-06 20:59:05.0,0.3120334356219012
2021-06-06 20:59:08.0,0.2862610395680996
2021-06-06 20:59:11.0,0.2604971830756147
2021-06-06 20:59:14.0,0.25377224918887076
2021-06-06 20:59:17.0,0.4925597321365463
2021-06-06 20:59:20.0,0.4925597321365463
2021-06-06 20:59:23.0,0.39564039550981184
2021-06-06 20:59:26.0,0.47246989420026514
2021-06-06 20:59:29.0,0.5095496749587038
2021-06-06 20:59:32.0,0.5466048016075958
2021-06-06 20:59:35.0,0.5837092364755814
2021-06-06 20:59:38.0,0.6490528711845668
2021-06-06 20:59:41.0,0.5089295347651941
2021-06-06 20:59:44.0,0.5097549949330435
2021-06-06 20:59:47.0,0.5520865730752278
2021-06-06 20:59:50.0,0.4012860931376532
2021-06-06 20:59:53.0,0.30927550830959355
2021-06-06 20:59:56.0,0.3371622686095919
2021-06-06 20:59:59.0,0.3371622686095919
2021-06-06 21:00:02.0,0.3288594224447742
2021-06-06 21:00:05.0,0.3288594224447742
2021-06-06 21:00:08.0,0.2840737218897769
2021-06-06 21:00:11.0,0.24585689949493375
2021-06-06 21:00:14.0,0.21063964749594663
2021-06-06 21:00:17.0,0.3031170050399594
2021-06-06 21:00:20.0,0.3031170050399594
2021-06-06 21:00:23.0,0.2619521426772843
2021-06-06 21:00:26.0,0.2924503261365721
2021-06-06 21:00:29.0,0.287191066143794
2021-06-06 21:00:32.0,0.281924805472157
2021-06-06 21:00:35.0,0.32005556947573344
2021-06-06 21:00:38.0,0.3296323307182415
2021-06-06 21:00:41.0,0.2958100181942675
2021-06-06 21:00:44.0,0.2666535928456739
2021-06-06 21:00:47.0,0.34138170881381885
2021-06-06 21:00:50.0,0.34138170881381885
2021-06-06 21:00:53.0,0.33703133747679054
2021-06-06 21:00:57.0,0.34746430257731237
2021-06-06 21:01:00.0,0.3260532064919024
2021-06-06 21:01:03.0,0.29310848793039707
2021-06-06 21:01:06.0,0.3635753255907641
2021-06-06 21:01:09.0,0.326392478454836
2021-06-06 21:01:12.0,0.3351398524792995
2021-06-06 21:01:15.0,0.38820106125415466
2021-06-06 21:01:18.0,0.3882010612541547
2021-06-06 21:01:21.0,0.3625582318935847
2021-06-06 21:01:24.0,0.2866680256760249
2021-06-06 21:01:27.0,0.4346548895515454
2021-06-06 21:01:30.0,0.4183400196511305
2021-06-06 21:01:33.0,0.4195947988113939
2021-06-06 21:01:36.0,0.37054286236021505
2021-06-06 21:01:39.0,0.32886598577947385
2021-06-06 21:01:42.0,0.3353067667716689
2021-06-06 21:01:45.0,0.46228364150348056
2021-06-06 21:01:48.0,0.46632738598336587
2021-06-06 21:01:51.0,0.4420684511528823
2021-06-06 21:01:54.0,0.43981618572077147
2021-06-06 21:01:57.0,0.4875448579359512
2021-06-06 21:02:00.0,0.47172466274728375
2021-06-06 21:02:03.0,0.43079542491801043
2021-06-06 21:02:06.0,0.5019149599921672
2021-06-06 21:02:09.0,0.4728359080043284
2021-06-06 21:02:12.0,0.4988723000497238
2021-06-06 21:02:15.0,0.522467426077319
2021-06-06 21:02:18.0,0.5330555193916258
2021-06-06 21:02:21.0,0.42618081549442866
2021-06-06 21:02:24.0,0.4443404096972107
2021-06-06 21:02:27.0,0.45804282379103045
2021-06-06 21:02:30.0,0.4424474260398169
2021-06-06 21:02:33.0,0.4086164026029715
2021-06-06 21:02:36.0,0.5115032513744562
2021-06-06 21:02:39.0,0.5338227786857905
2021-06-06 21:02:42.0,0.5117266346288938
2021-06-06 21:02:45.0,0.5435683027475167
2021-06-06 21:02:48.0,0.4826130951619062
2021-06-06 21:02:51.0,0.43642327985531953
2021-06-06 21:02:54.0,0.40758300163046407
2021-06-06 21:02:57.0,0.5155206865666007
2021-06-06 21:03:00.0,0.37045748426423014
2021-06-06 21:03:03.0,0.3433088832001673
2021-06-06 21:03:06.0,0.41340387073768375
2021-06-06 21:03:09.0,0.3975186431243622
2021-06-06 21:03:12.0,0.36628577121187156
2021-06-06 21:03:15.0,0.4018262817295324
2021-06-06 21:03:18.0,0.425970791399511
2021-06-06 21:03:21.0,0.416531263705397
2021-06-06 21:03:24.0,0.37656769852362654
2021-06-06 21:03:27.0,0.4150034564315479
2021-06-06 21:03:30.0,0.4009942150985634
2021-06-06 21:03:33.0,0.3803849707589132
2021-06-06 21:03:36.0,0.4863141225756088
2021-06-06 21:03:39.0,0.4863141225756088
2021-06-06 21:03:42.0,0.46881411324357525
2021-06-06 21:03:45.0,0.482674044193404
2021-06-06 21:03:48.0,0.44393023020063405
2021-06-06 21:03:51.0,0.3919457629803503
2021-06-06 21:03:54.0,0.3081190297510146
2021-06-06 21:03:57.0,0.4467072808450028
2021-06-06 21:04:00.0,0.46584252576419843
2021-06-06 21:04:03.0,0.45381980907341973
2021-06-06 21:04:06.0,0.521206908927683
2021-06-06 21:04:09.0,0.522913827890502
2021-06-06 21:04:12.0,0.47084448835754183
2021-06-06 21:04:15.0,0.4941845991095393
2021-06-06 21:04:18.0,0.42620698987890954
2021-06-06 21:04:21.0,0.40789822762578537
2021-06-06 21:04:24.0,0.3995546282501757
2021-06-06 21:04:27.0,0.5007342686166005
2021-06-06 21:04:30.0,0.5001642381887126
2021-06-06 21:04:33.0,0.4685184417843386
2021-06-06 21:04:36.0,0.4833898496205824
2021-06-06 21:04:39.0,0.44339505787145606
2021-06-06 21:04:42.0,0.36844576025612297
2021-06-06 21:04:45.0,0.49262053170004894
2021-06-06 21:04:49.0,0.48253887493008457
2021-06-06 21:04:52.0,0.46519174375743433
2021-06-06 21:04:55.0,0.436537481169752
2021-06-06 21:04:58.0,0.5082146816812629
2021-06-06 21:05:01.0,0.46236304207559403
2021-06-06 21:05:04.0,0.44472900287981143
2021-06-06 21:05:07.0,0.49816899116007857
2021-06-06 21:05:10.0,0.47003026257554276
2021-06-06 21:05:13.0,0.43315642148293215
2021-06-06 21:05:16.0,0.43188102357799973
2021-06-06 21:05:19.0,0.4403036478839886
2021-06-06 21:05:22.0,0.40301260491031105
2021-06-06 21:05:25.0,0.457894076137561
2021-06-06 21:05:28.0,0.475682135860591
2021-06-06 21:05:31.0,0.4479322525849586
2021-06-06 21:05:34.0,0.38667171972745973
2021-06-06 21:05:37.0,0.45238731826384715
2021-06-06 21:05:40.0,0.43849770079506906
2021-06-06 21:05:43.0,0.4033087835712793
2021-06-06 21:05:46.0,0.4113573222238748
2021-06-06 21:05:49.0,0.3909712683336664
2021-06-06 21:05:52.0,0.39190922731848976
2021-06-06 21:05:55.0,0.4869229757500465
2021-06-06 21:05:58.0,0.4673856193829602
2021-06-06 21:06:01.0,0.4486974606263652
2021-06-06 21:06:04.0,0.4289874913727437
2021-06-06 21:06:07.0,0.46252079518496114
2021-06-06 21:06:10.0,0.4430457718525283
2021-06-06 21:06:13.0,0.43651582099040953
2021-06-06 21:06:16.0,0.4502592763054213
2021-06-06 21:06:19.0,0.44976845876280147
2021-06-06 21:06:22.0,0.4030713952284444
2021-06-06 21:06:25.0,0.4900501587241379
2021-06-06 21:06:28.0,0.47778761104979073
2021-06-06 21:06:31.0,0.4654293271066876
2021-06-06 21:06:34.0,0.45976894864491613
2021-06-06 21:06:37.0,0.4910750091022621
2021-06-06 21:06:40.0,0.4869910010515509
2021-06-06 21:06:43.0,0.46707045670911657
2021-06-06 21:06:46.0,0.49484473315243166
2021-06-06 21:06:49.0,0.4463672407745497
2021-06-06 21:06:52.0,0.42005459632719505
2021-06-06 21:06:55.0,0.49283166212991997
2021-06-06 21:06:58.0,0.47541755351405446
2021-06-06 21:07:01.0,0.46000581500620635
2021-06-06 21:07:04.0,0.3850985759373236
2021-06-06 21:07:07.0,0.4832506608099726
2021-06-06 21:07:10.0,0.4592590203617913
2021-06-06 21:07:13.0,0.442849506255565
2021-06-06 21:07:16.0,0.4703970504211677
2021-06-06 21:07:19.0,0.4601160309957787
2021-06-06 21:07:22.0,0.4686613619500307
2021-06-06 21:07:25.0,0.5007870983495313
2021-06-06 21:07:28.0,0.47614454799249045
2021-06-06 21:07:31.0,0.4326246299538163
2021-06-06 21:07:34.0,0.38045924581432417
2021-06-06 21:07:37.0,0.4876345636511116
2021-06-06 21:07:40.0,0.4708266800767329
2021-06-06 21:07:43.0,0.4211986342088861
2021-06-06 21:07:46.0,0.48569194343465466
2021-06-06 21:07:49.0,0.4673075631652499
2021-06-06 21:07:52.0,0.4335848798613359
2021-06-06 21:07:55.0,0.4536474810763649
2021-06-06 21:07:58.0,0.4232427242101073
2021-06-06 21:08:01.0,0.4024646345423346
2021-06-06 21:08:04.0,0.38855809739919445
2021-06-06 21:08:07.0,0.4222759431494051
2021-06-06 21:08:10.0,0.4144174637338259
2021-06-06 21:08:13.0,0.4014370046940531
2021-06-06 21:08:16.0,0.4825596028057718
2021-06-06 21:08:19.0,0.4360935912078205
2021-06-06 21:08:22.0,0.37825436434662474
2021-06-06 21:08:25.0,0.4883499419053261
2021-06-06 21:08:28.0,0.5014034312873495
2021-06-06 21:08:31.0,0.4863123129714634
2021-06-06 21:08:34.0,0.46862116880867366
2021-06-06 21:08:37.0,0.44391113181736874
2021-06-06 21:08:40.0,0.39865687564316743
2021-06-06 21:08:43.0,0.3894996650815586
2021-06-06 21:08:46.0,0.4684702457327309
2021-06-06 21:08:49.0,0.4693023192541906
2021-06-06 21:08:52.0,0.46331741427269596
2021-06-06 21:08:55.0,0.48658240505884787
2021-06-06 21:08:59.0,0.48658240505884787
2021-06-06 21:09:02.0,0.4104879906444036
2021-06-06 21:09:05.0,0.36593010717365076
2021-06-06 21:09:08.0,0.48460401207455406
2021-06-06 21:09:11.0,0.4642721595662611
2021-06-06 21:09:14.0,0.43498342161048387
2021-06-06 21:09:17.0,0.4767784186772941
2021-06-06 21:09:20.0,0.4766959820474828
2021-06-06 21:09:23.0,0.4226263377535778
2021-06-06 21:09:26.0,0.4965336286339227
2021-06-06 21:09:29.0,0.4965336286339227
2021-06-06 21:09:32.0,0.48484814908196483
2021-06-06 21:09:35.0,0.44333592287999435
2021-06-06 21:09:38.0,0.4516868156458391
2021-06-06 21:09:41.0,0.4194404137379621
2021-06-06 21:09:44.0,0.35219822741134904
2021-06-06 21:09:47.0,0.5061013370526372
2021-06-06 21:09:50.0,0.48528027229112164
2021-06-06 21:09:53.0,0.4642321544795452
2021-06-06 21:09:56.0,0.49532160095961975
2021-06-06 21:09:59.0,0.45285691717356585
2021-06-06 21:10:02.0,0.4360973964079036
2021-06-06 21:10:05.0,0.5003822667003324
2021-06-06 21:10:08.0,0.5045206827366951
2021-06-06 21:10:11.0,0.4820849334357128
2021-06-06 21:10:14.0,0.47431073893915726
2021-06-06 21:10:17.0,0.49314798504004426
2021-06-06 21:10:20.0,0.4672381420603062
2021-06-06 21:10:23.0,0.40441579753820256
2021-06-06 21:10:26.0,0.466003435388637
2021-06-06 21:10:29.0,0.49365833822998845
2021-06-06 21:10:32.0,0.4756541526330865
2021-06-06 21:10:35.0,0.5098581899717946
2021-06-06 21:10:38.0,0.503537295742524
2021-06-06 21:10:41.0,0.5056481284026767
2021-06-06 21:10:44.0,0.4270344981511163
2021-06-06 21:10:47.0,0.47860966521223064
2021-06-06 21:10:50.0,0.4573429934547431
2021-06-06 21:10:53.0,0.37698927690919737
2021-06-06 21:10:56.0,0.4790868056340786
2021-06-06 21:10:59.0,0.48294730150819415
2021-06-06 21:11:02.0,0.4497421643081487
2021-06-06 21:11:05.0,0.48306433920478076
2021-06-06 21:11:08.0,0.478747630013978
2021-06-06 21:11:11.0,0.4723775521387812
2021-06-06 21:11:14.0,0.3795746853106703
2021-06-06 21:11:17.0,0.46536018921221267
2021-06-06 21:11:20.0,0.47425863442874977
2021-06-06 21:11:23.0,0.430325793655443
2021-06-06 21:11:26.0,0.4799153378462051
2021-06-06 21:11:29.0,0.49099522079016744
2021-06-06 21:11:32.0,0.476729029778779
2021-06-06 21:11:35.0,0.5173417211659989
2021-06-06 21:11:38.0,0.49844324384929806
2021-06-06 21:11:41.0,0.474243310264442
2021-06-06 21:11:44.0,0.43812851117616963
2021-06-06 21:11:47.0,0.4991520049995002
2021-06-06 21:11:50.0,0.4905240166229642
2021-06-06 21:11:53.0,0.45930077459929197
2021-06-06 21:11:56.0,0.43479411597247897
2021-06-06 21:11:59.0,0.40360599204478514
2021-06-06 21:12:02.0,0.409489191749697
2021-06-06 21:12:05.0,0.47939275852875374
2021-06-06 21:12:08.0,0.47595851386711924
2021-06-06 21:12:11.0,0.4508540089334828
2021-06-06 21:12:14.0,0.39664479154829785
2021-06-06 21:12:17.0,0.5078193678857973
2021-06-06 21:12:20.0,0.4789730009531948
2021-06-06 21:12:23.0,0.4579440981517836
2021-06-06 21:12:26.0,0.4753919684339166
2021-06-06 21:12:29.0,0.45031940370662393
2021-06-06 21:12:32.0,0.4255360316145891
2021-06-06 21:12:35.0,0.4831153910583608
2021-06-06 21:12:38.0,0.44207770103531246
2021-06-06 21:12:41.0,0.4548165284167262
2021-06-06 21:12:44.0,0.3970684120568055
2021-06-06 21:12:47.0,0.4894707742464261
2021-06-06 21:12:51.0,0.4365091530501433
2021-06-06 21:12:54.0,0.4035831736922476
2021-06-06 21:12:57.0,0.4260595695801479
2021-06-06 21:13:00.0,0.42918080295171557
2021-06-06 21:13:03.0,0.39496439831616076
2021-06-06 21:13:06.0,0.4271543208137815
2021-06-06 21:13:09.0,0.4110068647068959
2021-06-06 21:13:12.0,0.371131186428525
2021-06-06 21:13:15.0,0.36518306443064985
2021-06-06 21:13:18.0,0.3550460317754298
2021-06-06 21:13:21.0,0.344643707090944
2021-06-06 21:13:24.0,0.24750481874167393
2021-06-06 21:13:27.0,0.28980657784593455
2021-06-06 21:13:30.0,0.28035885422601303
2021-06-06 21:13:33.0,0.2701715695774286
2021-06-06 21:13:36.0,0.258627910414949
2021-06-06 21:13:39.0,0.2334164222603965
2021-06-06 21:13:42.0,0.21603970252146595
2021-06-06 21:13:45.0,0.23043261930464726
2021-06-06 21:13:48.0,0.21902779059490754
2021-06-06 21:13:51.0,0.1989652250563273
2021-06-06 21:13:54.0,0.1727888843902343
2021-06-06 21:13:57.0,0.17585349836364342
2021-06-06 21:14:00.0,0.1692591147944566
2021-06-06 21:14:03.0,0.1626095051963235
2021-06-06 21:14:06.0,0.14005733771098136
2021-06-06 21:14:09.0,0.15589912363590525
2021-06-06 21:14:12.0,0.15475966784208428
2021-06-06 21:14:15.0,0.15647671318475231
2021-06-06 21:14:18.0,0.13906197242532584
2021-06-06 21:14:21.0,0.12762444064271966
2021-06-06 21:14:24.0,0.10933589995828641
2021-06-06 21:14:27.0,0.10860807200503375
2021-06-06 21:14:30.0,0.09551797569603071
2021-06-06 21:14:33.0,0.08331732903043873
2021-06-06 21:14:36.0,0.05420867992856071
2021-06-06 21:14:39.0,0.05340283371979411
2021-06-06 21:14:42.0,0.049546441309851114
2021-06-06 21:14:45.0,0.0332034857998762
