2021-06-06 20:22:48.0,NaN
2021-06-06 20:22:51.0,NaN
2021-06-06 20:22:54.0,NaN
2021-06-06 20:22:57.0,NaN
2021-06-06 20:23:00.0,NaN
2021-06-06 20:23:03.0,NaN
2021-06-06 20:23:06.0,NaN
2021-06-06 20:23:09.0,NaN
2021-06-06 20:23:12.0,NaN
2021-06-06 20:23:15.0,100.0
2021-06-06 20:23:18.0,100.0
2021-06-06 20:23:21.0,100.0
2021-06-06 20:23:24.0,100.0
2021-06-06 20:23:27.0,100.0
2021-06-06 20:23:30.0,100.0
2021-06-06 20:23:33.0,100.0
2021-06-06 20:23:36.0,100.0
2021-06-06 20:23:39.0,100.0
2021-06-06 20:23:42.0,100.0
2021-06-06 20:23:45.0,100.0
2021-06-06 20:23:48.0,100.0
2021-06-06 20:23:51.0,100.0
2021-06-06 20:23:54.0,100.0
2021-06-06 20:23:57.0,100.0
2021-06-06 20:24:00.0,100.0
2021-06-06 20:24:03.0,100.0
2021-06-06 20:24:06.0,100.0
2021-06-06 20:24:09.0,100.0
2021-06-06 20:24:12.0,100.0
2021-06-06 20:24:15.0,100.0
2021-06-06 20:24:18.0,100.0
2021-06-06 20:24:21.0,100.0
2021-06-06 20:24:24.0,100.0
2021-06-06 20:24:27.0,100.0
2021-06-06 20:24:30.0,100.0
2021-06-06 20:24:33.0,100.0
2021-06-06 20:24:36.0,100.0
2021-06-06 20:24:39.0,100.0
2021-06-06 20:24:42.0,100.0
2021-06-06 20:24:45.0,100.0
2021-06-06 20:24:48.0,100.0
2021-06-06 20:24:51.0,100.0
2021-06-06 20:24:54.0,100.0
2021-06-06 20:24:57.0,100.0
2021-06-06 20:25:00.0,100.0
2021-06-06 20:25:03.0,100.0
2021-06-06 20:25:06.0,100.0
2021-06-06 20:25:09.0,100.0
2021-06-06 20:25:12.0,100.0
2021-06-06 20:25:15.0,100.0
2021-06-06 20:25:18.0,100.0
2021-06-06 20:25:21.0,100.0
2021-06-06 20:25:25.0,100.0
2021-06-06 20:25:28.0,100.0
2021-06-06 20:25:31.0,100.0
2021-06-06 20:25:34.0,100.0
2021-06-06 20:25:37.0,100.0
2021-06-06 20:25:40.0,100.0
2021-06-06 20:25:43.0,100.0
2021-06-06 20:25:46.0,100.0
2021-06-06 20:25:49.0,100.0
2021-06-06 20:25:52.0,100.0
2021-06-06 20:25:55.0,100.0
2021-06-06 20:25:58.0,100.0
2021-06-06 20:26:01.0,100.0
2021-06-06 20:26:04.0,100.0
2021-06-06 20:26:07.0,100.0
2021-06-06 20:26:10.0,100.0
2021-06-06 20:26:13.0,100.0
2021-06-06 20:26:16.0,100.0
2021-06-06 20:26:19.0,100.0
2021-06-06 20:26:22.0,100.0
2021-06-06 20:26:25.0,100.0
2021-06-06 20:26:28.0,100.0
2021-06-06 20:26:31.0,100.0
2021-06-06 20:26:34.0,100.0
2021-06-06 20:26:37.0,100.0
2021-06-06 20:26:40.0,100.0
2021-06-06 20:26:43.0,100.0
2021-06-06 20:26:46.0,100.0
2021-06-06 20:26:49.0,100.0
2021-06-06 20:26:52.0,100.0
2021-06-06 20:26:55.0,100.0
2021-06-06 20:26:58.0,100.0
2021-06-06 20:27:01.0,100.0
2021-06-06 20:27:04.0,100.0
2021-06-06 20:27:07.0,100.0
2021-06-06 20:27:10.0,100.0
2021-06-06 20:27:13.0,100.0
2021-06-06 20:27:16.0,100.0
2021-06-06 20:27:19.0,100.0
2021-06-06 20:27:22.0,100.0
2021-06-06 20:27:25.0,100.0
2021-06-06 20:27:28.0,100.0
2021-06-06 20:27:31.0,100.0
2021-06-06 20:27:34.0,100.0
2021-06-06 20:27:37.0,100.0
2021-06-06 20:27:40.0,100.0
2021-06-06 20:27:43.0,100.0
2021-06-06 20:27:46.0,100.0
2021-06-06 20:27:49.0,100.0
2021-06-06 20:27:52.0,100.0
2021-06-06 20:27:55.0,100.0
2021-06-06 20:27:58.0,100.0
2021-06-06 20:28:01.0,100.0
2021-06-06 20:28:04.0,100.0
2021-06-06 20:28:07.0,100.0
2021-06-06 20:28:10.0,100.0
2021-06-06 20:28:13.0,100.0
2021-06-06 20:28:16.0,100.0
2021-06-06 20:28:19.0,100.0
2021-06-06 20:28:22.0,100.0
2021-06-06 20:28:25.0,100.0
2021-06-06 20:28:28.0,100.0
2021-06-06 20:28:31.0,100.0
2021-06-06 20:28:34.0,100.0
2021-06-06 20:28:37.0,99.98638876584275
2021-06-06 20:28:40.0,99.9863091277883
2021-06-06 20:28:43.0,99.98623091775882
2021-06-06 20:28:46.0,99.98636383994565
2021-06-06 20:28:49.0,99.48965416223088
2021-06-06 20:28:52.0,99.29201368133585
2021-06-06 20:28:55.0,99.28823399200579
2021-06-06 20:28:58.0,99.28452803614837
2021-06-06 20:29:01.0,99.29267299366201
2021-06-06 20:29:04.0,99.33678139349699
2021-06-06 20:29:07.0,99.1379809608396
2021-06-06 20:29:10.0,99.1009168553439
2021-06-06 20:29:13.0,99.06454637441813
2021-06-06 20:29:16.0,99.04153449594875
2021-06-06 20:29:19.0,99.04295395284556
2021-06-06 20:29:22.0,98.75666229693529
2021-06-06 20:29:25.0,98.70098882206668
2021-06-06 20:29:28.0,98.64636592046162
2021-06-06 20:29:31.0,98.60693900219545
2021-06-06 20:29:34.0,98.58617724619592
2021-06-06 20:29:37.0,98.49532755766259
2021-06-06 20:29:40.0,98.44255023334765
2021-06-06 20:29:43.0,98.39066928609337
2021-06-06 20:29:46.0,98.36019153521563
2021-06-06 20:29:50.0,98.3406966042206
2021-06-06 20:29:53.0,98.40983282746151
2021-06-06 20:29:56.0,98.36681314331577
2021-06-06 20:29:59.0,98.3246491384234
2021-06-06 20:30:02.0,98.29971183192492
2021-06-06 20:30:05.0,98.28132285237633
2021-06-06 20:30:08.0,98.03964226304471
2021-06-06 20:30:11.0,97.99406587606359
2021-06-06 20:30:14.0,97.94927442022178
2021-06-06 20:30:17.0,97.92911762873219
2021-06-06 20:30:20.0,97.91431240106137
2021-06-06 20:30:23.0,98.12933723154853
2021-06-06 20:30:26.0,98.09419573750326
2021-06-06 20:30:29.0,98.05968244414824
2021-06-06 20:30:32.0,98.04685377838128
2021-06-06 20:30:35.0,98.03797825200326
2021-06-06 20:30:38.0,97.90278238543911
2021-06-06 20:30:41.0,97.86851624540854
2021-06-06 20:30:44.0,97.83470630836995
2021-06-06 20:30:47.0,97.82097222371286
2021-06-06 20:30:50.0,97.80439682707954
2021-06-06 20:30:53.0,97.99063909005763
2021-06-06 20:30:56.0,97.96287574648946
2021-06-06 20:30:59.0,97.93551077915397
2021-06-06 20:31:02.0,97.92753426799058
2021-06-06 20:31:05.0,97.9054342854726
2021-06-06 20:31:08.0,97.86409251226598
2021-06-06 20:31:11.0,97.83821024084769
2021-06-06 20:31:14.0,97.81270923543475
2021-06-06 20:31:17.0,97.8058755522289
2021-06-06 20:31:20.0,97.64271729935138
2021-06-06 20:31:23.0,97.77381736635195
2021-06-06 20:31:26.0,97.75156951505593
2021-06-06 20:31:29.0,97.72962335332002
2021-06-06 20:31:32.0,97.72883034256853
2021-06-06 20:31:35.0,97.73161447319212
2021-06-06 20:31:38.0,97.75448117670255
2021-06-06 20:31:41.0,97.73546080823384
2021-06-06 20:31:44.0,97.716706421542
2021-06-06 20:31:47.0,97.7192053913446
2021-06-06 20:31:50.0,97.72020334966562
2021-06-06 20:31:53.0,97.80287346202185
2021-06-06 20:31:56.0,97.78638442225834
2021-06-06 20:31:59.0,97.77010250251719
2021-06-06 20:32:02.0,97.77435102646051
2021-06-06 20:32:05.0,97.77817392630098
2021-06-06 20:32:08.0,97.72252424778517
2021-06-06 20:32:11.0,97.7066361681584
2021-06-06 20:32:14.0,97.69098177918795
2021-06-06 20:32:17.0,97.6917403931592
2021-06-06 20:32:20.0,97.53956853485627
2021-06-06 20:32:23.0,97.4600682720958
2021-06-06 20:32:26.0,97.44436177932926
2021-06-06 20:32:29.0,97.42880257676293
2021-06-06 20:32:32.0,97.4297549034322
2021-06-06 20:32:35.0,97.4303965194266
2021-06-06 20:32:38.0,97.3529497535554
2021-06-06 20:32:41.0,97.33757170580843
2021-06-06 20:32:44.0,97.32233689116757
2021-06-06 20:32:47.0,97.32958136879888
2021-06-06 20:32:50.0,97.33373649298564
2021-06-06 20:32:53.0,97.30178605179167
2021-06-06 20:32:56.0,97.28708865290908
2021-06-06 20:32:59.0,97.27257577420579
2021-06-06 20:33:02.0,97.27583830239801
2021-06-06 20:33:05.0,97.27944672596301
2021-06-06 20:33:08.0,97.21709063402942
2021-06-06 20:33:11.0,97.20282607196825
2021-06-06 20:33:14.0,97.18871270080157
2021-06-06 20:33:17.0,97.19267867442171
2021-06-06 20:33:20.0,97.19138182473937
2021-06-06 20:33:23.0,97.30255184901966
2021-06-06 20:33:26.0,97.2897769242116
2021-06-06 20:33:29.0,97.27713763695394
2021-06-06 20:33:32.0,97.28529359500236
2021-06-06 20:33:35.0,97.27970432701727
2021-06-06 20:33:38.0,97.38257476189884
2021-06-06 20:33:41.0,97.37108183427277
2021-06-06 20:33:44.0,97.37665607051642
2021-06-06 20:33:47.0,97.36818913089503
2021-06-06 20:33:50.0,97.37593650567517
2021-06-06 20:33:53.0,97.46640653957792
2021-06-06 20:33:56.0,97.45598164845262
2021-06-06 20:34:00.0,97.46339958759657
2021-06-06 20:34:03.0,97.45313708160658
2021-06-06 20:34:06.0,97.4084749119715
2021-06-06 20:34:09.0,97.48947467353541
2021-06-06 20:34:12.0,97.4799125811752
2021-06-06 20:34:15.0,97.48429215766183
2021-06-06 20:34:18.0,97.47488241559272
2021-06-06 20:34:21.0,97.38436791339038
2021-06-06 20:34:24.0,97.45838580312915
2021-06-06 20:34:27.0,97.44952185092026
2021-06-06 20:34:30.0,97.4542476609655
2021-06-06 20:34:33.0,97.44553483309006
2021-06-06 20:34:36.0,97.45592687827592
2021-06-06 20:34:39.0,97.5160537768835
2021-06-06 20:34:42.0,97.50790633487335
2021-06-06 20:34:45.0,97.51280385566677
2021-06-06 20:34:48.0,97.50479778547269
2021-06-06 20:34:51.0,97.39076162420199
2021-06-06 20:34:54.0,97.4589540268681
2021-06-06 20:34:57.0,97.45133466511365
2021-06-06 20:35:00.0,97.4588225760567
2021-06-06 20:35:03.0,97.45132149806935
2021-06-06 20:35:06.0,97.43225303926901
2021-06-06 20:35:09.0,97.49208928850884
2021-06-06 20:35:12.0,97.48500541995114
2021-06-06 20:35:15.0,97.48829935986252
2021-06-06 20:35:18.0,97.48130319558193
2021-06-06 20:35:21.0,97.47088244244982
2021-06-06 20:35:24.0,97.52605576792985
2021-06-06 20:35:27.0,97.51944040006042
2021-06-06 20:35:30.0,97.5230655760671
2021-06-06 20:35:33.0,97.22056127635085
2021-06-06 20:35:36.0,97.19616192921784
2021-06-06 20:35:39.0,97.21758647920369
2021-06-06 20:35:42.0,97.17948688061773
2021-06-06 20:35:45.0,97.15565528528668
2021-06-06 20:35:48.0,97.31181550310205
2021-06-06 20:35:51.0,97.30783291971521
2021-06-06 20:35:54.0,97.34346386910798
2021-06-06 20:35:57.0,97.32391179793403
2021-06-06 20:36:00.0,97.31328771699975
2021-06-06 20:36:03.0,97.08075043324457
2021-06-06 20:36:06.0,97.06085030307784
2021-06-06 20:36:09.0,97.08138724930303
2021-06-06 20:36:12.0,97.05047929270613
2021-06-06 20:36:15.0,97.0340499255055
2021-06-06 20:36:18.0,97.13513170819272
2021-06-06 20:36:21.0,97.12445444258044
2021-06-06 20:36:24.0,97.15077949567095
2021-06-06 20:36:27.0,97.12699650391895
2021-06-06 20:36:30.0,97.11742228113499
2021-06-06 20:36:33.0,97.21311441671592
2021-06-06 20:36:36.0,97.2076386823496
2021-06-06 20:36:39.0,97.23697266853475
2021-06-06 20:36:42.0,97.2184356649036
2021-06-06 20:36:45.0,97.21223178487797
2021-06-06 20:36:48.0,97.23243572532103
2021-06-06 20:36:51.0,97.22920270998614
2021-06-06 20:36:54.0,97.2567414268978
2021-06-06 20:36:57.0,97.24012662143588
2021-06-06 20:37:00.0,97.23508601909796
2021-06-06 20:37:03.0,97.3036475819109
2021-06-06 20:37:06.0,97.3017095989467
2021-06-06 20:37:09.0,97.32926098484079
2021-06-06 20:37:12.0,97.31542122003823
2021-06-06 20:37:15.0,97.311069382101
2021-06-06 20:37:18.0,97.35548136879919
2021-06-06 20:37:21.0,97.35721667013728
2021-06-06 20:37:24.0,97.38184337708797
2021-06-06 20:37:27.0,97.3697576078155
2021-06-06 20:37:30.0,97.36789980704887
2021-06-06 20:37:33.0,97.40534018289998
2021-06-06 20:37:36.0,97.39941755405769
2021-06-06 20:37:39.0,97.4252370767276
2021-06-06 20:37:42.0,97.41452503673128
2021-06-06 20:37:45.0,97.41747905853768
2021-06-06 20:37:48.0,97.45200709377634
2021-06-06 20:37:51.0,97.45110905627284
2021-06-06 20:37:54.0,97.47502358867538
2021-06-06 20:37:57.0,97.4664038781755
2021-06-06 20:38:00.0,97.4759141348119
2021-06-06 20:38:03.0,97.46767184417936
2021-06-06 20:38:06.0,97.46432059075822
2021-06-06 20:38:09.0,97.4865215254082
2021-06-06 20:38:12.0,97.47852367847794
2021-06-06 20:38:15.0,97.51956457142012
2021-06-06 20:38:18.0,97.51218434782231
2021-06-06 20:38:21.0,97.50061082506029
2021-06-06 20:38:25.0,97.52346872584232
2021-06-06 20:38:28.0,97.5162919742977
2021-06-06 20:38:31.0,97.55816816292537
2021-06-06 20:38:34.0,97.55163135986102
2021-06-06 20:38:37.0,97.5520136245494
2021-06-06 20:38:40.0,97.57381398963064
2021-06-06 20:38:43.0,97.57478820003331
2021-06-06 20:38:46.0,97.60958745039679
2021-06-06 20:38:49.0,97.60435624346869
2021-06-06 20:38:52.0,97.60504463268552
2021-06-06 20:38:55.0,97.62595594046257
2021-06-06 20:38:58.0,97.62046144969248
2021-06-06 20:39:01.0,97.64927989451704
2021-06-06 20:39:04.0,97.64490258660548
2021-06-06 20:39:07.0,97.64237794855892
2021-06-06 20:39:10.0,97.66220368119282
2021-06-06 20:39:13.0,97.6568827834759
2021-06-06 20:39:16.0,97.68262569008338
2021-06-06 20:39:19.0,97.67850630388655
2021-06-06 20:39:22.0,97.67201950574884
2021-06-06 20:39:25.0,97.69155566639121
2021-06-06 20:39:28.0,97.6827926367272
2021-06-06 20:39:31.0,97.70533316773412
2021-06-06 20:39:34.0,97.70132563680394
2021-06-06 20:39:37.0,97.69313739872084
2021-06-06 20:39:40.0,97.71055604255547
2021-06-06 20:39:43.0,97.70263695561944
2021-06-06 20:39:46.0,97.72052313361719
2021-06-06 20:39:49.0,97.7161646701926
2021-06-06 20:39:52.0,97.70581469069671
2021-06-06 20:39:55.0,97.72107384144118
2021-06-06 20:39:58.0,97.71515467645736
2021-06-06 20:40:01.0,97.72828083311195
2021-06-06 20:40:04.0,97.72396054025914
2021-06-06 20:40:07.0,97.72755030044897
2021-06-06 20:40:10.0,97.72323679743353
2021-06-06 20:40:13.0,97.71897063792446
2021-06-06 20:40:16.0,97.72944596118126
2021-06-06 20:40:19.0,97.72528429082645
2021-06-06 20:40:22.0,97.7277204158433
2021-06-06 20:40:25.0,97.72358679209937
2021-06-06 20:40:28.0,97.71947449065487
2021-06-06 20:40:31.0,97.72950966134339
2021-06-06 20:40:34.0,97.72548337897555
2021-06-06 20:40:37.0,97.71812649683669
2021-06-06 20:40:40.0,97.72091966198568
2021-06-06 20:40:43.0,97.71819485091325
2021-06-06 20:40:46.0,97.71765751224962
2021-06-06 20:40:49.0,97.72460718963156
2021-06-06 20:40:52.0,97.72460718963156
2021-06-06 20:40:55.0,97.72460718963156
2021-06-06 20:40:58.0,97.72460718963156
2021-06-06 20:41:01.0,97.72894028284908
2021-06-06 20:41:04.0,97.72894028284908
2021-06-06 20:41:07.0,97.72894028284908
2021-06-06 20:41:10.0,97.72894028284908
2021-06-06 20:41:13.0,97.72894028284908
2021-06-06 20:41:16.0,97.73610244182784
2021-06-06 20:41:19.0,97.73610244182784
2021-06-06 20:41:22.0,97.73610244182784
2021-06-06 20:41:25.0,97.73610244182784
2021-06-06 20:41:28.0,97.73610244182784
2021-06-06 20:41:31.0,97.74555909802764
2021-06-06 20:41:34.0,97.74555909802764
2021-06-06 20:41:37.0,97.74555909802764
2021-06-06 20:41:40.0,97.74555909802764
2021-06-06 20:41:43.0,97.74555909802764
2021-06-06 20:41:46.0,97.75738843552604
2021-06-06 20:41:49.0,97.75703242408336
2021-06-06 20:41:52.0,97.75703242408336
2021-06-06 20:41:55.0,97.75703242408336
2021-06-06 20:41:58.0,97.75703242408336
2021-06-06 20:42:01.0,97.76960861127998
2021-06-06 20:42:04.0,97.76960861127998
2021-06-06 20:42:07.0,97.76960861127998
2021-06-06 20:42:10.0,97.76960861127998
2021-06-06 20:42:13.0,97.76960861127998
2021-06-06 20:42:16.0,97.78370549051807
2021-06-06 20:42:19.0,97.78370549051807
2021-06-06 20:42:22.0,97.78370549051807
2021-06-06 20:42:25.0,97.78732099275112
2021-06-06 20:42:28.0,97.7879757639198
2021-06-06 20:42:31.0,97.79600979998034
2021-06-06 20:42:34.0,97.79666008759067
2021-06-06 20:42:37.0,97.79730999157931
2021-06-06 20:42:40.0,97.8084263199155
2021-06-06 20:42:43.0,97.81005341491473
2021-06-06 20:42:46.0,97.81684013986063
2021-06-06 20:42:49.0,97.81812331100703
2021-06-06 20:42:52.0,97.8197381846
2021-06-06 20:42:55.0,97.82874381964797
2021-06-06 20:42:59.0,97.83081526043445
2021-06-06 20:43:02.0,97.83800678024973
2021-06-06 20:43:05.0,97.84005855050233
2021-06-06 20:43:08.0,97.84210507113724
2021-06-06 20:43:11.0,97.84964964095661
2021-06-06 20:43:14.0,97.85194366947535
2021-06-06 20:43:17.0,97.8606836190832
2021-06-06 20:43:20.0,97.86295417797986
2021-06-06 20:43:23.0,97.86521841789809
2021-06-06 20:43:26.0,97.87422450596526
2021-06-06 20:43:29.0,97.87672339443539
2021-06-06 20:43:32.0,97.88455577746204
2021-06-06 20:43:35.0,97.88703785778947
2021-06-06 20:43:38.0,97.8895116569142
2021-06-06 20:43:41.0,97.89820339525278
2021-06-06 20:43:44.0,97.90086031822264
2021-06-06 20:43:47.0,97.90936808692409
2021-06-06 20:43:50.0,97.91170135895902
2021-06-06 20:43:53.0,97.91432341842241
2021-06-06 20:43:56.0,97.92274373309256
2021-06-06 20:43:59.0,97.92549729703607
2021-06-06 20:44:02.0,97.93522483882894
2021-06-06 20:44:05.0,97.93794904274786
2021-06-06 20:44:08.0,97.94066246892916
2021-06-06 20:44:11.0,97.94958233750279
2021-06-06 20:44:14.0,97.95241963515265
2021-06-06 20:44:17.0,97.96155127017882
2021-06-06 20:44:20.0,97.9643499878931
2021-06-06 20:44:23.0,97.96713732465263
2021-06-06 20:44:26.0,97.9764417932259
2021-06-06 20:44:29.0,97.97933802285357
2021-06-06 20:44:32.0,97.98837274851853
2021-06-06 20:44:35.0,97.99124256198243
2021-06-06 20:44:38.0,97.99410325015944
2021-06-06 20:44:41.0,98.00026249774749
2021-06-06 20:44:44.0,98.00855260780067
2021-06-06 20:44:47.0,98.01701523245887
2021-06-06 20:44:50.0,98.02050779997778
2021-06-06 20:44:53.0,98.0242352913184
2021-06-06 20:44:56.0,98.03025307950114
2021-06-06 20:44:59.0,98.03455781985645
2021-06-06 20:45:02.0,98.04412479876042
2021-06-06 20:45:05.0,98.04785690342977
2021-06-06 20:45:08.0,98.051577258858
2021-06-06 20:45:11.0,98.05706597742913
2021-06-06 20:45:14.0,98.0614128565664
2021-06-06 20:45:17.0,98.06957867855573
2021-06-06 20:45:20.0,98.07327688297399
2021-06-06 20:45:23.0,98.0769744091675
2021-06-06 20:45:26.0,98.08318954930907
2021-06-06 20:45:29.0,98.08688864081864
2021-06-06 20:45:32.0,98.09463702003089
2021-06-06 20:45:35.0,98.098293313351
2021-06-06 20:45:38.0,98.09417806693577
2021-06-06 20:45:41.0,98.098849611942
2021-06-06 20:45:44.0,98.10357875546022
2021-06-06 20:45:47.0,98.11322268538292
2021-06-06 20:45:50.0,98.11767156084295
2021-06-06 20:45:53.0,98.12491805945844
2021-06-06 20:45:56.0,98.12855063337842
2021-06-06 20:45:59.0,98.13336190156444
2021-06-06 20:46:02.0,98.14195348245475
2021-06-06 20:46:05.0,98.14669617055381
2021-06-06 20:46:08.0,98.15407251346203
2021-06-06 20:46:11.0,98.15900795293638
2021-06-06 20:46:14.0,98.16384120456469
2021-06-06 20:46:17.0,98.17275244881468
2021-06-06 20:46:20.0,98.17751861872736
2021-06-06 20:46:23.0,98.18358834763255
2021-06-06 20:46:26.0,98.18877410785935
2021-06-06 20:46:29.0,98.19351917561154
2021-06-06 20:46:32.0,98.20244443658031
2021-06-06 20:46:35.0,98.20710895043624
2021-06-06 20:46:38.0,98.21208676214638
2021-06-06 20:46:41.0,98.20186546904671
2021-06-06 20:46:44.0,98.20634782424874
2021-06-06 20:46:47.0,98.2144094723795
2021-06-06 20:46:50.0,98.21864482058264
2021-06-06 20:46:53.0,98.22380913805378
2021-06-06 20:46:56.0,98.22628165303863
2021-06-06 20:46:59.0,98.21061300286514
2021-06-06 20:47:02.0,98.21480300351308
2021-06-06 20:47:05.0,98.21568334481077
2021-06-06 20:47:08.0,98.21482872786316
2021-06-06 20:47:11.0,98.21430889248526
2021-06-06 20:47:14.0,98.18205813366188
2021-06-06 20:47:17.0,98.17955530216301
2021-06-06 20:47:20.0,98.17706611559998
2021-06-06 20:47:23.0,98.1742587472203
2021-06-06 20:47:26.0,98.17127929158167
2021-06-06 20:47:29.0,98.21191660569066
2021-06-06 20:47:32.0,98.21184002690207
2021-06-06 20:47:36.0,98.21176411663043
2021-06-06 20:47:39.0,98.21198608076102
2021-06-06 20:47:42.0,98.212519694615
2021-06-06 20:47:45.0,98.24124065448082
2021-06-06 20:47:48.0,98.24233476552524
2021-06-06 20:47:51.0,98.24326393905893
2021-06-06 20:47:54.0,98.2450968635751
2021-06-06 20:47:57.0,98.24612111642723
2021-06-06 20:48:00.0,98.26925903986681
2021-06-06 20:48:03.0,98.27100332110327
2021-06-06 20:48:06.0,98.27274225126094
2021-06-06 20:48:09.0,98.27380976672573
2021-06-06 20:48:12.0,98.26174480372268
2021-06-06 20:48:15.0,98.28110089874956
2021-06-06 20:48:18.0,98.28306667860477
2021-06-06 20:48:21.0,98.28538148980131
2021-06-06 20:48:24.0,98.28763399256192
2021-06-06 20:48:27.0,98.29124358792262
2021-06-06 20:48:30.0,98.30933299233496
2021-06-06 20:48:33.0,98.31156023040815
2021-06-06 20:48:36.0,98.31426494189465
2021-06-06 20:48:39.0,98.31633415961409
2021-06-06 20:48:42.0,98.31985778258738
2021-06-06 20:48:45.0,98.33612241879902
2021-06-06 20:48:48.0,98.33852338427828
2021-06-06 20:48:51.0,98.34128578496487
2021-06-06 20:48:54.0,98.3436579991506
2021-06-06 20:48:57.0,98.31420904453685
2021-06-06 20:49:00.0,98.32727069049153
2021-06-06 20:49:03.0,98.32949179602173
2021-06-06 20:49:06.0,98.33179432267335
2021-06-06 20:49:09.0,98.33330472202597
2021-06-06 20:49:12.0,98.33794597349556
2021-06-06 20:49:15.0,98.3507459705106
2021-06-06 20:49:18.0,98.35305311315435
2021-06-06 20:49:21.0,98.35514144048273
2021-06-06 20:49:24.0,98.35648452099825
2021-06-06 20:49:27.0,98.36125899057718
2021-06-06 20:49:30.0,98.3729934206062
2021-06-06 20:49:33.0,98.37533400133302
2021-06-06 20:49:36.0,98.37759294229743
2021-06-06 20:49:39.0,98.38078008441671
2021-06-06 20:49:42.0,98.38580025942541
2021-06-06 20:49:45.0,98.39689971682385
2021-06-06 20:49:48.0,98.39915340185483
2021-06-06 20:49:51.0,98.40152120208325
2021-06-06 20:49:54.0,98.40489909327789
2021-06-06 20:49:57.0,98.40946634194225
2021-06-06 20:50:00.0,98.42001164054406
2021-06-06 20:50:03.0,98.42240905068567
2021-06-06 20:50:06.0,98.42540371882068
2021-06-06 20:50:09.0,98.42429849264333
2021-06-06 20:50:12.0,98.42839005481005
2021-06-06 20:50:15.0,98.43872259658549
2021-06-06 20:50:18.0,98.44111590092861
2021-06-06 20:50:21.0,98.44344015909138
2021-06-06 20:50:24.0,98.44506202999776
2021-06-06 20:50:27.0,98.45385627828246
2021-06-06 20:50:30.0,98.45839959721381
2021-06-06 20:50:33.0,98.46079217934954
2021-06-06 20:50:36.0,98.46302503265883
2021-06-06 20:50:39.0,98.4666124167117
2021-06-06 20:50:42.0,98.47552368966446
2021-06-06 20:50:45.0,98.4811064147968
2021-06-06 20:50:48.0,98.48338870235632
2021-06-06 20:50:51.0,98.48604311207937
2021-06-06 20:50:54.0,98.48964172406698
2021-06-06 20:50:57.0,98.49739094570906
2021-06-06 20:51:00.0,98.50275634339994
2021-06-06 20:51:03.0,98.50511165731959
2021-06-06 20:51:06.0,98.5075913527919
2021-06-06 20:51:09.0,98.51125809208136
2021-06-06 20:51:12.0,98.51822793623151
2021-06-06 20:51:15.0,98.52324894372738
2021-06-06 20:51:18.0,98.52558451907997
2021-06-06 20:51:21.0,98.527961516264
2021-06-06 20:51:24.0,98.53180818601061
2021-06-06 20:51:27.0,98.53917884767222
2021-06-06 20:51:30.0,98.54422439443435
2021-06-06 20:51:33.0,98.54653593135558
2021-06-06 20:51:36.0,98.54869855722441
2021-06-06 20:51:39.0,98.55263966715614
2021-06-06 20:51:42.0,98.55901082908561
2021-06-06 20:51:45.0,98.5637315845648
2021-06-06 20:51:48.0,98.56592669157497
2021-06-06 20:51:51.0,98.56805158442545
2021-06-06 20:51:55.0,98.57158257697488
2021-06-06 20:51:58.0,98.57896119692731
2021-06-06 20:52:01.0,98.58372998057415
2021-06-06 20:52:04.0,98.5859931182629
2021-06-06 20:52:07.0,98.58831448462232
2021-06-06 20:52:10.0,98.59155774348903
2021-06-06 20:52:13.0,98.59771126631891
2021-06-06 20:52:16.0,98.60302884186024
2021-06-06 20:52:19.0,98.6052565071798
2021-06-06 20:52:22.0,98.60747588649774
2021-06-06 20:52:25.0,98.6102448931276
2021-06-06 20:52:28.0,98.61571627364624
2021-06-06 20:52:31.0,98.62019720698838
2021-06-06 20:52:34.0,98.62238350241186
2021-06-06 20:52:37.0,98.62459139219352
2021-06-06 20:52:40.0,98.62759158844597
2021-06-06 20:52:43.0,98.63310940123374
2021-06-06 20:52:46.0,98.63792408786041
2021-06-06 20:52:49.0,98.64000398885796
2021-06-06 20:52:52.0,98.64179119682652
2021-06-06 20:52:55.0,98.64440862707117
2021-06-06 20:52:58.0,98.650357362773
2021-06-06 20:53:01.0,98.65449434433461
2021-06-06 20:53:04.0,98.65661101779662
2021-06-06 20:53:07.0,98.65887192713446
2021-06-06 20:53:10.0,98.66154853492198
2021-06-06 20:53:13.0,98.66644411005822
2021-06-06 20:53:16.0,98.6702144267158
2021-06-06 20:53:19.0,98.67229838357086
2021-06-06 20:53:22.0,98.67446359173242
2021-06-06 20:53:25.0,98.65186659995719
2021-06-06 20:53:28.0,98.65609003719078
2021-06-06 20:53:31.0,98.65962086859841
2021-06-06 20:53:34.0,98.6616092254099
2021-06-06 20:53:37.0,98.66328232877122
2021-06-06 20:53:40.0,98.66550828865316
2021-06-06 20:53:43.0,98.66994070638577
2021-06-06 20:53:46.0,98.67369961897539
2021-06-06 20:53:49.0,98.67559175943443
2021-06-06 20:53:52.0,98.67431852176557
2021-06-06 20:53:55.0,98.6774824284876
2021-06-06 20:53:58.0,98.68224168603233
2021-06-06 20:54:01.0,98.68581291905818
2021-06-06 20:54:04.0,98.68772842956905
2021-06-06 20:54:07.0,98.68792062127844
2021-06-06 20:54:10.0,98.68990379674976
2021-06-06 20:54:13.0,98.69273075403362
2021-06-06 20:54:16.0,98.69625310274014
2021-06-06 20:54:19.0,98.69811896010245
2021-06-06 20:54:22.0,98.7001797692648
2021-06-06 20:54:25.0,98.7029902404525
2021-06-06 20:54:28.0,98.70744860333005
2021-06-06 20:54:31.0,98.71092048102732
2021-06-06 20:54:34.0,98.71276085620809
2021-06-06 20:54:37.0,98.71476816470516
2021-06-06 20:54:40.0,98.71804861350716
2021-06-06 20:54:43.0,98.72213530677072
2021-06-06 20:54:46.0,98.72559792950604
2021-06-06 20:54:49.0,98.72734859577488
2021-06-06 20:54:52.0,98.72927572866756
2021-06-06 20:54:55.0,98.7320928186934
2021-06-06 20:54:58.0,98.73591566123147
2021-06-06 20:55:01.0,98.73951935207475
2021-06-06 20:55:04.0,98.74129881383362
2021-06-06 20:55:07.0,98.74343640758383
2021-06-06 20:55:10.0,98.74594471326624
2021-06-06 20:55:13.0,98.75031479575838
2021-06-06 20:55:16.0,98.75355188069393
2021-06-06 20:55:19.0,98.75530049740344
2021-06-06 20:55:22.0,98.75716192437596
2021-06-06 20:55:25.0,98.75981823631763
2021-06-06 20:55:28.0,98.76354436015265
2021-06-06 20:55:31.0,98.76719748144596
2021-06-06 20:55:34.0,98.76891945942366
2021-06-06 20:55:37.0,98.77127110919201
2021-06-06 20:55:40.0,98.77358070857201
2021-06-06 20:55:43.0,98.77761149243345
2021-06-06 20:55:46.0,98.78083446405729
2021-06-06 20:55:49.0,98.7824791131453
2021-06-06 20:55:52.0,98.78409853586395
2021-06-06 20:55:55.0,98.78610297358867
2021-06-06 20:55:58.0,98.78937919471548
2021-06-06 20:56:01.0,98.79235498666614
2021-06-06 20:56:05.0,98.79402360823013
2021-06-06 20:56:08.0,98.79525676589202
2021-06-06 20:56:11.0,98.79641943753776
2021-06-06 20:56:14.0,98.7993425159295
2021-06-06 20:56:17.0,98.80197291309767
2021-06-06 20:56:20.0,98.80360734044122
2021-06-06 20:56:23.0,98.80437557453676
2021-06-06 20:56:26.0,98.80518876251075
2021-06-06 20:56:29.0,98.8073673324745
2021-06-06 20:56:32.0,98.81000419593255
2021-06-06 20:56:35.0,98.81161005380703
2021-06-06 20:56:38.0,98.81163547338664
2021-06-06 20:56:41.0,98.81177413656667
2021-06-06 20:56:44.0,98.81351213100979
2021-06-06 20:56:47.0,98.81575930060761
2021-06-06 20:56:50.0,98.81729452073522
2021-06-06 20:56:53.0,98.81672810775218
2021-06-06 20:56:56.0,98.81615320585989
2021-06-06 20:56:59.0,98.81695754822137
2021-06-06 20:57:02.0,98.82005641257692
2021-06-06 20:57:05.0,98.82160573055152
2021-06-06 20:57:08.0,98.8203851597236
2021-06-06 20:57:11.0,98.8191815031493
2021-06-06 20:57:14.0,98.81957388639135
2021-06-06 20:57:17.0,98.82206803107141
2021-06-06 20:57:20.0,98.82358276602766
2021-06-06 20:57:23.0,98.82418543459926
2021-06-06 20:57:26.0,98.82163495516777
2021-06-06 20:57:29.0,98.82140812383405
2021-06-06 20:57:32.0,98.82173622804117
2021-06-06 20:57:35.0,98.82203058621185
2021-06-06 20:57:38.0,98.8223242118009
2021-06-06 20:57:41.0,98.8211491662242
2021-06-06 20:57:44.0,98.82143877799702
2021-06-06 20:57:47.0,98.82184436145283
2021-06-06 20:57:50.0,98.82208856563216
2021-06-06 20:57:53.0,98.82237800409872
2021-06-06 20:57:56.0,98.8212230483483
2021-06-06 20:57:59.0,98.82150793387665
2021-06-06 20:58:02.0,98.82249082703878
2021-06-06 20:58:05.0,98.8227750057597
2021-06-06 20:58:08.0,98.82305980234295
2021-06-06 20:58:11.0,98.8224283818932
2021-06-06 20:58:14.0,98.8224283818932
2021-06-06 20:58:17.0,98.82357412661122
2021-06-06 20:58:20.0,98.82357412661122
2021-06-06 20:58:23.0,98.82357412661122
2021-06-06 20:58:26.0,98.82357412661122
2021-06-06 20:58:29.0,98.82357412661122
2021-06-06 20:58:32.0,98.82526375805281
2021-06-06 20:58:35.0,98.82526375805281
2021-06-06 20:58:38.0,98.82526375805281
2021-06-06 20:58:41.0,98.82526375805281
2021-06-06 20:58:44.0,98.82526375805281
2021-06-06 20:58:47.0,98.82760792458876
2021-06-06 20:58:50.0,98.82756424107191
2021-06-06 20:58:53.0,98.82756424107191
2021-06-06 20:58:56.0,98.82756424107191
2021-06-06 20:58:59.0,98.82756424107191
2021-06-06 20:59:02.0,98.83048918874407
2021-06-06 20:59:05.0,98.83048918874407
2021-06-06 20:59:08.0,98.83048918874407
2021-06-06 20:59:11.0,98.83048918874407
2021-06-06 20:59:14.0,98.83048918874407
2021-06-06 20:59:17.0,98.83349742932782
2021-06-06 20:59:20.0,98.83349742932782
2021-06-06 20:59:23.0,98.83349742932782
2021-06-06 20:59:26.0,98.83349742932782
2021-06-06 20:59:29.0,98.83349742932782
2021-06-06 20:59:32.0,98.83623059978379
2021-06-06 20:59:35.0,98.83731563895978
2021-06-06 20:59:38.0,98.83752842652561
2021-06-06 20:59:41.0,98.83774113621948
2021-06-06 20:59:44.0,98.8383893733741
2021-06-06 20:59:47.0,98.84004567225183
2021-06-06 20:59:50.0,98.84238884345878
2021-06-06 20:59:53.0,98.8429527623474
2021-06-06 20:59:56.0,98.84351706870683
2021-06-06 20:59:59.0,98.84484846948092
2021-06-06 21:00:02.0,98.84682756291842
2021-06-06 21:00:05.0,98.84729955134117
2021-06-06 21:00:08.0,98.84792006192464
2021-06-06 21:00:11.0,98.84853990481301
2021-06-06 21:00:14.0,98.85099494539429
2021-06-06 21:00:17.0,98.85164785425341
2021-06-06 21:00:20.0,98.85282050478588
2021-06-06 21:00:23.0,98.85350387117167
2021-06-06 21:00:27.0,98.85418710264166
2021-06-06 21:00:30.0,98.85668817878279
2021-06-06 21:00:33.0,98.85737884563405
2021-06-06 21:00:36.0,98.85866978387867
2021-06-06 21:00:39.0,98.85938314429742
2021-06-06 21:00:42.0,98.86009679905663
2021-06-06 21:00:45.0,98.86277593104599
2021-06-06 21:00:48.0,98.8635078571171
2021-06-06 21:00:51.0,98.86508986628
2021-06-06 21:00:54.0,98.8658490899908
2021-06-06 21:00:57.0,98.86660679562586
2021-06-06 21:01:00.0,98.86963223350445
2021-06-06 21:01:03.0,98.87040418772006
2021-06-06 21:01:06.0,98.8719214946333
2021-06-06 21:01:09.0,98.87271414435041
2021-06-06 21:01:12.0,98.8735046304912
2021-06-06 21:01:15.0,98.87634369709323
2021-06-06 21:01:18.0,98.87714628464244
2021-06-06 21:01:21.0,98.87853714822495
2021-06-06 21:01:24.0,98.87935006653436
2021-06-06 21:01:27.0,98.88015992202
2021-06-06 21:01:30.0,98.8831479829369
2021-06-06 21:01:33.0,98.88396508295185
2021-06-06 21:01:36.0,98.88537870886108
2021-06-06 21:01:39.0,98.88620490099265
2021-06-06 21:01:42.0,98.8870312395055
2021-06-06 21:01:45.0,98.89034982860613
2021-06-06 21:01:48.0,98.89118441091792
2021-06-06 21:01:51.0,98.89248857912972
2021-06-06 21:01:54.0,98.89333286188685
2021-06-06 21:01:57.0,98.89417362772201
2021-06-06 21:02:00.0,98.89647077284002
2021-06-06 21:02:03.0,98.89713419867408
2021-06-06 21:02:06.0,98.8981822862284
2021-06-06 21:02:09.0,98.8989883208316
2021-06-06 21:02:12.0,98.89979172752751
2021-06-06 21:02:15.0,98.90262698154125
2021-06-06 21:02:18.0,98.90497939131329
2021-06-06 21:02:21.0,98.906323165289
2021-06-06 21:02:24.0,98.90728080048032
2021-06-06 21:02:27.0,98.90823780014424
2021-06-06 21:02:30.0,98.91062389095187
2021-06-06 21:02:33.0,98.91252418676024
2021-06-06 21:02:36.0,98.91368570085055
2021-06-06 21:02:39.0,98.91469869095909
2021-06-06 21:02:42.0,98.91570728939386
2021-06-06 21:02:45.0,98.91835294365876
2021-06-06 21:02:48.0,98.91995855220304
2021-06-06 21:02:51.0,98.92174460149823
2021-06-06 21:02:54.0,98.9227842142283
2021-06-06 21:02:57.0,98.92381963973031
2021-06-06 21:03:00.0,98.90589633198339
2021-06-06 21:03:03.0,98.90327944427581
2021-06-06 21:03:06.0,98.90057502844164
2021-06-06 21:03:09.0,98.89800336351288
2021-06-06 21:03:12.0,98.8954327226361
2021-06-06 21:03:15.0,98.91500732079935
2021-06-06 21:03:18.0,98.9142288191143
2021-06-06 21:03:21.0,98.91405655677097
2021-06-06 21:03:24.0,98.91348671391856
2021-06-06 21:03:27.0,98.91291717889717
2021-06-06 21:03:30.0,98.92352028022991
2021-06-06 21:03:33.0,98.92336205372577
2021-06-06 21:03:36.0,98.92369751722269
2021-06-06 21:03:39.0,98.9237738445274
2021-06-06 21:03:42.0,98.92385028230494
2021-06-06 21:03:45.0,98.93151947279615
2021-06-06 21:03:48.0,98.93199361405821
2021-06-06 21:03:51.0,98.93210423676821
2021-06-06 21:03:54.0,98.93249657746807
2021-06-06 21:03:57.0,98.93288909089834
2021-06-06 21:04:00.0,98.93904573931259
2021-06-06 21:04:03.0,98.93933868392433
2021-06-06 21:04:06.0,98.93992037854072
2021-06-06 21:04:09.0,98.91637737228403
2021-06-06 21:04:12.0,98.91722026668613
2021-06-06 21:04:15.0,98.9232996700746
2021-06-06 21:04:18.0,98.92475887099448
2021-06-06 21:04:22.0,98.92569755504526
2021-06-06 21:04:25.0,98.92667790733991
2021-06-06 21:04:28.0,98.92763915572846
2021-06-06 21:04:31.0,98.93292508510683
2021-06-06 21:04:34.0,98.93477585753429
2021-06-06 21:04:37.0,98.93576190333891
2021-06-06 21:04:40.0,98.93695494141932
2021-06-06 21:04:43.0,98.93801004437832
2021-06-06 21:04:46.0,98.94321112051053
2021-06-06 21:04:49.0,98.94459081958288
2021-06-06 21:04:52.0,98.94544799339755
2021-06-06 21:04:55.0,98.94651315409988
2021-06-06 21:04:58.0,98.9476176684752
2021-06-06 21:05:01.0,98.9521722457351
2021-06-06 21:05:04.0,98.95371935109506
2021-06-06 21:05:07.0,98.95473763292732
2021-06-06 21:05:10.0,98.95583126648816
2021-06-06 21:05:13.0,98.95696269079811
2021-06-06 21:05:16.0,98.96147752612632
2021-06-06 21:05:19.0,98.96298233487778
2021-06-06 21:05:22.0,98.96408986195895
2021-06-06 21:05:25.0,98.96520238274225
2021-06-06 21:05:28.0,98.96635731780906
2021-06-06 21:05:31.0,98.97044215980779
2021-06-06 21:05:34.0,98.95541744716073
2021-06-06 21:05:37.0,98.95625044586902
2021-06-06 21:05:40.0,98.95698521502307
2021-06-06 21:05:43.0,98.95791144743032
2021-06-06 21:05:46.0,98.9617474798143
2021-06-06 21:05:49.0,98.96466992790711
2021-06-06 21:05:52.0,98.96564913883309
2021-06-06 21:05:55.0,98.96661179880363
2021-06-06 21:05:58.0,98.96757419628128
2021-06-06 21:06:01.0,98.97127197732335
2021-06-06 21:06:04.0,98.97368831232713
2021-06-06 21:06:07.0,98.97456983599967
2021-06-06 21:06:10.0,98.97554939509685
2021-06-06 21:06:13.0,98.97653034848197
2021-06-06 21:06:16.0,98.97989520063727
2021-06-06 21:06:19.0,98.9822841456479
2021-06-06 21:06:22.0,98.98318512928358
2021-06-06 21:06:25.0,98.98418120110394
2021-06-06 21:06:28.0,98.98517870708642
2021-06-06 21:06:31.0,98.98863475167838
2021-06-06 21:06:34.0,98.99111107440216
2021-06-06 21:06:37.0,98.99229101980644
2021-06-06 21:06:40.0,98.9933038049958
2021-06-06 21:06:43.0,98.99431201837949
2021-06-06 21:06:46.0,98.9975106962277
2021-06-06 21:06:49.0,98.99951036986234
2021-06-06 21:06:52.0,99.00078859092545
2021-06-06 21:06:55.0,99.00181017625023
2021-06-06 21:06:58.0,99.00283122225784
2021-06-06 21:07:01.0,99.00597283305773
2021-06-06 21:07:04.0,99.00801466761922
2021-06-06 21:07:07.0,99.00907746746523
2021-06-06 21:07:10.0,99.01010620546738
2021-06-06 21:07:13.0,99.01112999339102
2021-06-06 21:07:16.0,99.0140795167594
2021-06-06 21:07:19.0,99.01588846183535
2021-06-06 21:07:22.0,99.01700171119423
2021-06-06 21:07:25.0,99.01803013946684
2021-06-06 21:07:28.0,99.01905398238652
2021-06-06 21:07:31.0,99.02188288068531
2021-06-06 21:07:34.0,99.0239928616823
2021-06-06 21:07:37.0,99.02502600673651
2021-06-06 21:07:40.0,99.0260530171872
2021-06-06 21:07:43.0,99.02707750920902
2021-06-06 21:07:46.0,99.02971438364816
2021-06-06 21:07:49.0,99.02704276562817
2021-06-06 21:07:52.0,99.02821794481605
2021-06-06 21:07:55.0,99.02921094323465
2021-06-06 21:07:58.0,99.03020217348157
2021-06-06 21:08:01.0,99.03306123766883
2021-06-06 21:08:04.0,99.03520535787254
2021-06-06 21:08:07.0,99.03611490308171
2021-06-06 21:08:10.0,99.03710730845123
2021-06-06 21:08:13.0,99.03809567062582
2021-06-06 21:08:16.0,99.04076913911867
2021-06-06 21:08:19.0,99.04260743812618
2021-06-06 21:08:22.0,99.04389941183996
2021-06-06 21:08:25.0,99.04489105296308
2021-06-06 21:08:28.0,99.04587866971949
2021-06-06 21:08:31.0,99.04872986168797
2021-06-06 21:08:34.0,99.05099775442636
2021-06-06 21:08:38.0,99.05189113589013
2021-06-06 21:08:41.0,99.05287823992518
2021-06-06 21:08:44.0,99.054510150978
2021-06-06 21:08:47.0,99.05649390939233
2021-06-06 21:08:50.0,99.05841177586542
2021-06-06 21:08:53.0,99.05949948361
2021-06-06 21:08:56.0,99.06048125962194
2021-06-06 21:08:59.0,99.06226170793036
2021-06-06 21:09:02.0,99.06414281208384
2021-06-06 21:09:05.0,99.06587078860176
2021-06-06 21:09:08.0,99.06648879114782
2021-06-06 21:09:11.0,99.06746523893374
2021-06-06 21:09:14.0,99.06917267762609
2021-06-06 21:09:17.0,99.07110144900464
2021-06-06 21:09:20.0,99.07314759778785
2021-06-06 21:09:23.0,99.07415208787201
2021-06-06 21:09:26.0,99.07512348330792
2021-06-06 21:09:29.0,99.0768387095549
2021-06-06 21:09:32.0,99.07885260719014
2021-06-06 21:09:35.0,99.08066902470541
2021-06-06 21:09:38.0,99.08162048780554
2021-06-06 21:09:41.0,99.0825827633463
2021-06-06 21:09:44.0,99.08429314147624
2021-06-06 21:09:47.0,99.08605925862187
2021-06-06 21:09:50.0,99.08744139336632
2021-06-06 21:09:53.0,99.08846899446362
2021-06-06 21:09:56.0,99.08942865053382
2021-06-06 21:09:59.0,99.09089520359163
2021-06-06 21:10:02.0,99.09261484525554
2021-06-06 21:10:05.0,99.09423543783905
2021-06-06 21:10:08.0,99.0950972879769
2021-06-06 21:10:11.0,99.09604715806847
2021-06-06 21:10:14.0,99.09761229876904
2021-06-06 21:10:17.0,99.09942987436321
2021-06-06 21:10:20.0,99.10120619759326
2021-06-06 21:10:23.0,99.10213449985956
2021-06-06 21:10:26.0,99.10307407288572
2021-06-06 21:10:29.0,99.10461318432039
2021-06-06 21:10:32.0,99.10657055817853
2021-06-06 21:10:35.0,99.10824514775862
2021-06-06 21:10:38.0,99.10917702238525
2021-06-06 21:10:41.0,99.11011294220069
2021-06-06 21:10:44.0,99.11155189042424
2021-06-06 21:10:47.0,99.11341012323464
2021-06-06 21:10:50.0,99.11503289268676
2021-06-06 21:10:53.0,99.1160350616736
2021-06-06 21:10:56.0,99.11696365938823
2021-06-06 21:10:59.0,99.11839232366401
2021-06-06 21:11:02.0,99.12022291231474
2021-06-06 21:11:05.0,99.12163040165758
2021-06-06 21:11:08.0,99.12251819924396
2021-06-06 21:11:11.0,99.1234361493488
2021-06-06 21:11:14.0,99.12488799020483
2021-06-06 21:11:17.0,99.1267317480031
2021-06-06 21:11:20.0,99.12792098878516
2021-06-06 21:11:23.0,99.12885222251963
2021-06-06 21:11:26.0,99.12976126822312
2021-06-06 21:11:29.0,99.13101587149752
2021-06-06 21:11:32.0,99.13267084564873
2021-06-06 21:11:35.0,99.1330221207676
2021-06-06 21:11:38.0,99.1339459904079
2021-06-06 21:11:41.0,99.13484049486235
2021-06-06 21:11:44.0,99.13613971515164
2021-06-06 21:11:47.0,99.13777388355471
2021-06-06 21:11:50.0,99.13916315946045
2021-06-06 21:11:53.0,99.13993617730051
2021-06-06 21:11:56.0,99.1408229760513
2021-06-06 21:11:59.0,99.14208339677302
2021-06-06 21:12:02.0,99.1438799826408
2021-06-06 21:12:05.0,99.14534058037209
2021-06-06 21:12:08.0,99.146248958093
2021-06-06 21:12:11.0,99.14712266708584
2021-06-06 21:12:14.0,99.14934930175986
2021-06-06 21:12:17.0,99.15022024858217
2021-06-06 21:12:20.0,99.15161742473467
2021-06-06 21:12:23.0,99.15246808114672
2021-06-06 21:12:26.0,99.1533349633148
2021-06-06 21:12:29.0,99.15540504302393
2021-06-06 21:12:33.0,99.15626958483422
2021-06-06 21:12:36.0,99.15765879586704
2021-06-06 21:12:39.0,99.15855539605718
2021-06-06 21:12:42.0,99.15941189531874
2021-06-06 21:12:45.0,99.16131658924495
2021-06-06 21:12:48.0,99.16216874556046
2021-06-06 21:12:51.0,99.16325943496349
2021-06-06 21:12:54.0,99.16412327488388
2021-06-06 21:12:57.0,99.16497224861592
2021-06-06 21:13:00.0,99.16675995028797
2021-06-06 21:13:03.0,99.16774365603413
2021-06-06 21:13:06.0,99.16873322529776
2021-06-06 21:13:09.0,99.16928267283652
2021-06-06 21:13:12.0,99.1701212839686
2021-06-06 21:13:15.0,99.1716412705778
2021-06-06 21:13:18.0,99.17242621164257
2021-06-06 21:13:21.0,99.17320051053046
2021-06-06 21:13:24.0,99.17383713539881
2021-06-06 21:13:27.0,99.17466234149893
2021-06-06 21:13:30.0,99.17601951300479
2021-06-06 21:13:33.0,99.1766494242745
2021-06-06 21:13:36.0,99.17721820368007
2021-06-06 21:13:39.0,99.17741865977267
2021-06-06 21:13:42.0,99.17823212907355
2021-06-06 21:13:45.0,99.17918690119846
2021-06-06 21:13:48.0,99.17984066151297
2021-06-06 21:13:51.0,99.1799789407091
2021-06-06 21:13:54.0,99.18011923214046
2021-06-06 21:13:57.0,99.18092301068786
2021-06-06 21:14:00.0,99.18166042181467
2021-06-06 21:14:03.0,99.18211878566512
2021-06-06 21:14:06.0,99.18202728047144
2021-06-06 21:14:09.0,99.18240490796885
2021-06-06 21:14:12.0,99.18306773026639
2021-06-06 21:14:15.0,99.1833242508698
2021-06-06 21:14:18.0,99.18348313190937
2021-06-06 21:14:21.0,99.18297945244015
2021-06-06 21:14:24.0,99.1836319358041
2021-06-06 21:14:27.0,99.18428316071474
2021-06-06 21:14:30.0,99.18419169013629
2021-06-06 21:14:33.0,99.18423176914362
2021-06-06 21:14:36.0,99.18337347651887
2021-06-06 21:14:39.0,99.18401316071443
2021-06-06 21:14:42.0,99.18465184771514
2021-06-06 21:14:45.0,99.18427559685473
